#pragma once

// File: 'Geist-Regular.ttf' (111644 bytes)
// Exported using binary_to_compressed_c.cpp
static const unsigned int GeistRegular_compressed_size = 72670;
static const unsigned int GeistRegular_compressed_data[72672 / 4] =
{
    0x0000bc57, 0x00000000, 0x1cb40100, 0x00000400, 0x00010025, 0x82120000, 0x043a0804, 0x44472000, 0x21474645, 0x01002040, 0x0000f860, 0x50472801,
    0x015d534f, 0x01001526, 0x00002062, 0x53477e44, 0x924c4255, 0x0100582f, 0x0000a0a6, 0x534f4a0d, 0x043e322f, 0x2b82886f, 0x4582a820, 0x6d63603c,
    0x1a547061, 0x0000e0a7, 0x0000ec0e, 0x7663ee07, 0x5f232074, 0x00000811, 0x1f82c025, 0x7066a02c, 0x2f626d67, 0x00007f03, 0x2382dc16, 0x61670c24,
    0x17827073, 0x6f821020, 0x0782f020, 0x6c670838, 0x3ef66679, 0x0000031c, 0x0100d42c, 0x6568d811, 0xe62e6461, 0x5f8233f7, 0x1f822c20, 0x82683621,
    0x4a0c2310, 0x0f829e0c, 0x0f826420, 0x68242708, 0x1178746d, 0x00a69cbc, 0x00080200, 0x6ce40c00, 0xcd61636f, 0x000c15f5, 0x00602600, 0x6d740600,
    0x04707861, 0x3f830f97, 0x002ca382, 0x74656d20, 0xc3b36761, 0xb30100c2, 0x003c9f82, 0x6d616e2f, 0xc3fba865, 0x3e01002f, 0x050000ac, 0x736f7080,
    0x4c3ff074, 0x44010010, 0x1c2d6f82, 0x657270c1, 0x94be7e70, 0x2400000b, 0x226f82e8, 0x820100d6, 0x66012d05, 0x07ed84a8, 0x3c0f5fa6, 0x030f00f5,
    0x00241783, 0xe7a129e3, 0x002b1982, 0x05ab3fe4, 0x10ff38ff, 0x82032209, 0x0600244f, 0x85000200, 0x00012e00, 0xfeed0300, 0x090000d9, 0xfd38ff60,
    0x841f8244, 0x831c8537, 0x39032205, 0x28238300, 0x00720039, 0x005b0010, 0x24398205, 0x0057002a, 0x241b828d, 0x000c0e8d, 0x241d8204, 0x01450204,
    0x24198290, 0x028a0200, 0x20178258, 0x2507854b, 0x32005e01, 0x0f823e01, 0xa1270288, 0x50ff0200, 0x87fbe501, 0x52562910, 0xc0004c43, 0x02fb2000,
    0x03278385, 0x200601f4, 0x83970000, 0x1202231f, 0x0782c602, 0x04002022, 0x28245382, 0x14009c02, 0x9d2303a0, 0x82021300, 0xcc032103, 0xa8262b82,
    0xbf025c00, 0x03942d00, 0x1b82ba20, 0x14220385, 0x2b82ba02, 0x0f825b20, 0xc92003a3, 0x4e204f82, 0xbc202b82, 0x03970782, 0x1b82e820, 0x2382c920,
    0x1100c923, 0x27078202, 0x5c000e01, 0x5c004f03, 0x01230783, 0x82feff0e, 0x82042007, 0x825b2003, 0x820e2003, 0x82012003, 0x82222003, 0x02e92417,
    0x88430055, 0x82802003, 0x2003873f, 0x8d0b8244, 0x03142203, 0x2013826d, 0x200396e7, 0x9e7f82e3, 0x40042103, 0x8a202382, 0x6c203f82, 0xdd200382,
    0xa0200b82, 0x038b0782, 0x37008023, 0x20039302, 0x232782b4, 0x020c0028, 0xb123038f, 0xa7024d00, 0x009b2603, 0x00b10314, 0x27038f26, 0x0f005e02,
    0xfaff4002, 0x20230394, 0x8a021c00, 0xb0002103, 0x4420b382, 0xa620ff86, 0x038a0782, 0x00aa0123, 0x21039f2d, 0x3f82b202, 0x9c240393, 0xbf021400,
    0x0b421b82, 0x82bc2007, 0xff0e284b, 0x000e01fd, 0x82e30258, 0x83e38217, 0x82a384b7, 0x8367878f, 0x46042b4f, 0x5b041400, 0x27024d00, 0x03a72c00,
    0x82970321, 0x0053242b, 0x82220250, 0x20039307, 0x20178253, 0x22238496, 0x823d022c, 0xa9312007, 0x8b012503, 0x52023c00, 0x03972f82, 0x1b827020,
    0x7b824520, 0x0a00452a, 0xf1ff4502, 0x4e00f400, 0x50200382, 0x0f830385, 0x86f7ff21, 0x00012413, 0x82f4fff4, 0x8214200b, 0x01dc2807, 0x014e00ee,
    0x8bfbff04, 0x4e022103, 0x4e224782, 0x0783f1ff, 0x000b0123, 0x20038450, 0x2407863e, 0x0306000b, 0x2167846d, 0x6f850250, 0xd783078d, 0x0321039e,
    0x20ab82be, 0x85438253, 0x012c2203, 0x855b827b, 0x823b2003, 0x0235220b, 0x931f820c, 0x824b2003, 0x00882827, 0x00880137, 0x848f0135, 0x220b8307,
    0x823f0237, 0x2403a74b, 0x03160018, 0x27039133, 0x2f004902, 0x16001902, 0x25230394, 0x8a023900, 0xf2002103, 0x0b228782, 0xff844d00, 0x27002e23,
    0x2003a702, 0x21f78453, 0x07a2022c, 0x000c0123, 0x2003845c, 0x20078440, 0x220b8241, 0x42270213, 0x37420657, 0x00522a07, 0x00f4002c, 0xfff4004b,
    0x2b0785f0, 0xee011400, 0x04014b00, 0x3d02fbff, 0x3f222b82, 0xeb835000, 0xbf83d384, 0x7b83a783, 0x3c00ab24, 0x03826f02, 0x03828220, 0x3700b529,
    0x28009101, 0x4500a301, 0x94240593, 0xa8025c00, 0x77820382, 0x03820220, 0x82f90121, 0x0075270b, 0x00240348, 0x53450232, 0x9f03250a, 0x8d020f00,
    0xe2231382, 0x87025700, 0x827e2003, 0x2403832b, 0x034300fd, 0x200b826d, 0x240382c9, 0x022d00e3, 0x200782bf, 0x2a03828a, 0x022900b9, 0x02000036,
    0x8314001c, 0x3f032103, 0x5e241b82, 0x02030f00, 0x8c281b82, 0x96032800, 0xd9035c00, 0x2f830b82, 0x0b829420, 0x3f845720, 0x65044826, 0x45044300,
    0x803c0b82, 0xe1023700, 0xd9023900, 0x12012d00, 0x0e016000, 0x55020a00, 0xfe024300, 0xda030c00, 0xa6221f82, 0x0b833e00, 0x82ea0221, 0x82aa2007,
    0x247b839f, 0x031400d2, 0x22ab84be, 0x82ee025c, 0xff402623, 0x007f02fa, 0x22bb8203, 0x82c1020f, 0x458c20f3, 0x022105cb, 0x838b82c9, 0x823383c7,
    0x0b73449f, 0x0123f783, 0x83fdff0e, 0x27022513, 0x51022c00, 0x50242b82, 0xe5015000, 0xaf280386, 0x16025000, 0xb1023c00, 0xd3434f82, 0x5c03290a,
    0x17022f00, 0x3d023200, 0x03871f82, 0x02203782, 0xa3200383, 0xce202f82, 0x42201782, 0x2c221b84, 0x0f434302, 0x82222006, 0x422e205f, 0x81200a8b,
    0x49200f82, 0x8e200f82, 0x59241f82, 0x1a035000, 0x60200382, 0x2f830b82, 0x0f854420, 0x00850225, 0x82f3033c, 0x82922003, 0x820c2017, 0x8535202f,
    0xf4003103, 0xf4004e00, 0x0401f7ff, 0x4502fbff, 0x0e030a00, 0x4d201f82, 0x68200382, 0xa6207b82, 0xc2200382, 0x3d205782, 0x4b242b82, 0x62031600,
    0x58200b82, 0x43831b82, 0x16001823, 0x20038302, 0x20138268, 0x05eb4398, 0x000c0124, 0xdb83025c, 0x4024c783, 0x19022900, 0x4f422382, 0x42178207,
    0xff2b057f, 0x009c02f0, 0x00db0214, 0x823a022d, 0x008f2207, 0x2aeb8237, 0x00970228, 0x00800132, 0x826b0228, 0x00652873, 0x00670232, 0x8272021e,
    0x8270200b, 0x820c2003, 0x825c2027, 0x230b821b, 0x2c003a03, 0x3c2003a4, 0x03a22782, 0x8a247784, 0x58020c00, 0x58225f82, 0x07827500, 0x03823b20,
    0x03822a20, 0x03821d20, 0x03823a20, 0x62023822, 0x1a201b84, 0x01280b83, 0x00280088, 0x011400f2, 0x01218f82, 0x2807824c, 0x010a004a, 0x01280059,
    0x20038272, 0x220f822c, 0x841e005e, 0x2927a60b, 0x38ffaa00, 0x14002003, 0x03821003, 0x67825220, 0x0782dc20, 0x03820e20, 0x03821d20, 0x03822220,
    0x03825420, 0x28006124, 0x5b821603, 0xa3a753a6, 0x00fa0037, 0x00fa0000, 0x00600900, 0x0008073e, 0x00b0043e, 0x00c9003e, 0x2303832c, 0x5c002901,
    0x02210383, 0x230f823b, 0x003200d5, 0x02230382, 0x832c002f, 0x241f8403, 0x012c0038, 0x200382ae, 0x2403826e, 0x01f6ffde, 0x28ff82e0, 0x002800c7,
    0x00110093, 0x201382d8, 0x823f8238, 0x50022103, 0x0f823f82, 0x3f881383, 0x67830f83, 0xfcff7828, 0x2200c400, 0x5782a301, 0x2c004f24, 0x07828b03,
    0x07822d20, 0x3f825120, 0x2d001228, 0x0f001201, 0x07828501, 0x07828520, 0x4f825b20, 0x07825b20, 0x1b826020, 0x6a200383, 0x03830782, 0x07828620,
    0x02210382, 0x823b8207, 0x87012103, 0x038b0f82, 0x0f826120, 0xb3840382, 0x7020ab83, 0x03824f82, 0x00cb0023, 0x2103832d, 0x37821502, 0x27001924,
    0x27824b01, 0x5a200383, 0xb2201782, 0xff282382, 0x8a023c00, 0xb0045c00, 0x41051b41, 0x03200723, 0x2d065342, 0x08005802, 0x2d008a03, 0x28006c02,
    0x07825402, 0x37002522, 0x2d221b82, 0x0b827b02, 0x03210382, 0x20af827e, 0x24fb8294, 0x012800d3, 0x2003824d, 0x820f8208, 0x48022303, 0x03835c00,
    0x82820421, 0x00582407, 0x8250034f, 0x0058242f, 0x82220234, 0x25978287, 0x37007502, 0x0382d702, 0x03829920, 0x5b82ca20, 0x5c00a824, 0x2b820503,
    0x0f826320, 0xfaff4024, 0x13822e02, 0x4f820820, 0x0782f620, 0x038a1c20, 0x32002024, 0x0f822002, 0x1a200787, 0x0b200b82, 0x01210385, 0x242f82f4,
    0x032800aa, 0x3407823b, 0x0200007a, 0x02140089, 0x020c004e, 0x021c0014, 0x02160094, 0x0607460e, 0x04218382, 0x200b8292, 0x249382c8, 0x032d006d,
    0x20078220, 0x8303826e, 0x8407820f, 0x2117820f, 0x13860c04, 0x07828b20, 0x03869f20, 0x07828f20, 0x96200383, 0x03870782, 0x0b859b20, 0x001c0324,
    0x0b830114, 0x0f825520, 0x0382fe20, 0x0f8f0782, 0x00420325, 0x829c012d, 0x894c2073, 0x13022103, 0x5b2f0b82, 0x36031400, 0x27035c00, 0x3703faff,
    0x8e031500, 0x0000230f, 0x03962c00, 0x17963220, 0x7c202f97, 0x14202f82, 0x28200382, 0x0f830386, 0x33840b87, 0x005e0125, 0x82b0002c, 0x85f82003,
    0x7b012103, 0x20068342, 0x2007826a, 0x2003826f, 0x20038210, 0x20038293, 0x20038264, 0x2003823d, 0x2003820b, 0x202b826c, 0x2c0382b8, 0x003300ce,
    0x002800fa, 0x032f00b7, 0x059b443a, 0x02246782, 0x03000000, 0x03227784, 0x07840100, 0xda070422, 0xf6080782, 0x008000f0, 0x00700006, 0x0039002f,
    0x01ac007e, 0x012b0113, 0x013e0137, 0x014d0148, 0x018f017e, 0x01ce0192, 0x021b02e9, 0x02590237, 0x02bc02b9, 0x03dd02c8, 0x03080304, 0x0312030c,
    0x03380328, 0x03a9039b, 0x04c003bb, 0x0423041a, 0x0443043a, 0x0463045f, 0x0475046b, 0x04970493, 0x04a3049b, 0x04b704b3, 0x04c004bb, 0x04d904cf,
    0x04e904e3, 0x1e3f0eef, 0x1e851e21, 0x1ebd1e9e, 0x20f91ef3, 0x201a2014, 0x2022201e, 0x20302026, 0x203a2033, 0x20702044, 0x20892079, 0x20ac20aa,
    0x20b920b4, 0x210721bd, 0x21222117, 0x215e2155, 0x219d2199, 0x21b121aa, 0x21e521b5, 0x220222e7, 0x220f2206, 0x221a2212, 0x222b221e, 0x22602248,
    0x24ce2365, 0x2468240c, 0x25ff24ea, 0x25b725b3, 0x25c125bd, 0x26cf25cc, 0x307e273a, 0x30113003, 0xa71c3017, 0xfbfff88c, 0x82ffff02, 0x002034f9,
    0x003a0030, 0x01ae00a0, 0x012e0116, 0x01410139, 0x8450014a, 0x01cd24f1, 0x881802e4, 0x02c628f1, 0x030003d8, 0x820a0306, 0x032622f1, 0x3cf18835,
    0x041b0400, 0x043b0424, 0x04620444, 0x0472046a, 0x04960490, 0x04a2049a, 0x04b604ae, 0x26f184ba, 0x04e204d8, 0x82ee04e8, 0x1e2022f1, 0x2cf18280,
    0x1ef21ebc, 0x201320f8, 0x201c2018, 0x22f18420, 0x84392032, 0x207422f1, 0x20f18c80, 0x24f18216, 0x215b2153, 0x26f18290, 0x21b021a9, 0x88e421b3,
    0x8a1120f1, 0x826420f1, 0x240b22f1, 0x28f18460, 0x25b625b2, 0x25c025bc, 0x22f182ca, 0x82762739, 0x300822f1, 0x20f18214, 0x20f1828b, 0x21f18301,
    0xf582cc01, 0xfe23028e, 0x850e0193, 0xaefe2712, 0x7c0073fe, 0x0d857800, 0x05300584, 0xe7ff0000, 0x4ffe5cfe, 0x3afe3efe, 0x5dfd0000, 0x86200382,
    0x04901984, 0xfde4fc23, 0x2114871e, 0x098362f4, 0x83c4e121, 0x00002305, 0x078669e2, 0xaee23c2a, 0x63e280e2, 0xdfe1f6e1, 0xc5340182, 0x13e219e2,
    0x09e20ce2, 0xf4e004e2, 0x8ee10000, 0xe6e00000, 0x4c300782, 0x3ee143e1, 0x06e13de1, 0xd9e00ce1, 0xc9e0d1e0, 0xc0341782, 0xabe0b7e0, 0x6be089e0,
    0xecde0000, 0xb1dd0000, 0x07dd26dd, 0x05835585, 0xdc2fdd27, 0xd291da6d, 0x3f0b8367, 0x000063d2, 0x6006a909, 0xf0000100, 0x0c010000, 0xac019401,
    0xa0027602, 0xbc02b202, 0xd002ca02, 0x03252383, 0x032a0328, 0x83098334, 0x32032d03, 0x40033603, 0x4c034803, 0x4e030000, 0x03851183, 0x82480321,
    0x827a200f, 0x03a43403, 0x03dc03da, 0x03e403de, 0x03ec03ea, 0x03f003ee, 0x83fc03fa, 0x22078323, 0x8204fe03, 0x00042b0a, 0x00000204, 0x0c040a04,
    0x07820e04, 0x12040e25, 0x9a001604, 0xfe032400, 0x82030000, 0x8f3b8303, 0x21138b26, 0x2782f803, 0x23830382, 0x03f40325, 0x87f803f6, 0x2211847b,
    0x830a04f8, 0x0c0b836d, 0x02000085, 0x02630259, 0x026b029e, 0x02dd02be, 0x029f02aa, 0x02810280, 0x02c60269, 0x027b025f, 0x026c025e, 0x02610260,
    0x02ca02cd, 0x026502cc, 0x000100a9, 0x000e000d, 0x00180014, 0x00240023, 0x002f002c, 0x003c0039, 0x0044003f, 0x004b0045, 0x00570055, 0x005c0058,
    0x00680063, 0x00740073, 0x007a0079, 0x02840280, 0x0285026d, 0x037e02d4, 0x00ab0027, 0x00b800b7, 0x00c200be, 0x00ce00cd, 0x00d900d6, 0x00e800e4,
    0x00f000eb, 0x01f700f1, 0x01030101, 0x01080104, 0x0114010f, 0x0120011f, 0x01260125, 0x0282022c, 0x028302b4, 0x025a02d2, 0x02bc0264, 0x02bd02c4,
    0x02b502c5, 0x022503ac, 0x026401ad, 0x02d3029a, 0x022f03ae, 0x02d002b1, 0x03520251, 0x02dc0228, 0x036702ab, 0x01500230, 0x029b0265, 0x023b023e,
    0x0066023f, 0x00020007, 0x000b0005, 0x000a0006, 0x0011000c, 0x0019001e, 0x001c001b, 0x00310035, 0x00330032, 0x00490017, 0x004c004f, 0x0053004d,
    0x00c8024e, 0x006d0052, 0x006b0069, 0x007b006c, 0x000e0156, 0x00ac00b1, 0x00b500af, 0x00b400b0, 0x00bb00b6, 0x00c300c8, 0x00c600c5, 0x00db00df,
    0x00dd00dc, 0x00f500c1, 0x00f800fb, 0x00ff00f9, 0x00c902fa, 0x011901fe, 0x01170115, 0x01270118, 0x00290102, 0x00b20008, 0x00ad0003, 0x00b30009,
    0x00b9000f, 0x00bc0012, 0x00bd0013, 0x00ba0010, 0x00bf0015, 0x00c00016, 0x00c9001f, 0x00c7001d, 0x00ca0020, 0x00c4001a, 0x00d10027, 0x00cf0025,
    0x00d30029, 0x00d20028, 0x00d8002e, 0x00d7002d, 0x00e20038, 0x00e00036, 0x00e10037, 0x00da0034, 0x00e30030, 0x00e7003b, 0x00ea003e, 0x00ec0040,
    0x00ee0042, 0x00ed0041, 0x00ef0043, 0x00f20046, 0x00f40048, 0x00f30047, 0x00f6004a, 0x00fd0051, 0x00fc0050, 0x00000154, 0x00050159, 0x0007015b,
    0x0006015a, 0x0009015d, 0x000c0160, 0x000b015f, 0x000a015e, 0x00120166, 0x00110165, 0x00100164, 0x001e0172, 0x001b016f, 0x0016016a, 0x001d0171,
    0x001a016e, 0x001c0170, 0x00220176, 0x0028017c, 0x0181007d, 0x0183002d, 0x0182002f, 0x0004002e, 0x002b00ae, 0x002600d5, 0x003d00d0, 0x016100e9,
    0x0167000d, 0x032a0313, 0x0336032b, 0x0326032c, 0x0331032d, 0x0329032e, 0x030e030d, 0x03150311, 0x03130316, 0x030b030c, 0x030f0314, 0x03180312,
    0x011b031a, 0x0170016f, 0x016a0197, 0x018e018f, 0x01920191, 0x018c0193, 0x0194018d, 0x01750177, 0x01880181, 0x01670166, 0x01690168, 0x016e016d,
    0x01720171, 0x01740173, 0x01820176, 0x01840183, 0x01860185, 0x018b0187, 0x0189018a, 0x01950190, 0x01af0196, 0x01b101b0, 0x01b601b2, 0x01ba01b7,
    0x01bc01bb, 0x01bf01bd, 0x01cc01cb, 0x01ce01cd, 0x01d001cf, 0x01d301d4, 0x01d901d2, 0x01df01de, 0x01b901b8, 0x01b301e0, 0x01d701d8, 0x01db01da,
    0x01d501dc, 0x01dd01d6, 0x01be01c0, 0x01d101ca, 0x01e10198, 0x01e20199, 0x01e3019a, 0x01e4019b, 0x01b4016b, 0x01b5016c, 0x01e5019c, 0x01e6019d,
    0x01e7019e, 0x01e8019f, 0x01e901a0, 0x01ea01a1, 0x01eb01a2, 0x01ec01a3, 0x01ee01a5, 0x01ef01a6, 0x01f001a7, 0x00f101a8, 0x00d4002a, 0x00240178,
    0x00210175, 0x00230177, 0x00cb0021, 0x002a017e, 0x022b017f, 0x02990298, 0x02960294, 0x02950297, 0x02b702b6, 0x02b80268, 0x023c02af, 0x0240023d,
    0x02df02e5, 0x02e302e1, 0x02e802e7, 0x02e002e6, 0x02e402e2, 0x02c702d9, 0x02ce02cf, 0x03b902bb, 0x03060302, 0x03070303, 0x03080304, 0x03090305,
    0x03ff0201, 0x02860200, 0x028c0287, 0x028a028d, 0x0290028b, 0x02880291, 0x028e0289, 0x0292028f, 0x01840093, 0xb0000030, 0xb0202c00, 0x45585500,
    0x4b202059, 0x510e00b8, 0x5306b04b, 0x34b0585a, 0x5928b01b, 0x8a206660, 0x02b05855, 0x08b96125, 0x63000800, 0x1b622363, 0x00b02121, 0x4300b059,
    0x00b24423, 0x60430001, 0x01b02d42, 0x6020b02c, 0x02b02d66, 0x2321232c, 0x03b02d21, 0xb364202c, 0x00151403, 0x13b04342, 0x60602043, 0x1402b142,
    0x25b14243, 0x02b04303, 0x20785443, 0x82230cb0, 0x61432a08, 0x5004b064, 0x0202b278, 0x24468202, 0x1c6521b0, 0x26158321, 0x01150eb2, 0x82201c42,
    0x4223250a, 0x130113b2, 0x23291b82, 0x585000b0, 0x16b25965, 0x2a298301, 0x2c04b02d, 0xb02b03b0, 0x83584315, 0x16b0236f, 0x20864343, 0x64201b3e,
    0x50c0b020, 0x5a2604b0, 0x0d0128b2, 0x45634543, 0x584506b0, 0x2503b021, 0x585b5259, 0x1b269c82, 0xb020588a, 0x12825050, 0x1b594025, 0x8338b020,
    0x59382409, 0x85b12059, 0x2091822d, 0x86128228, 0xb020220d, 0x210c8230, 0x298330b0, 0x5850c02e, 0x8a206620, 0xb020618a, 0x6058500a, 0x20203b82,
    0x0a201b83, 0x36200983, 0x36350983, 0x59601b60, 0xb01b5959, 0x0cb02502, 0x00b06343, 0x00b05852, 0x202c834b, 0x230f8221, 0x1eb04b1b, 0x1e262583,
    0x10b8614b, 0x11826300, 0x05b8632f, 0x59596200, 0xb0596164, 0x59592b01, 0x22e28523, 0x82642059, 0x42232dcf, 0x05b02d59, 0x2045202c, 0x612504b0,
    0x072ed382, 0xb0585043, 0xb0422307, 0x1b422308, 0x32822121, 0xb02d6024, 0xfe842c06, 0x202b0328, 0x6207b164, 0x1c832042, 0x1b20ee83, 0x0583be85,
    0x6005b028, 0x05b06345, 0x1c82212a, 0x8a204324, 0x6b828a20, 0x0530b138, 0x2604b025, 0x50605851, 0x5952611b, 0x21592358, 0x40b02059, 0x1b825853,
    0xb0211b23, 0x2a8a8740, 0x2c07b02d, 0x2b4309b0, 0x410200b2, 0x082005e6, 0x233a0e82, 0xb0202342, 0x61422300, 0x666202b0, 0xb06301b0, 0x07b06001,
    0x09b02d2a, 0xad83202c, 0x63430e26, 0x620004b8, 0xaf822282, 0x59604022, 0x60212283, 0x2c248244, 0x2c0ab02d, 0x000e09b2, 0x2a424543, 0x08384221,
    0x422c0b21, 0x0c200d48, 0x01224585, 0x1782232b, 0x6032fa82, 0x238a4520, 0x20642061, 0x585020b0, 0x1b00b021, 0x578230b0, 0x821b2021, 0x25a587a4,
    0x232503b0, 0x62854461, 0x3e960d20, 0x8224b021, 0x883c8235, 0x21348bda, 0xd0842c0e, 0x0c0db325, 0x82450300, 0x231b3565, 0x212a5921, 0x2c0fb02d,
    0x450202b1, 0x446164b0, 0x2c10b02d, 0x2029c282, 0x430fb020, 0x5000b04a, 0x24088258, 0xb0594223, 0x200d8310, 0x200d8252, 0x220d8210, 0x8211b02d,
    0x62102148, 0x2024f183, 0x630004b8, 0x2708b882, 0x604311b0, 0x20608a20, 0x422311b0, 0x12b02d23, 0x58544b2c, 0x446404b1, 0x0db02459, 0x2d782365,
    0x4b2c13b0, 0x534b5851, 0x1b211485, 0x20178221, 0x3c178413, 0x00b12c14, 0x58554312, 0x431212b1, 0x426101b0, 0x592b11b0, 0xb04300b0, 0xb1422502,
    0x2004830f, 0x24048210, 0x231601b0, 0x2dc98220, 0x01b15850, 0xb0604300, 0x8a422504, 0x7683208a, 0x212a1023, 0x87368223, 0x851b200b, 0x2332831f,
    0xb0612502, 0x59201d82, 0x4720c982, 0x4723bf82, 0x4102b060, 0x20210dac, 0x14c241b0, 0x00b14108, 0x44231300, 0xb04301b0, 0x01b23e00, 0x60430101,
    0x15b02d42, 0x00b1002c, 0x58544502, 0x422312b0, 0x0eb04520, 0x0db04223, 0x6005b023, 0xb7602042, 0x00011818, 0x00130011, 0x8a424242, 0x14b02060,
    0x012e1b82, 0x0814b161, 0x2b8bb02b, 0x2d59221b, 0xe38216b0, 0x2d2b1527, 0xb12c17b0, 0x23078301, 0x02b12c18, 0x19230783, 0x8303b12c, 0x2c1a2307,
    0x078304b1, 0xb12c1b23, 0x23078305, 0x06b12c1c, 0x1d230783, 0x8307b12c, 0x2c1e2307, 0x078308b1, 0xb12c1f23, 0x24078309, 0x20232c2b, 0x057f41b0,
    0x6006b02e, 0x2358544b, 0x01b02e20, 0x21211b5d, 0x2c206c82, 0x16201c8a, 0x71201c88, 0x2d201c85, 0x26201c8a, 0x72201c88, 0x20251c85, 0x0fb0002c,
    0x23e7982b, 0xb56101b0, 0xe783ea85, 0x2120df8b, 0x2020df82, 0x2220df82, 0x0783df82, 0xdf822320, 0x24200783, 0x0783df82, 0xdf822520, 0x26200783,
    0x0783df82, 0xdf822720, 0x28200783, 0x0783df82, 0xdf822920, 0x2a200783, 0x0783df82, 0x202c2e32, 0x6001b03c, 0x2c2fb02d, 0x18b06020, 0x23432060,
    0x43240e82, 0x612502b0, 0xb0350782, 0x2d212a2e, 0xb02c30b0, 0x2fb02b2f, 0x31b02d2a, 0x4720202c, 0x16cd4120, 0x38612327, 0x558a2023, 0x25219c58,
    0x2d59211b, 0xe24132b0, 0x0eb13407, 0xb0424506, 0x31b01601, 0x0105b12a, 0x30584515, 0x82221b59, 0x41332020, 0x23970a1e, 0x202c3423, 0x20b98435,
    0x854d8235, 0x44452047, 0xb0221126, 0x7b422b01, 0x23178314, 0x00b41600, 0x44270083, 0xb138233e, 0x83150134, 0x2c3623eb, 0xc0823c20, 0x602f3394,
    0x614300b0, 0x37b02d38, 0x3c172e2c, 0x9f38b02d, 0x01b0232a, 0x2e826343, 0x2c393308, 0x160002b1, 0x202e2025, 0x2300b047, 0x2502b042, 0x478a8a49,
    0x61234723, 0x1b625820, 0x01b05921, 0x38b24223, 0x14150101, 0x3ab02d2a, 0x1600b02c, 0x268217b0, 0xb0250424, 0x26842504, 0x000cb12f, 0x430bb042,
    0x2e8a652b, 0x3c202023, 0x2053828a, 0x21268d3b, 0x28842e20, 0x06b02024, 0x2d874223, 0x60b0203e, 0xb0205850, 0xb3585140, 0x20052004, 0x2604b31b,
    0x42591a05, 0xb0202342, 0x8a20430a, 0x81827f82, 0x60462325, 0x434306b0, 0x60240fae, 0x2b01b020, 0x30059546, 0x64604304, 0x4305b023, 0x58506461,
    0x614304b0, 0x240b821b, 0x03b05960, 0x20338f25, 0x289a8261, 0x232604b0, 0x1b386146, 0x20618223, 0x82e78246, 0x82978406, 0x8264924f, 0x2b012288,
    0x207e8223, 0x236d8260, 0x612505b0, 0x558f0382, 0x61245182, 0x2504b020, 0x03208483, 0x49450582, 0x236b8906, 0x3cb02d59, 0x25070b41, 0xb0202020,
    0x0b412605, 0x3c232506, 0x3db02d38, 0xb0231a88, 0x8242230a, 0x2346221f, 0x216c8247, 0x1b826123, 0x42413e20, 0x41cc8308, 0xb0290569, 0x2e585400,
    0x21233c20, 0x20bd831b, 0x82148502, 0x088a4154, 0x2506b022, 0x4920a582, 0x410bbb48, 0x794205c4, 0x23602111, 0x2106ad41, 0xa4822123, 0x898a3f20,
    0xa2864320, 0xb0602025, 0x8f666020, 0x07e241f2, 0x232c4025, 0x82462e20, 0xb0463569, 0x50584317, 0x5859521b, 0x2e593c20, 0x140130b1, 0x41b02d2b,
    0x52221d8c, 0x1d8c501b, 0x1d8c4220, 0x4f8b3b87, 0x4324318f, 0x2b3ab02c, 0x442e709b, 0x2b3bb02c, 0x3c20208a, 0x422306b0, 0x2a99388a, 0x4306b025,
    0x8230b02e, 0x844520a2, 0x250424f2, 0x412604b0, 0x61240579, 0x42230cb0, 0x2205a942, 0x82430bb0, 0x203c246d, 0x8638232e, 0x2c462ad0, 0x25040ab1,
    0x1600b042, 0x203283b0, 0x2dd24225, 0xc5424720, 0x02b02447, 0x82614625, 0x233c26dd, 0x20211b38, 0x082f4220, 0x86592121, 0x2c4725a7, 0x2b3a00b1,
    0x20078641, 0x230d8248, 0x23212b3b, 0x86061741, 0x080241cd, 0xb02c4924, 0xf6431500, 0x00b22d05, 0x14150101, 0x36b02e13, 0x4ab02d2a, 0x4b281796,
    0x0100b12c, 0x37b01314, 0x4c232382, 0x8239b02c, 0x824d2006, 0x4516292a, 0x202e2023, 0x61238a46, 0x30072d41, 0x0ab02c4e, 0x4db04223, 0x4fb02d2b,
    0x0000b22c, 0x20088246, 0x20088250, 0x23088301, 0x01b22c51, 0x52201184, 0x11840882, 0x1a825320, 0x82470021, 0x82542023, 0x83012008, 0x82552008,
    0x2011841a, 0x84088256, 0x2c572611, 0x000000b3, 0x20248243, 0x20098258, 0x23098401, 0x01b32c59, 0x5a201385, 0x13850982, 0x1d825b20, 0x43010022,
    0x5c202782, 0x01200982, 0x5d200984, 0x13851d82, 0x09825e20, 0x5f201385, 0x00216a82, 0x20268245, 0x20088260, 0x20088301, 0x846a8261, 0x82622011,
    0x20118408, 0x211a8263, 0x23824800, 0x08826420, 0x08830120, 0x1a826520, 0x66201184, 0x11840882, 0x97846720, 0x24824420, 0x97846820, 0x69200983,
    0x09839784, 0x97846a20, 0x6b200983, 0x09839784, 0x97846c20, 0x6d200983, 0x09839784, 0x97846e20, 0x6f240983, 0x3c00b12c, 0x2008c041, 0x210d8470,
    0x5e8240b0, 0x0a857120, 0x0a824120, 0xb02c7224, 0x26831600, 0x8242b021, 0x2c73250d, 0x2b3c01b1, 0x74202384, 0x23830a85, 0x23847520, 0x23831883,
    0x3c827620, 0x55883d20, 0x0d847720, 0x78203184, 0x41200a85, 0x79204782, 0x2e830a85, 0x47827a20, 0x52853d20, 0x0a857b20, 0x7c202083, 0x20830a85,
    0x2b827d20, 0x4f883e20, 0x0d847e20, 0x7f204f84, 0x2e830a85, 0x0a858020, 0x5a824220, 0x39828120, 0x4f853e20, 0x0a858220, 0x83202083, 0x20830a85,
    0x2b828420, 0x4f883f20, 0x0d848520, 0x86204f84, 0x41200a85, 0x87204482, 0x2e830a85, 0x39828820, 0x4f853f20, 0x0a858920, 0x8a202083, 0x20830a85,
    0x2c8b2108, 0x03000bb2, 0xb0585045, 0x04b21b06, 0x58450302, 0x211b2123, 0x2b425959, 0xb06508b0, 0x78502403, 0x2e07d047, 0xb84b002d, 0x5852c800,
    0x8e0101b1, 0x4d01b059, 0x702d05f2, 0x420700b1, 0x3d0000b6, 0x0005212e, 0x2d0c832a, 0x044a0c40, 0x08320442, 0x07180626, 0x12860a05, 0x46024e29,
    0x2c063a02, 0x84051f04, 0x420c3012, 0x10c012be, 0x09c00cc0, 0x004006c0, 0x820b0005, 0x42112426, 0x884000be, 0x2f138301, 0x000300b9, 0x24b14400,
    0x58518801, 0x588840b0, 0x64230f83, 0x8328b144, 0x08b8220f, 0x25108500, 0x1b594400, 0x128327b1, 0x8008ba29, 0x40040100, 0x84546388, 0x20188229,
    0x08008259, 0x4c0c4021, 0x34024402, 0x1a042806, 0x2a0e0505, 0x85ff01b8, 0xb18d04b0, 0xb3440002, 0x00066405, 0xad004444, 0x00583c00, 0x00500058,
    0x00c60250, 0x00120200, 0x026aff00, 0x02f0ffd6, 0xfff4ff1e, 0x8518006a, 0xd6022301, 0x1b83c602, 0x31820787, 0x19843389, 0xc6203582, 0xc6203582,
    0x422e3786, 0x3c004200, 0x20013c00, 0x27019cff, 0x0d8294ff, 0x02270f84, 0x024301c6, 0x823b01ce, 0x46b00ca0, 0x98008600, 0xbc00aa00, 0xe000ce00,
    0x0401f200, 0x22011001, 0x92013401, 0x7002f401, 0x94028202, 0xb202a002, 0x0403c402, 0x26031603, 0x78033603, 0x9c038a03, 0xc003ae03, 0xe403d203,
    0x0204f603, 0x8e041404, 0x5c05ca04, 0x80056e05, 0x9e059205, 0xc205b005, 0x9e066206, 0xc206b006, 0xf206e606, 0x16070407, 0x3a072807, 0x5e074c07,
    0x7c076a07, 0xd607c407, 0x2408e807, 0x42083608, 0x80086e08, 0x98088c08, 0xe608aa08, 0x2e091c09, 0x4c094009, 0xaa095e09, 0x1e0a0c0a, 0x420a300a,
    0x6e0a540a, 0x8c0a800a, 0x4a0b9e0a, 0xdc0b8e0b, 0xc80c6c0c, 0xec0cda0c, 0x880df80c, 0xac0d9a0d, 0xca0db80d, 0x360ed60d, 0x720e660e, 0x900e840e,
    0xde0e9c0e, 0x020ff00e, 0x260f140f, 0x520f380f, 0x760f640f, 0x9a0f880f, 0x0a10cc0f, 0x2e101c10, 0x52104010, 0xc2108e10, 0xe610d410, 0x0a11f810,
    0x5a111c11, 0x7e116c11, 0xac119011, 0xc411b811, 0x28121612, 0x46123a12, 0x94128212, 0xb812a612, 0xdc12ca12, 0xfa12ee12, 0x8e130c13, 0xb213a013,
    0xd013be13, 0xf413e213, 0x18140614, 0x3c142a14, 0x60144e14, 0x84147214, 0xa8149614, 0xcc14ba14, 0xf014de14, 0x0815fc14, 0xcc15c015, 0xe415d815,
    0xfc15f015, 0x14160816, 0x2c162016, 0xe0163816, 0xa4175a17, 0xbc17b017, 0xd417c817, 0x5a18e017, 0x78186618, 0x2a19da18, 0x4e193c19, 0x72196019,
    0x96198419, 0x201aa819, 0x821a321a, 0x681bcc1a, 0x801b741b, 0x981b8c1b, 0xb01ba41b, 0xb01c681c, 0xd41cc21c, 0x041de01c, 0x1c1d101d, 0x341d281d,
    0x4c1d401d, 0x661d5a1d, 0x861d7a1d, 0xb81dac1d, 0x021ec41d, 0x201e141e, 0x641e521e, 0x7c1e701e, 0xfa1e8c1e, 0x5e1f521f, 0x761f6a1f, 0xf21f821f,
    0x40203420, 0x58204c20, 0x74206420, 0x90208020, 0xa8209c20, 0x60210c21, 0xf821c021, 0x10220422, 0x7a221c22, 0x92228622, 0xaa229e22, 0x3223b622,
    0x90237e23, 0x0024f423, 0x64240c24, 0x7c247024, 0x94248824, 0xb024a024, 0xc824bc24, 0xe024d424, 0x4e251025, 0x66255a25, 0x7e257225, 0x1226b825,
    0x2a261e26, 0x42263626, 0x8c264e26, 0xa4269826, 0xce26b026, 0xe626da26, 0x6c276027, 0x84277827, 0x9c279027, 0xb427a827, 0xcc27c027, 0x5628d827,
    0x6e286228, 0x86287a28, 0x9e289228, 0xb628aa28, 0xce28c228, 0x0429f228, 0x1c291029, 0x38292c29, 0x56294429, 0x74296829, 0x8c298029, 0xa6299829,
    0xc629ba29, 0xde29d229, 0xf629ea29, 0x0e2a022a, 0x262a1a2a, 0x422a362a, 0xb22a4e2a, 0xf62aee2a, 0x4a2b422b, 0x882b762b, 0xfe2bbc2b, 0x602c582c,
    0x842c722c, 0x582dd02c, 0xe82d8a2d, 0x6a2e302e, 0xbe2e7c2e, 0xce2ec62e, 0x062fd62e, 0x162f0e2f, 0x642f1e2f, 0xd02f762f, 0x1c30d82f, 0x9c306430,
    0x2431e630, 0xc2316a31, 0x74321232, 0xda32d232, 0xba334a33, 0xd433c233, 0x2e34dc33, 0xee349c34, 0xa8354c35, 0xa2361836, 0x4037e236, 0xd2378837,
    0x1e38da37, 0xc2386c38, 0x12390a39, 0x2c391a39, 0xa6399439, 0xc039ae39, 0xda39c839, 0xfe39ec39, 0x803a063a, 0x123be43a, 0x523b1e3b, 0xea3b923b,
    0x043cf23b, 0x5e3c163c, 0xf63cc23c, 0x0e3d023d, 0x543d483d, 0xce3d923d, 0x0e3e063e, 0x483e403e, 0x803e503e, 0x943e883e, 0xf63eee3e, 0x803f3a3f,
    0xfc3fb83f, 0x7c403840, 0x1a41ce40, 0x7a412641, 0xd6418241, 0x36422a42, 0x4e424242, 0xe2426042, 0xa4433643, 0x68440044, 0x1845da44, 0xb6456e45,
    0x2246fe45, 0x9c465446, 0xf846f046, 0x50470047, 0xae475c47, 0xc247ba47, 0xdc47ca47, 0xf447e847, 0x62481848, 0xd648a248, 0xa0493e49, 0x424ad449,
    0x224bdc4a, 0x204c984b, 0xf24c5a4c, 0xe84d7c4d, 0xa24e344e, 0x804f244f, 0x7450f44f, 0x4c51c250, 0xde51cc51, 0x0252f051, 0x26521452, 0x4a523852,
    0x6e525c52, 0x82531053, 0x2454c253, 0x6c546454, 0x7c547454, 0x8c548454, 0x9c549454, 0xb454a454, 0xd454c454, 0xf454e454, 0x14550455, 0x34552455,
    0x98559055, 0xa855a055, 0xb855b055, 0xc855c055, 0xd855d055, 0x58563256, 0x84566e56, 0xb0569a56, 0xdc56c656, 0x0857f256, 0x34571e57, 0x54574457,
    0x74576457, 0x94578457, 0xb457a457, 0x2058c457, 0x8c586658, 0x3659d458, 0xba596859, 0x3e5a165a, 0x005ba45a, 0xf3090184, 0x5b605b30, 0x5bb45b90,
    0x5cf85be6, 0x5c1a5c0a, 0x5dae5c5e, 0x5d9a5d2e, 0x5ece5da8, 0x5e2c5e04, 0x5ecc5eb2, 0x5ff05ee2, 0x5f265f14, 0x5f485f38, 0x60de5f84, 0x60c66050,
    0x60e460d4, 0x610261f2, 0x613a611e, 0x61766156, 0x62e261c0, 0x62506200, 0x62c0629e, 0x630863e6, 0x63406326, 0x637e635c, 0x63ac63a0, 0x64f063d8,
    0x64386406, 0x64a0646c, 0x64da64d2, 0x652c65e6, 0x65766544, 0x65b66586, 0x66e465c2, 0x66346608, 0x67ac6654, 0x678e6762, 0x68e667ba, 0x69c66824,
    0x6aa2696a, 0x6bc66a2c, 0x6cb46b0a, 0x6dd06c4a, 0x6d926d4a, 0x6ef46dda, 0x6e186e00, 0x6e7e6e44, 0x6f686fcc, 0x70f66fb2, 0x71ca7036, 0x72c6714e,
    0x7304737a, 0x74ac735c, 0x74a07414, 0x752475fc, 0x755c7540, 0x76d275a6, 0x7640762a, 0x76847656, 0x77fa76ae, 0x776e7710, 0x78b67790, 0x785e7828,
    0x78b8788c, 0x791a79ec, 0x7ace796e, 0x7b747b88, 0x7bc27b9a, 0x7c1a7cf2, 0x7c6a7c3e, 0x7cbe7c96, 0x7d1e7df8, 0x7da87d74, 0x7e387eda, 0x7ec47e9a,
    0x7f1a7fee, 0x7f687f3e, 0x7fcc7fa0, 0x800880e4, 0x804c8020, 0x80888064, 0x80ca80a0, 0x811e81f2, 0x826e826c, 0x82b08298, 0x82d682c0, 0x830e83e8,
    0x834c8326, 0x836e8366, 0x83b88398, 0x84f883d8, 0x841e8404, 0x84668444, 0x85dc849a, 0x856e854e, 0x85e485aa, 0x864a86ec, 0x86a88688, 0x86d886c8,
    0x871287f6, 0x87488722, 0x87a48780, 0x87b487ac, 0x87c487bc, 0x87d887d0, 0x87e887e0, 0x88f887f0, 0x88088800, 0x88188810, 0x88408820, 0x886e8848,
    0x00ec889a, 0x00280005, 0x02350200, 0x000300c6, 0x00090006, 0x000f000c, 0x0f38403b, 0x08090b0c, 0x03070507, 0x004c0102, 0x02010500, 0x67020003,
    0x01010300, 0x03005703, 0x045f0103, 0x4d080982, 0x04044f01, 0x0d0e0000, 0x06040604, 0x03000300, 0x17060611, 0x2111332b, 0x13130111, 0x33131105,
    0x21011113, 0x0d022803, 0xcfd02afe, 0x29d14bfe, 0x014bfed1, 0xc602cf9f, 0xa2023afd, 0x2201defe, 0x01bafd1c, 0x02ddfe23, 0x019efd46, 0x00820022,
    0x14000226, 0x88020000, 0x073a8b82, 0x4d000a00, 0x04010ab5, 0x4b4c0100, 0x58502fb0, 0x04001540, 0x04010200, 0x27826802, 0x054d3422, 0x01249782,
    0x1b4e0135, 0x2d081793, 0x594e0138, 0x00000e40, 0x07000809, 0x11110700, 0x19090611, 0x3301332b, 0x21272301, 0x03331307, 0x74000114, 0x475e0001,
    0x6447d6fe, 0x8f8378f0, 0x01caca27, 0xff5d011e, 0x3b7f85ff, 0x26028a03, 0x00000100, 0x0e030701, 0xb400fd00, 0x02b10800, 0xb0b4b001, 0x00002b35,
    0x8f202388, 0x13222388, 0x23a09600, 0x99001222, 0x112023a0, 0x7b202398, 0x0b226b88, 0x47859f00, 0x8f990220, 0xa9000d22, 0x6d206b96, 0x16224788,
    0x23919c00, 0x022eff25, 0x85c602ab, 0x07002523, 0xcc011b03, 0x1332ef84, 0x87020000, 0x2600ac03, 0x00ff0100, 0x14030701, 0x8390c200, 0x8e202385,
    0x15222388, 0x5f8d7700, 0x0002002f, 0x03000014, 0x00c60293, 0x0013000f, 0x05d44172, 0x16822820, 0x09032608, 0x00670302, 0x04060009, 0x08670609,
    0x00010101, 0x0000005f, 0x04004d34, 0x0a5f0504, 0x05050207, 0x1b4e0535, 0x2b2aa540, 0x594e0538, 0x00001440, 0x10111213, 0x0f216882, 0x27008511,
    0x2b1d090b, 0x15210133, 0x2a080188, 0x01072135, 0x14330323, 0xfb017c01, 0x3c01b8fe, 0x5001c4fe, 0xf0fe5afe, 0x33780168, 0xc602e4b1, 0xe752e554,
    0x02caca54, 0x82a9fe75, 0x0003268c, 0x0200005c, 0x2bbb826a, 0x0016000e, 0xb563001f, 0x02050108, 0x20079942, 0x27c4821e, 0x05020405, 0x03030067,
    0x0122bb89, 0xcb82065f, 0x82013521, 0x21209bba, 0xb0820138, 0x0000123d, 0x17191d1f, 0x0f111416, 0x0d000e00, 0x17090721, 0x3311332b, 0x14151632,
    0x83160706, 0x03232805, 0x35363233, 0x82232334, 0x08078215, 0x2323262f, 0x7e7ef45c, 0x53493b43, 0x9ec6747e, 0x9ea2544e, 0x4f4f49c6, 0xc602c649,
    0x513c635c, 0x455d0a0b, 0x93016261, 0xfd6f353b, 0x38383ce2, 0x08c3823f, 0x2d000122, 0x9702f0ff, 0x1e00d602, 0xb04b9500, 0x4058501f, 0x03020025,
    0x05020305, 0x04050080, 0x7e040503, 0x0133bf82, 0x01010061, 0x04004d34, 0x06610004, 0x3b000001, 0x411b4e00, 0x232005aa, 0x01262c8f, 0x01020300,
    0x2a8c6903, 0x25a04020, 0x003e2208, 0x4059594e, 0x1b000113, 0x1016181a, 0x090b0c0e, 0x011e0007, 0x1609071e, 0x2622052b, 0x36343526, 0x2bf78236,
    0x26260717, 0x06062223, 0x16161415, 0x3708f882, 0x020e1737, 0x905f6c01, 0x5f905050, 0x5b168e81, 0x4459620f, 0x673a3a67, 0x0d665d44, 0x7d4c0d5b,
    0x73a65910, 0x825aa773, 0x584c0670, 0x5a5a8145, 0x53614480, 0x41744d06, 0xff21f682, 0x33f785ff, 0x26028a03, 0x00000e00, 0x0e030701, 0xb4001901,
    0x01b10800, 0x260ad343, 0x02f0ff2d, 0x888f0397, 0x00122223, 0x242392b5, 0x02970224, 0x272385d6, 0x1a030700, 0x0000c300, 0x3b895f88, 0x3b941120,
    0x7b205f83, 0x0c225f88, 0x5f8d1201, 0x0002002f, 0x0200005c, 0x00c6028d, 0x000f0008, 0x05744148, 0x52421620, 0x0202240a, 0x42045f01, 0x18930752,
    0x44013821, 0x0f2305f6, 0x82090b0d, 0x21072244, 0x0a464205, 0x3327233d, 0x23101132, 0xa4dc5c23, 0x8ca1aeb1, 0x86fbfb86, 0xabb9c602, 0x0154b8aa,
    0x8410010e, 0x207f84c7, 0x28c78303, 0x01000014, 0x00120307, 0x0dc3438e, 0x8206fb44, 0x83c782a3, 0x03062423, 0x45079820, 0x0723051d, 0x9f2b35b0,
    0x0100211f, 0x2220e384, 0x0b22e382, 0xe1855800, 0xf8821e20, 0x02040325, 0x43006703, 0x06210df8, 0x06f74301, 0x3821209b, 0x24f18505, 0x0b000b00,
    0x25008311, 0x2b1b0907, 0xe5431133, 0x5c152b08, 0x98febe01, 0xa4fe5c01, 0xd3437001, 0x83a38206, 0x032222e7, 0x20c3828a, 0x22e78418, 0x41ec000e,
    0x23880d8b, 0x23888f20, 0x88001222, 0x112023a0, 0x7b202398, 0x0b204788, 0x20065341, 0x0abf4501, 0x23898f85, 0xe5000c22, 0x0d226ba0, 0x23969800,
    0x6b886d20, 0x8b001622, 0xff252391, 0x0245022e, 0x252385c6, 0x1b030700, 0xfb416601, 0x03222208, 0x223b888e, 0x8d730015, 0x0200363b, 0xf0ff2d00,
    0xd6029c02, 0x21001900, 0x13b58300, 0x01020101, 0x0548444c, 0x01001e39, 0x01040500, 0x02006705, 0x00610302, 0x4d340303, 0x04040106, 0x44006100,
    0x1c280b41, 0x02000300, 0x69020301, 0x238c2d87, 0x1e994020, 0x08053344, 0x1a1b0f6e, 0x211a1e1f, 0x2325211b, 0x09072315, 0x14012b1a, 0x22230606,
    0x3535022e, 0x23022e21, 0x27070622, 0x32333636, 0x32011616, 0x21373636, 0x9c021616, 0x3a5e9052, 0x0232566d, 0x65400414, 0x1c633f3c, 0x64961f5b,
    0xfe4e9062, 0x3f643cc0, 0x0e48fe06, 0x7563016e, 0x592d58a6, 0x51325886, 0x47463b70, 0x5b746409, 0x3670fea7, 0x7b734e6a, 0xaf42ba82, 0x021a2606,
    0x000900c6, 0x05af424d, 0xaf421920, 0x82052011, 0x043524ea, 0x96401b4e, 0x0438251b, 0x0d40594e, 0x09234f82, 0x82110900, 0x82062000, 0x08a442bb,
    0xa2421120, 0xfe562905, 0x54c602aa, 0xcefe52ee, 0x2d2f7785, 0x8a02f0ff, 0x2400d602, 0x22b5b200, 0x41050401, 0x2b300769, 0x06030200, 0x80060203,
    0x05000600, 0x67050604, 0x220ab345, 0x45350707, 0x082005b8, 0x200cb845, 0x45328829, 0x3a8707b1, 0x40203090, 0x38202b9b, 0x90415c89, 0x01173505,
    0x1f202100, 0x191c1d1e, 0x0d0f1117, 0x0007090c, 0x09240124, 0x200dc845, 0x0ec94516, 0x37364608, 0x11213523, 0x06062723, 0x8e646a01, 0x648f4c4b,
    0x0d457555, 0x5b5a0d5a, 0x302f6551, 0x5c3f4f66, 0x01cc0132, 0x1b04401c, 0xa7601078, 0x61a86b6b, 0x06426a3e, 0x83505745, 0x4c81514d, 0x52386039,
    0x3c7799fe, 0x0877454b, 0x8f038a2e, 0x24002602, 0x07010000, 0xb4001303, 0x200db342, 0x05fb45ff, 0x1222238b, 0x23a0b700, 0x23941120, 0x8a021024,
    0x6b85d602, 0x03070025, 0x8afd0018, 0x887b2083, 0x010c2283, 0x205f9614, 0x2223886d, 0x8dba0016, 0x47002023, 0xc026059b, 0x2b00d602, 0x5243c000,
    0x00303505, 0x03080302, 0x00800802, 0x06070008, 0x09670708, 0x010a0601, 0x240ff241, 0x61000404, 0x0ced410b, 0x37882e20, 0x9107ed41, 0x20358b3f,
    0x4130ab40, 0x1d3b05f7, 0x28290001, 0x22232627, 0x1d1e2021, 0x17191b1c, 0x0b0c0f11, 0x2b000709, 0x410c2b01, 0x17230dfd, 0x47022e07, 0x53080bc6,
    0x36333523, 0x21352337, 0x33071415, 0x06062315, 0x8d676a01, 0x66904b49, 0x5a158c79, 0x3d4e2d08, 0x302f6652, 0x543b4e65, 0x07c4a51a, 0x1c01cc01,
    0x20523e08, 0xa8631083, 0x64a86867, 0x2c066981, 0x83502947, 0x4b82514d, 0x1b46252c, 0x332c521f, 0x564f462d, 0x2409a743, 0x00c6026d, 0x0939470b,
    0x04000138, 0x67040103, 0x00000102, 0x05064d34, 0x35030302, 0x401b4e03, 0x18910016, 0x46033821, 0x33261447, 0x33112111, 0x05822311, 0x565c3608,
    0x56566501, 0xc6029bfe, 0x3701c9fe, 0x3b013afd, 0x0000c5fe, 0x1100ffff, 0xb9020000, 0x2602c602, 0x00002c00, 0x1d030601, 0x0900fdfd, 0xb80101b1,
    0x35b0fdff, 0x469b822b, 0x6d22064b, 0x23868f03, 0x11030724, 0xff41b000, 0x825c2010, 0x82b2202a, 0x000322bf, 0x05674430, 0x10820c20, 0x024d3422,
    0x8907ef47, 0x0138210e, 0x0a20ab82, 0x03241d82, 0x03110300, 0x2605e147, 0x02565c11, 0x833afdc6, 0xf0ff236b, 0x47820203, 0x2f002622, 0x07242282,
    0xfa003900, 0x5f82a784, 0x03020123, 0x8283828a, 0x07012517, 0x36000e03, 0xff23838d, 0x82feffff, 0x841020c1, 0x222385a7, 0x8fd2ff11, 0x04002723,
    0x0a010000, 0x47887b03, 0xd8ff0b22, 0xcf462385, 0x825b200a, 0x8ab32079, 0x820c2023, 0x0f6f498b, 0x23820e20, 0x6b8ab220, 0xe2ff0d22, 0x01206b90,
    0x0d226b82, 0x6b886d03, 0xd5ff1622, 0x22262390, 0xd5002eff, 0x2385c602, 0x03060024, 0x5882f61b, 0xe920cb82, 0x24223b82, 0x3b888e03, 0xbdff1522,
    0x002d3b8d, 0xff430001, 0x020802f0, 0x001100c6, 0x0573414f, 0x01001933, 0x01030203, 0x03008002, 0x004d3403, 0x61000202, 0x065c4304, 0x1b964020,
    0x4e003e32, 0x010f4059, 0x090c0d00, 0x00040507, 0x05110111, 0x08060243, 0x16372730, 0x36323316, 0x11331135, 0x01060614, 0x39664225, 0x48015801,
    0x56494441, 0x3f106538, 0x52064970, 0x01565e58, 0x5132fece, 0x00004077, 0x8f84ffff, 0x8a035922, 0x3920b382, 0x0724bd82, 0x8d010e03, 0x2386b38d,
    0x8f036722, 0x11222388, 0x238d2901, 0x2006b346, 0x2ad78271, 0x4041000b, 0x06090a09, 0x4f020403, 0x0e210845, 0x2bd08201, 0x03044d34, 0x35020202,
    0x401b4e02, 0x3821108b, 0x28cc8202, 0x0000000c, 0x120b000b, 0x22c98212, 0x82332b19, 0x012108be, 0x23010133, 0x5c150703, 0x6d3f0156, 0x2901eafe,
    0x025cfa69, 0x019ffec6, 0xfeccfe61, 0x6552016e, 0x09e742ed, 0x9b847120, 0xbf843c20, 0x93001222, 0xbf829b8d, 0x10ff5c23, 0x829b8202, 0x252382bf,
    0x18030700, 0x3c82ea00, 0x5c000126, 0x15020000, 0x0522b382, 0x8b413b00, 0x82112005, 0x4d342816, 0x02010100, 0x86010360, 0x84138eab, 0x820b20ae,
    0x00052727, 0x04111105, 0xad841809, 0xa7832120, 0xc6026325, 0x43548efd, 0x1522067b, 0x6f828a03, 0x93843f20, 0x8712f742, 0x8223857b, 0x01102493,
    0x8600005e, 0x889382ab, 0x00182217, 0x08ff4fc8, 0x01251788, 0xec210306, 0x06f343ef, 0xf343ef20, 0x05834105, 0x82110321, 0x000c27cf, 0x080bb742,
    0x81410303, 0x410f2009, 0x05210581, 0x41148204, 0x118c0582, 0x0d20d484, 0x0c26d482, 0x11120c00, 0x2c481112, 0x13333305, 0x23113313, 0x03230311,
    0xe3785c11, 0xcb5678e2, 0xe282cb73, 0x68029828, 0x26023afd, 0x0383dafd, 0x20084741, 0x2677828b, 0xb63e0009, 0x41020308, 0x09222ff8, 0x73820900,
    0x19090528, 0x3311332b, 0x73821101, 0x5c110129, 0x565f017a, 0x82a7fe80, 0x0290226f, 0x226f8270, 0x4a9cfd64, 0x8b260833, 0x26028a03, 0x5b414500,
    0x31012105, 0x2511ef41, 0x8b020000, 0x23888f03, 0xcd001222, 0xff222391, 0xb3820210, 0x00252385, 0x01180307, 0x205f8a04, 0x223b888e, 0x8db80015,
    0x0100253b, 0x6aff5c00, 0x002f3b83, 0x40560013, 0x0203120b, 0x010f0004, 0x52020403, 0x17200633, 0x31066b41, 0x35040401, 0x0303004d, 0x02005f02,
    0x4e023902, 0x198a401b, 0x198b3820, 0x2405a849, 0x21130013, 0x087b4123, 0x3311012e, 0x23061411, 0x32333523, 0x23353536, 0x3a061141, 0x68674551,
    0xfe2a1f20, 0xfdc602a7, 0xfd6f0291, 0x504e4133, 0x02081c22, 0x4b9dfd63, 0xb628062b, 0x0f00d602, 0x6b001b00, 0x2005d147, 0x09aa4917, 0x44010521,
    0xf0420b5b, 0x82152005, 0x020324cd, 0x8d690301, 0x9240201c, 0x05864717, 0x1011132c, 0x15170001, 0x1b111b10, 0xf6820709, 0x47060f21, 0x16250d7c,
    0x06061415, 0x30b28227, 0x22232634, 0x16141506, 0x91657101, 0x65914e4e, 0x26058366, 0x7d7d6e66, 0x4f7d6d6e, 0x5a2f073a, 0xa67373a7, 0x87975459,
    0x87999987, 0x4e009787, 0xb62607d7, 0x26028a03, 0xdf414b00, 0x4e202006, 0x2d26100f, 0xb602f0ff, 0x23888f03, 0xbc001122, 0x7b202396, 0x0b202388,
    0x8f123f52, 0x000d2247, 0x864796cc, 0x27002d8f, 0xdd000e03, 0x0701b400, 0x60010e03, 0x10202b82, 0x2107a353, 0xd74f03b1, 0x03b6220e, 0x227b886d,
    0x95bf0016, 0xd6022157, 0x00252385, 0x23220306, 0x20ff8a00, 0x223b888e, 0x8da70015, 0x05e7413b, 0x02070435, 0x001a00d6, 0x40d7002a, 0x04010b0a,
    0x06011803, 0x414c0205, 0x332b05f3, 0x05000400, 0x67050406, 0x51090900, 0x8642075a, 0x4d343206, 0x07060600, 0x0707005f, 0x010b4d35, 0x61000808,
    0x0cc8490a, 0x01003128, 0x01030900, 0x42886909, 0x402038a0, 0x382033a2, 0x47426c8a, 0x1c1f3c05, 0x2400011b, 0x1c2a1b22, 0x1516172a, 0x11121314,
    0x0d0e0f10, 0x0007090c, 0x491a011a, 0x35200fd0, 0x29095b4f, 0x06063521, 0x36363227, 0xab513435, 0x01460809, 0x4c906770, 0x5067914b, 0xa0012778,
    0x3e01b6fe, 0x5201c2fe, 0x782758fe, 0x35684f50, 0x4e4f6934, 0x67343368, 0x6da75e10, 0x3d5fa76e, 0xe5546538, 0x6454e752, 0x49543d37, 0x82535481,
    0x53824b4b, 0x00498154, 0x0b510000, 0x02562405, 0x470a00c6, 0x03290b9d, 0x03020100, 0x04006701, 0x06665304, 0x19460520, 0x00192107, 0x382b1b94,
    0x40594e02, 0x1100000f, 0x820b0d0f, 0x240a234a, 0x25460621, 0x82322005, 0x062108e8, 0x11112323, 0x34353233, 0xff5c2323, 0x77848477, 0xa1a1a9a9,
    0x72c602a9, 0xfe746765, 0x876801ec, 0x20878683, 0x24878238, 0x0013000c, 0x05a8435c, 0x01001d31, 0x05040107, 0x00670401, 0x03020005, 0x82670205,
    0x4d3423b1, 0x604a0106, 0x211f9a06, 0x8f820338, 0x0d0e1422, 0x132a9184, 0x0c00130e, 0x21240c00, 0x6f450811, 0x53152005, 0x232405f0, 0x23131523,
    0x5c279884, 0x85778a56, 0x828a7785, 0x02a22e00, 0x667280c6, 0x01967266, 0x84f8fef2, 0x3a718284, 0xff2d0002, 0x02b002bb, 0x001400d6, 0x40a20028,
    0x02181b0c, 0x01130403, 0x42030002, 0x2429077d, 0x03050400, 0x80030405, 0x24158206, 0x05008602, 0x06834205, 0xab820720, 0x4f620021, 0x22200c9c,
    0xd04f2b8e, 0x8c692005, 0x9f402029, 0x05504224, 0x1516152c, 0x20220000, 0x2815191a, 0x9d822816, 0x2326142b, 0x2b180908, 0x06062705, 0x09e25323,
    0x1415162c, 0x25170706, 0x27373632, 0x44421733, 0x0226080c, 0x40183b24, 0x4c8f6623, 0x6866904b, 0x42464a90, 0x16eefe58, 0x5c670d22, 0x6733624c,
    0x33664e4e, 0x4c456733, 0x164c0d0a, 0xa8643005, 0x32a46268, 0x0605896f, 0xa84e6481, 0x824f824f, 0x824e2202, 0x0743424e, 0xc6026222, 0x1d278182,
    0x09b55900, 0x55040201, 0x1a2b07b1, 0x02000400, 0x67020401, 0x42050500, 0x0620064a, 0x97085058, 0x01382b1c, 0x1040594e, 0x1b1d0000, 0x53821517,
    0x1a23142b, 0x19090721, 0x2111332b, 0x29cb8332, 0x16160706, 0x27231717, 0x57422626, 0x06a55505, 0x0d012d08, 0x36228270, 0x05372f20, 0x04125714,
    0xc2ce3e37, 0x4a4e4c41, 0x74c602b7, 0x2e432963, 0x373c0809, 0x2a2cc8d1, 0x7201e2fe, 0x433e3d42, 0x2608f746, 0x028a0362, 0x45580026, 0x00200677,
    0x480d7744, 0x622206d7, 0x23888f03, 0xcf571220, 0xff5c2312, 0xff820210, 0x00262385, 0x00180307, 0x508200ed, 0xff370029, 0x024902f0, 0x562d00d6,
    0x04300907, 0x04050105, 0x01008001, 0x02010502, 0x0505007e, 0x2206c551, 0x56020200, 0x2c8e1107, 0x05000326, 0x69050304, 0x40222a8c, 0x259e0023,
    0x30052a42, 0x20000113, 0x181b1c1e, 0x05070916, 0x012d0004, 0x0707562d, 0x25073d4b, 0x27262634, 0x1556022e, 0x074c5006, 0x14155808, 0x1e171616,
    0x06141502, 0x52500106, 0x5a06477a, 0x4a55610b, 0x55571f53, 0x392b6152, 0x704e496a, 0x095a0842, 0x4e425057, 0x594b501f, 0x70402d69, 0x486d3e10,
    0x39564f06, 0x2b332137, 0x48321515, 0x335b3c35, 0x0641663b, 0x333f5341, 0x13212b21, 0x33503d16, 0x45315b3e, 0x372a05f7, 0x4902f0ff, 0x26028a03,
    0x035a5c00, 0x48e12006, 0xff210d77, 0x054341ff, 0x888f0321, 0x00122223, 0x2423927d, 0x02490224, 0x242385d6, 0x1a030700, 0x05374900, 0x3b895f85,
    0x3b941120, 0x3b8c1020, 0xd6001822, 0x2c08df49, 0x00c60276, 0xb663001f, 0x01020619, 0x07d24205, 0xd64e1f20, 0x09d24207, 0x03030026, 0x06075f02,
    0x9c07e94b, 0x07294521, 0x1f315882, 0x25212422, 0x09082312, 0x11332b1c, 0x21333634, 0x05825815, 0x08070149, 0x23263437, 0x23373523, 0x11150622,
    0x015c6c5c, 0x7f81d123, 0x864c713e, 0x5e574a86, 0xb5d0664f, 0xf5013b37, 0xbe5c7061, 0x435f6b05, 0x48543763, 0x4d46413e, 0xfe3d40c4, 0x24bf840b,
    0x0200000c, 0x22bf821c, 0x453e0007, 0x122c054d, 0x00000102, 0x01005f01, 0x044d3401, 0x8f074245, 0x03382114, 0x2406984c, 0x11070007, 0x06984c11,
    0x21352334, 0xe9112315, 0xdd1002dd, 0x54547202, 0xff008efd, 0x5f8600ff, 0x00260223, 0x236f8263, 0xe4200306, 0x17870682, 0x858f0321, 0x07012517,
    0x5f001203, 0x2210af41, 0x8324ff0c, 0x213b889b, 0x3b86691a, 0x8a10ff21, 0x03072417, 0x82a30018, 0x00012c18, 0x02f0ff4d, 0x00c70264, 0x86410013,
    0x010321cb, 0x384ec683, 0x8e12200d, 0x07314e14, 0x0b0e0f29, 0x00050609, 0x4e130113, 0x35240731, 0x14113311, 0x370b334e, 0x41795259, 0x56575f56,
    0x7841565f, 0x51774010, 0x31fecf01, 0x565e5e56, 0x51230783, 0x82004077, 0x218384d7, 0xb3828a03, 0x58006821, 0x082005db, 0x2385d790, 0x2385fb83,
    0xa1001322, 0x112223a0, 0x2396a400, 0x6b887b20, 0xaa000b22, 0x8f10fb4f, 0x530d206b, 0xb38c1293, 0x03270025, 0x49c5000e, 0x482006c7, 0x10202d82,
    0x5d079759, 0x33850c73, 0x7b886d20, 0x8b491620, 0x0bc35906, 0x31ff4d26, 0xc7026402, 0x1b262388, 0x03000d01, 0x4f830800, 0x35b00324, 0x2f41002b,
    0x88ac2009, 0x00142223, 0x20c396d1, 0x2223888e, 0x418f0015, 0x00300d0b, 0x00140001, 0x02870200, 0x000600c6, 0x0103b53a, 0x2009664d, 0x05714c0d,
    0x8a08b24e, 0x08ae4e0f, 0x06000639, 0x09041112, 0x01212b18, 0x33131333, 0xfe150101, 0xdbdc5eff, 0x4dfffe5e, 0x002007d2, 0x01260082, 0x00002600,
    0x63828b03, 0x42000c28, 0x03060bb7, 0xc54f0303, 0x020f2108, 0x00247282, 0x04054d34, 0x8c07d552, 0x03382111, 0x24067056, 0x110c000c, 0x06c74c12,
    0x6b830320, 0x03306e82, 0xe1030323, 0x91925ebb, 0x5f919262, 0x8c8c6cbb, 0xb0237482, 0x83fd5002, 0x4e3a2003, 0xff210547, 0x257b85ff, 0x26028a03,
    0x57427400, 0x41872006, 0x23880d03, 0x23888f20, 0x23011122, 0x7b202396, 0x0b202388, 0x5207af50, 0xe7840a2f, 0x47890320, 0x33010d22, 0x0027478d,
    0x000f0001, 0x504f0200, 0x072208d3, 0xd3500104, 0x122c0835, 0x2b190905, 0x33031333, 0x03331313, 0x03032313, 0x66e7e90f, 0xe764b7b9, 0xbbbb66eb,
    0x62016401, 0x1e01e2fe, 0x9afea0fe, 0xdefe2201, 0xff21f882, 0x207782fa, 0x23778246, 0xb73c0008, 0xc74f7582, 0x23e9410a, 0x0800082a, 0x09041212,
    0x11332b18, 0x11317285, 0xc066fbf5, 0x01fb66c0, 0xfea40122, 0xfe4c01b4, 0x2166835c, 0x6785ffff, 0x028a0325, 0x417a0026, 0x0021056f, 0x0d0341cf,
    0x8f202388, 0x11222388, 0x23966b00, 0x23887b20, 0x71000b22, 0x860fdf42, 0x2247896b, 0x967b000d, 0x888e2047, 0x00152247, 0x30238d56, 0x1c000100,
    0x04020000, 0x0900c602, 0x06b64e00, 0x0a6b5001, 0x45001621, 0x002408d2, 0x5f030202, 0x9308d745, 0x08db4518, 0x09000924, 0xa0411112, 0x01353b05,
    0x15213521, 0x1c152101, 0x91fe7c01, 0x84fed101, 0x02588601, 0xfd58541a, 0x5b8254e6, 0x85ffff21, 0x8a03217b, 0x80209f82, 0x20062f41, 0x889f8dc7,
    0x85e78323, 0x00122223, 0x20239663, 0x2247887b, 0x8dc0000c, 0x24e78223, 0x005e012d, 0x25e78283, 0x40190005, 0xa0600216, 0x4e012108, 0x05378a82,
    0x03120500, 0x132b1709, 0x15333527, 0x560c3907, 0xf05e010c, 0x52f07878, 0x5c201b3f, 0x2010ef50, 0x08f34c01, 0x67826820, 0x16000d26, 0x08b55900,
    0x2947af4a, 0x0e101416, 0x0d000d00, 0xaf4a1611, 0x05664c06, 0x23130725, 0x60112303, 0xff3a094e, 0x4a4e8477, 0xb4a35faa, 0x53534ea9, 0xc602a94e,
    0x664a6572, 0x01d5fe14, 0x9c4afe1e, 0x06774a07, 0x8a036826, 0x87002602, 0x20067741, 0x149b4afb, 0x8f036822, 0x12222388, 0x23919700, 0x0210ff22,
    0x2385eb82, 0x03070026, 0x00db0018, 0x00215082, 0x2504822d, 0x00c6027d, 0xc251000b, 0x03183206, 0x02010101, 0x0202005f, 0x01044d34, 0x5f050000,
    0x07195e06, 0x135e1a95, 0x33352215, 0x052f4811, 0x2d15332f, 0x4401777d, 0x02547d77, 0xfd54541e, 0x064f42e2, 0xd7847784, 0xd7868b20, 0x07428420,
    0x85fb820d, 0x85d78323, 0x00112123, 0x60050f51, 0x3d820c47, 0x7b037d22, 0x2385d782, 0x26000b22, 0x850f7f43, 0x20238ae3, 0x12ff490c, 0x0d226b8f,
    0x8f963000, 0x6b886d20, 0x45001621, 0x2d26117f, 0xa0012eff, 0x2385c602, 0x03070027, 0x00c1001b, 0x20cb8800, 0x223b888e, 0x8d0b0015, 0x06935a5f,
    0xd6028a26, 0x9a002200, 0x2005cd50, 0x1a7c5c26, 0x00040424, 0xc0500761, 0x8824200c, 0x0f775c2d, 0x40202b8b, 0x2a4c26a1, 0x01152205, 0x076b5c00,
    0x090b0c28, 0x01220007, 0xf0520822, 0x0e6d5a0d, 0x5a06695a, 0x43271664, 0xcc02305b, 0x5a941c01, 0x3826125d, 0x2c523a5f, 0x635caf9c, 0x0094270e,
    0x03070100, 0x17620013, 0x02f02113, 0x8505635c, 0x54112023, 0xff240fa7, 0xff2d00ff, 0x82073f5c, 0x07002523, 0xfe001803, 0x850e3f5c, 0x010c223b,
    0x0d874115, 0x5f833b84, 0x26026d23, 0x22238500, 0x90bb0016, 0x00142623, 0x03880200, 0x08df657a, 0x1f602320, 0x47022006, 0xe3620a67, 0x20238305,
    0x22cb840e, 0x900f0124, 0x058b6047, 0x18202383, 0x23212384, 0x06f74700, 0x238f478a, 0x59002421, 0x6b8311bb, 0x8f848a20, 0x47842420, 0x11012422,
    0xff216b8f, 0x201982fd, 0x20238411, 0x2123842f, 0x8b49ff23, 0x00582411, 0x8ab80000, 0x00242223, 0x20478f2c, 0x053b5400, 0xa754b383, 0x41232005,
    0xfb8b061f, 0x83053f4a, 0x05034b23, 0xa3002322, 0x48109743, 0x23830587, 0x2205f348, 0x8f220123, 0x063b4723, 0xa7472383, 0x00232205, 0x46238f6a,
    0x2383069b, 0x21057746, 0x7b5a0024, 0x087f430e, 0x27442383, 0x00232205, 0x4447901f, 0x23890503, 0x7a002422, 0x6741fb94, 0x051b4205, 0x57642420,
    0x0593630f, 0x0219042e, 0x002600c6, 0x00000001, 0x028b0007, 0x2605874e, 0x04f0ff4d, 0x82c7022e, 0x86682017, 0x82b12017, 0x00022807, 0x02f4ff2c,
    0x821e0214, 0x002a3a91, 0x14b04bf1, 0x0d405850, 0x070d1d24, 0x18010304, 0x02030001, 0xb04b1b4c, 0x20148d17, 0x8a148205, 0x82042024, 0x5959210f,
    0x19393a85, 0x02010100, 0x02020061, 0x05074d3d, 0x00030302, 0x02060461, 0x003e0000, 0x2046864e, 0x20208924, 0x241e8900, 0x0501074d, 0x202b8c05,
    0x2072822f, 0x252b8c21, 0x04006104, 0x29863504, 0xdc820620, 0x40205483, 0x38202392, 0x2508238d, 0x40595959, 0x01202117, 0x212a2000, 0x17191b2a,
    0x0a0f1115, 0x011f0008, 0x1609081f, 0x2622172b, 0x37363435, 0x51623437, 0x155d0809, 0x33331415, 0x22230615, 0x06062726, 0x35363227, 0x06060735,
    0xdf161415, 0x57506152, 0x40377ebc, 0x730f590c, 0x1c6c665a, 0x30140c15, 0x6214052f, 0xac585033, 0x0c352936, 0x4e44444c, 0x31852310, 0x5d4b072e,
    0x21db6573, 0x2d27024a, 0x5a4a3529, 0x0a202642, 0x29252129, 0xff000000, 0x066f41ff, 0x2602d624, 0x1082ab00, 0x0e030723, 0x055b5e00, 0x20058741,
    0x231786db, 0x5e130306, 0x17892f8b, 0x95611221, 0x8c112017, 0x88c72017, 0x670b2147, 0x0d212f95, 0x20178b71, 0x212f88b9, 0x17876416, 0x37022e24,
    0xa7881e02, 0x58011b22, 0xf820bf8a, 0x14221788, 0x178a8e00, 0x4788da20, 0x824c1521, 0x03002147, 0x4208ef83, 0x1e026b03, 0x33002c00, 0x91003e00,
    0x0f141140, 0x01070308, 0x07040138, 0x0502242a, 0x4b4c0304, 0x585026b0, 0x07002340, 0x07050400, 0x01086704, 0x61020101, 0x02020103, 0x090b4d3d,
    0x00050502, 0x420a0661, 0x40210643, 0x2025932e, 0x24238900, 0x09010b4d, 0x3f308909, 0x351f4059, 0x34000134, 0x323e353e, 0x282d2e30, 0x1d1f2126,
    0x1316181c, 0x000a0c11, 0x0c2c012c, 0x24080142, 0x26373736, 0x08034226, 0x5a641720, 0x15152a05, 0x33161621, 0x17373632, 0x060e4206, 0x84211321,
    0x36032125, 0x08081542, 0x664fe16b, 0xbc2b4d2f, 0x37443c01, 0x10590a3f, 0x34845772, 0x453d5f1f, 0x7ffe3b6a, 0x34455105, 0x155a0d43, 0x6a485475,
    0xbf6f1b1e, 0x4d062501, 0xfe4f3d3b, 0x3cac5741, 0x490c3923, 0x22423847, 0x454a1906, 0x4c072936, 0x302c5c5c, 0x19597c41, 0x28315655, 0x3f5b4707,
    0x01413739, 0x4b484d45, 0x5003bbfe, 0x07161c49, 0x2b271d2f, 0x32008200, 0xff500002, 0x022702f4, 0x001200c6, 0xb695001e, 0x64020308, 0x1429052e,
    0x1d405850, 0x34020200, 0x07cf534d, 0x074d3d28, 0x00040401, 0x80430161, 0x05544309, 0x0023248d, 0x86350101, 0x0a544329, 0x38202390, 0x5937238d,
    0x14174059, 0x1a000113, 0x141e1318, 0x070a0c1e, 0x00040506, 0x47120112, 0x272506a4, 0x33112307, 0x06454115, 0x080f985a, 0x56374332, 0x544c0317,
    0x46375414, 0x66383866, 0x4e4e434b, 0x52534941, 0x502b310c, 0x21fec602, 0x557c4435, 0x50447c55, 0x695c5b6a, 0x6a5b5c69, 0x2c000100, 0x0028f382,
    0x1b001e02, 0x38403b00, 0x270f996a, 0x61010303, 0x3d010100, 0x2809c66a, 0x014e003e, 0x16181900, 0x06716a14, 0x1b011b22, 0x2115716a, 0xde411415,
    0x012d0807, 0x3c6d4a1f, 0x5c4a6d3c, 0x09580d78, 0x5249364a, 0x4a364952, 0x780d5809, 0x547d440c, 0x5f457c54, 0x39350659, 0x695c5c69, 0x58063c3c,
    0x07c7436a, 0xd6020026, 0xb8002602, 0x2006c743, 0x080743ce, 0xdb020022, 0x06231786, 0x826a1203, 0xffff211e, 0x2421c382, 0x88c38202, 0x741a2117,
    0x8b097f43, 0x8811202f, 0x82f4202f, 0x88c7202f, 0x000c225f, 0x08af45c7, 0xff410320, 0x0b102108, 0x4113ff41, 0xff410610, 0x41032005, 0x248616ff,
    0x03030022, 0x8919ff41, 0x1cff4123, 0x4106415a, 0xd96b09ff, 0x33352308, 0x46452311, 0x08985c06, 0x65450c37, 0x45653636, 0x54165835, 0x5a16034c,
    0x4b4b4727, 0x53534647, 0x05f7410c, 0xfe292d27, 0x2b503afd, 0x08ff4131, 0x3345ff20, 0x82aa2005, 0x00262af3, 0x000000be, 0x02100307, 0x086b4106,
    0x8205df68, 0x07013417, 0x9d001c03, 0x09000a01, 0xb80102b1, 0x35b00a01, 0x4600002b, 0x213705df, 0x1e00d202, 0x3e002a00, 0x010b3b40, 0x4c010103,
    0x16171819, 0x82101213, 0x010a22b7, 0x118a5d4a, 0x4e003e2c, 0x00011f20, 0x2a1f2426, 0xb26c2a20, 0x0e6e5d05, 0x2726172d, 0x26372707, 0x16163727,
    0x55173717, 0x7d5d0532, 0x1f47080c, 0x3c3c6e49, 0x4428496e, 0x782b161d, 0x49354c18, 0x25623e14, 0x326d188b, 0x496e842b, 0x49495151, 0x3e0c5252,
    0x73504f74, 0x46161a3e, 0x1b402a2c, 0x064a0619, 0x40311d26, 0x67af3f26, 0x5d508c7f, 0x5c5a4d5e, 0x415c5555, 0x053508f3, 0x17001e02, 0x3a001e00,
    0x01153740, 0x4c010203, 0x02000400, 0x05d55803, 0x2109a641, 0xc4436100, 0x00012906, 0x18191b1d, 0x0d0e1012, 0x1722bf82, 0x00431701, 0x4416200e,
    0x03200bdb, 0x2705d544, 0x6d4b1f01, 0x496b3b3b, 0x200dbc44, 0x06b644ef, 0x44060843, 0x01240aa4, 0x4b484d45, 0x30088741, 0x02d40205, 0x00c20026,
    0x03070100, 0xffce000e, 0x058741fe, 0xb0feff24, 0x2f432b35, 0x02052207, 0x232386d9, 0x6a120306, 0x478a218c, 0x11202389, 0xc5202398, 0x0b214788,
    0x21478470, 0x6985b802, 0x2387478a, 0x0c030724, 0x8fa0c700, 0x977a0d21, 0x88b7208f, 0x6d16216b, 0x3508238e, 0x2c000200, 0x05022eff, 0x2d001e02,
    0x51003400, 0x01154e40, 0x012c0203, 0x01210300, 0x01220004, 0x4c040405, 0x02000600, 0x67020603, 0x05000400, 0x00650504, 0xae410707, 0x4808200b,
    0x012905c8, 0x2f313300, 0x2024262e, 0x06b2411e, 0x2d012d22, 0x410f5c69, 0x07210ab2, 0x05934833, 0x46323321, 0x3525069b, 0x37373634, 0x1ac84106,
    0x031f0e34, 0x10101353, 0x18141c0d, 0x2b1a310b, 0x06161930, 0xda41af13, 0x252f3216, 0x0f241865, 0x380e1010, 0x272d0f0b, 0x07193520, 0x0feb4103,
    0x1341d820, 0x55152108, 0x21131341, 0xaf4202f4, 0x03022e0c, 0x02004c01, 0x02050400, 0x03006704, 0x05a54203, 0x004d3d23, 0x05a35c05, 0x4e013e22,
    0x2d13af42, 0x16163201, 0x06061415, 0x26262223, 0xa4423535, 0x27072405, 0x47133636, 0x01210596, 0x06af4212, 0x3c693108, 0x52048101, 0x0e423445,
    0xef75155a, 0x4e06dbfe, 0x024f3e3a, 0x547c451e, 0x41447d54, 0x5619597c, 0x07293055, 0xbbfe5b47, 0x004c494c, 0x3c000100, 0x64260482, 0x1300c602,
    0xcb575700, 0x821d2005, 0x06765094, 0x82010521, 0x045f2f1c, 0x37010101, 0x0601074d, 0x4e063506, 0x1f9a401b, 0x5e063821, 0x4c820575, 0x13111326,
    0x11112321, 0x2d054b59, 0x35333523, 0x33333634, 0x06222315, 0x06821515, 0x48841139, 0x54484448, 0x851f1f4e, 0x4ac80185, 0x4a493b30, 0x4a2a1e22,
    0x820038fe, 0x00023600, 0x025eff2c, 0x001e0202, 0x002a001e, 0x0b19b6b7, 0x01070602, 0x05544b4c, 0x66002821, 0x093206a9, 0x03000601, 0x69030601,
    0x04070700, 0x04010561, 0xb8663d04, 0x82082005, 0x00392ab4, 0xb04b1b4e, 0x4058502a, 0x232f912c, 0x4d370505, 0x00203484, 0x40213390, 0x202e9129,
    0x23508202, 0x00650002, 0x0725368c, 0x4059594e, 0x0918451b, 0x171a1b2e, 0x080d0f15, 0x00030406, 0x0a1e011e, 0x5b059e4f, 0x352007ca, 0x7106b641,
    0x510806e1, 0x14113335, 0x36320306, 0x23263637, 0x14150622, 0x55190116, 0x0c581178, 0x4d483d3d, 0x43345413, 0x673a3b69, 0x12593842, 0x44707b50,
    0x54020152, 0x4f4d4645, 0x064654a2, 0x3a3a2b25, 0x42322a56, 0x734c4b74, 0x542c3442, 0x695d12fe, 0x525f0e01, 0x03835f52, 0x2f055744, 0x0202025e,
    0x002602db, 0x000000ce, 0x63130306, 0xff210682, 0x064f41ff, 0x12211789, 0x20179566, 0x21178b11, 0x47861603, 0x17030724, 0x4b44bb00, 0x205f8306,
    0x201788c7, 0x0607720c, 0x2005af41, 0x217788b9, 0xc7416916, 0x02483309, 0x0022001e, 0x40e10031, 0x0601190a, 0x08010b0b, 0xcb410207, 0x41322006,
    0x0a35076c, 0x01090601, 0x07060807, 0x08010d67, 0x08010300, 0x0b006903, 0x0cd5410b, 0xd5410c20, 0x9b36200c, 0x05052339, 0x3e844d37, 0x8709df41,
    0x3340213d, 0x0223389b, 0x4100010c, 0x7f8308e9, 0x0b374083, 0x4059594e, 0x01232423, 0x292b2d00, 0x23262728, 0x1f312431, 0x411c1d1e, 0x22230af1,
    0x410e2201, 0x15241ef1, 0x15231533, 0x2305f541, 0x26333523, 0x2b1ef841, 0x707b4646, 0xc10a4e3c, 0x3e5107c3, 0x3516fc41, 0x5dd246d6, 0x490e0169,
    0x4e444641, 0x5f52525f, 0x01000000, 0x04825000, 0xc602f52d, 0x50001200, 0x020103b5, 0x434c0103, 0x172005d2, 0x34221d82, 0x1d4a004d, 0x04052108,
    0x94071a5d, 0x08896719, 0x12001225, 0x67231322, 0x2b080789, 0x33363611, 0x11151632, 0x23341123, 0x11150622, 0x54155450, 0x545b5637, 0x024e406f,
    0x31f9fec6, 0xfe59702e, 0x973d01ab, 0xc4fe4a4e, 0x20055f42, 0x238f850a, 0xd6002602, 0x07260982, 0x8eff1c03, 0x31680a01, 0x05934805, 0xffffff23,
    0x221982f1, 0x887b03f5, 0xff112423, 0x5aa000c5, 0xa02905bb, 0x002b35b0, 0x00ffff00, 0x224e824e, 0x82c702a6, 0x82da2023, 0x03062309, 0x0682220c,
    0x0024ef85, 0x001202a4, 0x200c3b6c, 0x0d3b6c37, 0x3b6c0e85, 0x54502514, 0xeefd1202, 0x50205f82, 0xf5224e82, 0x5f88d602, 0x82290e21, 0x229b8610,
    0x88db0203, 0xc5112117, 0xf7201785, 0xfd200682, 0x0b218f8a, 0x951784cb, 0x205f82a7, 0x201e8201, 0x21478aa4, 0x2f84d50d, 0x00f4ff22, 0x0221c482,
    0x215f88b9, 0x1784c816, 0xff140025, 0x88c7002e, 0x8426205f, 0x030624ef, 0x8200e81b, 0x82dc2093, 0x02172233, 0x213388da, 0x3385b015, 0x6aff4e2a,
    0xc702a001, 0xda002600, 0x33851082, 0xe5002724, 0x0d82ea00, 0x0c030724, 0x07821c01, 0x3f820020, 0x6afffb24, 0x5b84b600, 0x4b41e520, 0x82322005,
    0x01002206, 0x2d1783ff, 0x001202b4, 0x401f000b, 0x0101001c, 0x17824d37, 0x03620228, 0x39020201, 0x0b824e02, 0x0a000b2a, 0x09042113, 0x35072b18,
    0x3208dd6b, 0x1a2b0523, 0x483e5420, 0x21194a96, 0xd8fd2402, 0x86003a46, 0x05012563, 0x2602d602, 0x00257f82, 0x0e030600, 0x853f8239, 0x1301237b,
    0x1788db02, 0x41d51121, 0x022708c7, 0x00c6021f, 0x6b49000b, 0x012007b7, 0x2007bb42, 0x05bb4212, 0xbb6b9083, 0x6b148f09, 0x073b18bf, 0x07272313,
    0x01545015, 0xdad17002, 0x0268ad66, 0x012ffec6, 0xcffee11d, 0x418a6ef8, 0x022308e3, 0x8267031f, 0x00e82a93, 0x03070100, 0x00c5ff12, 0x057f428c,
    0x7f428c20, 0xff502207, 0x859f8310, 0x07002523, 0xb6001803, 0x01223c82, 0x05825000, 0xb782f320, 0x3d000a22, 0x21056843, 0x065f0011, 0x03622907,
    0x35000001, 0x401b4e00, 0x2c08138e, 0x594e0038, 0x00010d40, 0x04050709, 0x0a010a00, 0x2b160904, 0x35262233, 0x14113311, 0xb8153333, 0x21543a2e,
    0x0234302e, 0x21a5fd62, 0x079b424a, 0x82620321, 0x84eb207b, 0x000e229f, 0x829f9129, 0x82522019, 0x00262187, 0x9f822382, 0xae001027, 0xffff0000,
    0x20b78200, 0x859f8200, 0x0600243b, 0x82341803, 0x201782b0, 0x88068206, 0x06012517, 0x10de1e03, 0x1020f185, 0xd784f183, 0x021d032d, 0x0021001e,
    0x0309b679, 0x47040302, 0x1620077d, 0x2a05b874, 0x00020102, 0x084d3700, 0x65030507, 0xfd8505fa, 0x83001a21, 0x26228315, 0x01026101, 0x8a3d0101,
    0x97402021, 0x0338261c, 0x4059594e, 0x363a8210, 0x23210021, 0x24132213, 0x09091123, 0x11332b1d, 0x36361733, 0x85163233, 0x09764405, 0x4d112321,
    0x2f08053d, 0x024d5011, 0x3c334e14, 0x50111152, 0x545a553a, 0x5443376f, 0x44373b32, 0x315d1202, 0x35353a38, 0xfe60693a, 0x914301ab, 0xc3fe4750,
    0x50473d01, 0x23450783, 0x001e2408, 0x456c0014, 0x142b0823, 0x13405850, 0x00030300, 0x83010161, 0x081f45c2, 0x20093e45, 0x183e4537, 0x38211990,
    0x20d18302, 0x24d1820d, 0x23140014, 0x083f4514, 0x1620c885, 0x2620c984, 0x34054145, 0x5715024d, 0x274f3d37, 0x3d3c3554, 0x5f12024f, 0x5b363437,
    0x27b58238, 0x4d4d4a3d, 0x00c3fe4a, 0x2005ff41, 0x059b4401, 0x5182f120, 0x0e030724, 0xdb41d200, 0x00002805, 0xdb02f501, 0x83002602, 0x03062317,
    0x1e826e12, 0x8205f341, 0x861e2017, 0x03072417, 0x8ab20018, 0x88da202f, 0x5915212f, 0x00252f82, 0xff500001, 0x272f836a, 0x88001c00, 0x050103b5,
    0x2308ea41, 0x0404001c, 0x23070f41, 0x05050106, 0x410d466c, 0x20200518, 0x37214282, 0x4b28824d, 0x279106c5, 0x22934020, 0x220d776c, 0x820e4059,
    0x001c2a46, 0x2621251c, 0x09071123, 0x09fa411b, 0x6c151621, 0xf541097e, 0x0533410a, 0x51455125, 0x41231d53, 0xa4270c38, 0x254a4e41, 0x4145011f,
    0x5682063d, 0x2a05f34e, 0x001e0211, 0x001b000f, 0x472a402d, 0x8a6c0a04, 0x003e2208, 0x30516c4e, 0x2506d34e, 0x3c3c6d49, 0xc44e496d, 0x7d443007,
    0x447c5554, 0x54557c44, 0x6950447d, 0x83695c5c, 0xffff2d03, 0xf4ff2c00, 0xd6021102, 0xf7002602, 0x22101f51, 0x86db0211, 0x03062117, 0x220bef50,
    0x88c70211, 0x700b2117, 0x8b091f51, 0x7a0d212f, 0x5f87178b, 0x0e032724, 0x67858b00, 0x4e0e0121, 0x11220803, 0x4f88b902, 0x876d1621, 0x82f22037,
    0x85202097, 0x06012c17, 0x02161f03, 0x02b10800, 0x7a02b001, 0xb78505d3, 0x3788da20, 0x88551521, 0x9203246f, 0x86001e02, 0xc20023cf, 0x18828d01,
    0x50000226, 0x27026aff, 0x12261782, 0x68001e00, 0x8f5311b6, 0x0505210d, 0x34074e42, 0x04040107, 0x02006102, 0x064d3e02, 0x39030301, 0x401b4e03,
    0x054a4221, 0x044d0520, 0x4d3d2105, 0x59252391, 0x13141440, 0x06655300, 0x0012002b, 0x11232612, 0x2b190908, 0x07284417, 0x22071f4d, 0x6d371527,
    0x2e080afb, 0x18014e50, 0x654f3655, 0x4f653131, 0x96155534, 0x45505045, 0x96505145, 0x2e51a802, 0x497e4e2f, 0x2c4e7e49, 0x68dadc26, 0x63685d5d,
    0x8a646162, 0x00c632c7, 0x00210011, 0x033f4042, 0x10050401, 0x02040201, 0x058b464c, 0x1329a49a, 0x1b000012, 0x13211219, 0x223c8221, 0x87222611,
    0x361522a1, 0x09c04d33, 0xf869a084, 0x56503d0c, 0x634d732e, 0x4d633030, 0x90185039, 0x1f1f4337, 0x44363743, 0x96441f1f, 0x4ff75c03, 0x2837a585,
    0x38dad624, 0x5b35325b, 0x345b3a39, 0x00395b31, 0xff2c0002, 0x4103026a, 0x6123066f, 0x520210b6, 0x1c230aff, 0x56050500, 0x91450739, 0x01002405,
    0x824d3e01, 0x00392ac0, 0x20401b4e, 0x37030300, 0x2423844d, 0x3d020200, 0x2422904d, 0x140f4059, 0x05d15413, 0x23261329, 0x1a090710, 0x4c23052b,
    0x37220ec8, 0x68410333, 0x0302250a, 0x34551554, 0x30056841, 0x01185536, 0x5046ea4e, 0x50454551, 0x26dc9650, 0x2cc2852c, 0xfe512e2f, 0x62616432,
    0x5d5d6863, 0x068b4568, 0x12024f2c, 0x45000b00, 0x030103b5, 0xaf4a0102, 0x82122006, 0x072c4293, 0x8f084261, 0x083e6114, 0x0b000b24, 0x1a672221,
    0x17333906, 0x15333336, 0x11152223, 0x1b034a50, 0x78333463, 0x62621202, 0xc0fe8250, 0x2d074b45, 0x02d6024f, 0x00040126, 0x03060000, 0x0682730e,
    0x00ffff29, 0x0100003b, 0x88db024f, 0x0f122117, 0x35221785, 0x178210ff, 0x17881220, 0x82091821, 0x05835517, 0x02e00129, 0x002a001e, 0x6938403b,
    0x05200fef, 0x2105426a, 0xc4844d3d, 0x2d088252, 0x191a1c1e, 0x06081416, 0x2a000304, 0x82522a01, 0x10ec6906, 0x16323322, 0x690aeb69, 0x460807ea,
    0x06756a11, 0x43420858, 0x3a144136, 0x25574c39, 0x59416068, 0x09580833, 0x3639363f, 0x5a51463a, 0x0c5d3724, 0x30064e65, 0x15272339, 0x0e0a151c,
    0x472a3d29, 0x2e4d2f5b, 0x2c362a06, 0x0c252722, 0x2a3a280e, 0x44244531, 0xbb82070b, 0xd382d620, 0x23440820, 0xb0002105, 0xdb20178a, 0x06231786,
    0x554c1203, 0x2f8208ab, 0x17881e20, 0x8b591a20, 0x89178209, 0x8811202f, 0x8a10202f, 0x0307242f, 0x82980018, 0x00012f48, 0x02000050, 0x00d00224,
    0xb5880027, 0x5248010b, 0x502f3105, 0x001f4058, 0x02030004, 0x00690304, 0x61000505, 0x2f056043, 0x61010202, 0x01020607, 0x4e013501, 0x31b04b1b,
    0x3820269f, 0x40212682, 0x243b821d, 0x05000405, 0x88508869, 0x231f8246, 0x0f405959, 0x27282082, 0x21242700, 0x242a2124, 0x4f059850, 0x42180591,
    0x2322096b, 0xd1423335, 0x08088805, 0x1506223a, 0x61365011, 0x3a6e6241, 0x84524531, 0x4f404078, 0x2c565855, 0x3c463e2c, 0x01483c3e, 0x356243f6,
    0x4f375266, 0x45611111, 0x3e506c5e, 0x4f463e40, 0x3b2f3540, 0x0afe4149, 0x2a052b42, 0x01000037, 0x008e0266, 0x515d0013, 0x0234085f, 0x01058503,
    0x5f020101, 0x02020104, 0x06004d37, 0x07600006, 0x22072f4a, 0x9703001d, 0x0038311f, 0x1540594e, 0x10120001, 0x0a0b0c0d, 0x06070809, 0x132bf082,
    0x09081301, 0x22212b16, 0x82113526, 0x352808b6, 0x15331533, 0x16141123, 0x01153333, 0x4e454812, 0x8d8d544e, 0x424c2120, 0x4a400146, 0xfe4a7c7c,
    0x4a1c24c2, 0x3500ffff, 0x02239785, 0x820f0126, 0x03062409, 0x4dc4b91c, 0xff240599, 0x2b35b0c4, 0x0222bb83, 0x19823700, 0xf5029928, 0x17000300,
    0xbd857c00, 0x0500293b, 0x05000100, 0x00008001, 0x04010109, 0x07670100, 0x04030301, 0x0401065f, 0x24c98204, 0x60020808, 0x24d4820a, 0x1b4e0235,
    0x212ba640, 0xd5820238, 0xc9821c20, 0x14160022, 0x83058171, 0x170423db, 0x78821705, 0x0b11032a, 0x012b1709, 0x03073337, 0x2724e093, 0x5334541e,
    0x0225e489, 0xfdcdcd28, 0x20ea8cd8, 0x26eb8200, 0x0124ff37, 0x858e0266, 0x060026eb, 0x003f1a03, 0x20178500, 0x21178c10, 0x17827918, 0x502fde82,
    0xef01f4ff, 0x12001202, 0x11b57000, 0x4a010201, 0x132407fe, 0x01010103, 0x0225e582, 0x04610002, 0x08cb5d05, 0x58502f24, 0x1a861740, 0x35040422,
    0x2005f843, 0x05cc5405, 0x198a1b20, 0x198c3820, 0x4059592b, 0x10000111, 0x0a0d0e0f, 0x23fc8208, 0x06120112, 0x6b06825b, 0x233f0b0d, 0x4ffe0635,
    0x3937545f, 0x5054483f, 0x5e6b0c2c, 0xc2fe5501, 0x4751494d, 0xeefd3c01, 0x84006256, 0x20af85c7, 0x20df82d6, 0x06d34314, 0x178acb20, 0x1786db20,
    0x13030623, 0x892f8b64, 0x5d112017, 0x47850617, 0x2f88c720, 0x27480b20, 0x89178506, 0x770d212f, 0x27247793, 0x88000e03, 0x01217f85, 0x207f8a0b,
    0x214f88b9, 0x37876a16, 0x12022e22, 0x26210182, 0x22af8501, 0x8a33011b, 0x88f8202f, 0x001422c7, 0x20178a94, 0x214788da, 0xa7414515, 0x00162605,
    0x02020200, 0x158b6a12, 0x6a4d3721, 0x0f850d8b, 0x4e023824, 0x9d824059, 0x8b6a3382, 0x68332006, 0xd72e05a0, 0x9a9a5cc1, 0x1202c15c, 0xbc0144fe,
    0x6082eefd, 0x82000121, 0x1d03215f, 0x0c205f82, 0x2016876a, 0x10876a37, 0x876a1186, 0xa4ba2c20, 0x5a7e7c5c, 0xa45c7d7e, 0x8276766a, 0x01462373,
    0x0382feba, 0x01eefd25, 0x846dfe93, 0x207b85f3, 0x20f382d6, 0x06534120, 0x178a4920, 0x1788db20, 0xe5001122, 0xc720178a, 0x0b221788, 0x2f94eb00,
    0xf5000d22, 0x2f24db84, 0x1a020000, 0x2b7bdb82, 0x12576a05, 0x2b7b3720, 0x4f10860f, 0x576a0d6b, 0x17280808, 0x13033337, 0x2f072723, 0x8b62b9c3,
    0xc0b76487, 0x01939262, 0xc8020110, 0xfefcfec8, 0x00d6d6f2, 0x16000100, 0x03026aff, 0x10267382, 0x0ab57300, 0xef470101, 0x03172108, 0x23050745,
    0x4d350101, 0x04279c82, 0x04010562, 0x45043904, 0x1e8907fb, 0x1e8d3820, 0x001a4029, 0x02000201, 0x86800001, 0x00002140, 0x59233b88, 0x820d4059,
    0x0010324b, 0x1311120f, 0x1a090621, 0x3335172b, 0x37373632, 0x05ef4123, 0x06062108, 0x1c3d6723, 0x1d13071b, 0x979e5cc2, 0x3c0fd75c, 0x114a9635,
    0x08023213, 0xba0146fe, 0x282babfd, 0x8505ab42, 0x02d624b3, 0x41260126, 0x00210587, 0x055741bc, 0xdb20cb84, 0x06231786, 0x8b581103, 0x88c7202f,
    0x470b2017, 0x4785062f, 0x0d212f89, 0x202f8b68, 0x212f88da, 0x17824315, 0x00010029, 0x01000039, 0x6a1202ec, 0x37221a63, 0x636a004d, 0x6a188a15,
    0x39321c63, 0xbbfe4f01, 0xb1fea101, 0x01545701, 0xfe544a74, 0x93854a8c, 0xf3837b85, 0xf3862c20, 0xf384c320, 0xc3831785, 0x06231783, 0x8b5f1203,
    0x85f3832f, 0x000c222f, 0x261882bc, 0x01500001, 0x6aa20072, 0x03301f3f, 0x03153335, 0x0c520c5c, 0x04017201, 0xfcfe5050, 0x4d225385, 0xbb5010ff,
    0x4e21200d, 0x00371adf, 0xff270002, 0x02de01f4, 0x0018001e, 0x40870023, 0x0d161d09, 0x45040407, 0x182008b9, 0x26093e63, 0x04040106, 0x45036100,
    0x1c200dbe, 0x00241f89, 0x4d350303, 0xc3452485, 0x201e8d08, 0x361e8d38, 0x15405959, 0x0001191a, 0x231a2319, 0x0f111415, 0x1800080a, 0x63071801,
    0x035e1651, 0x064a6308, 0x4a63da20, 0x024c230e, 0x45636714, 0xbafe2415, 0x63362b55, 0xff210942, 0x24f386ff, 0x012602d6, 0x06a74133, 0x0000b822,
    0xdb201788, 0x06231786, 0x73511303, 0x234105df, 0x21178905, 0x17955412, 0x178c1120, 0x4788c720, 0x955a0b21, 0x460d202f, 0x5f850657, 0x2f88b920,
    0x87571621, 0x022e242f, 0x881e0201, 0x011b22a7, 0x20a78a22, 0x221788f8, 0x8a810014, 0x88da2017, 0x3f152147, 0x00254782, 0xff2c0002, 0x06ef4cf4,
    0x91002223, 0x0cef5fb6, 0x05001923, 0x07755205, 0x2018eb5f, 0x08655b37, 0x5f4d3d21, 0x238e17eb, 0x2516eb5f, 0x22131a1c, 0xeb5f2214, 0x0ce74d23,
    0x0c013708, 0x3031634c, 0x533b4c63, 0x034c5416, 0x372c5615, 0x3f1c1c3f, 0x20443537, 0x4c0c441f, 0x7e4a4b7e, 0x4a282e4d, 0x2c53eefd, 0x5b395033,
    0x38593431, 0x32355937, 0x4350385b, 0x02032606, 0x012602d6, 0x06eb413e, 0x5900cc21, 0xf42405f3, 0xdb020302, 0x06231786, 0x82651303, 0x892f881e,
    0x44122017, 0x4341066f, 0x20178905, 0x20178c11, 0x204788c7, 0x064f520b, 0x0d212f8f, 0x205f8b78, 0x212f88b9, 0x17876b16, 0x26022e24, 0xa7881e02,
    0x47011b22, 0xf820a78a, 0x14221788, 0x178a9500, 0x4788da20, 0x82531521, 0x01002347, 0x06825c00, 0xc602b022, 0x180ddb57, 0x242a1744, 0xfdc60254,
    0x05b76d3a, 0x03010123, 0x205f828a, 0x063f5549, 0x4b683520, 0x206b8210, 0x222f8201, 0x82012600, 0x07002323, 0x134d1003, 0xff412606, 0x02b80010,
    0x243b85c6, 0x18030600, 0x82948215, 0x82132053, 0x87f92006, 0x06012417, 0x55eb1e03, 0xd7660a3f, 0x21378208, 0x2982ab00, 0x23030623, 0x09334160,
    0x37830020, 0x22062763, 0x41c40024, 0x05220803, 0x475ec402, 0x69232108, 0x8717c75f, 0x03072123, 0xc75f3b82, 0x025e2212, 0x205f8402, 0x837082ce,
    0x84c02023, 0x824b205f, 0x84ab200d, 0x053f5917, 0x841f2421, 0xf0ff258f, 0x04010000, 0x2320178a, 0x9606b759, 0x1400252f, 0xc7002eff, 0x26212f88,
    0x58478303, 0x00270697, 0x016aff4b, 0x58c602a5, 0x1b83087f, 0x22097f58, 0x82190124, 0x58002072, 0x00210503, 0x204384bb, 0x231182e5, 0x2f240306,
    0x20091b41, 0x20178411, 0x211784f7, 0x634a6923, 0x49c6200b, 0x232108fb, 0x49178566, 0x1783051f, 0xeb842020, 0xe4002322, 0x830a9747, 0x85262017,
    0x06834447, 0x8305bb46, 0x05a34617, 0xb9002422, 0x830a6b44, 0x85332017, 0x8953202f, 0x8303208f, 0x3e01218f, 0x234b1785, 0x003c2406, 0x84840200,
    0x82cd20e7, 0x00072317, 0x7f8201cd, 0x00ffff22, 0x21221783, 0xff82c702, 0x27241783, 0x7b01da00, 0x0c229784, 0x67849d01, 0x6a201f83, 0xeb22378a,
    0x17847701, 0x4f823720, 0x8e029326, 0x0f012600, 0x01232f83, 0x822d010f, 0x022a0807, 0x78012800, 0xd6027301, 0x2b002100, 0x43404600, 0x04020726,
    0x02191f02, 0x4c020400, 0x04010200, 0x80040201, 0x04020608, 0x12820705, 0x65002708, 0x03010100, 0x03030061, 0x234e014e, 0x22000122, 0x1d2b232b,
    0x1216181b, 0x0b0d0e10, 0x01210009, 0x160b0921, 0xe069132b, 0x09dd6707, 0xe1691620, 0x69062006, 0x43080fe2, 0x3840349c, 0x1d216f34, 0x5605201c,
    0x483f4f09, 0x030a124a, 0x281b0b10, 0x1d3a0c05, 0x1a533227, 0x2f780118, 0x0a332d2b, 0x1a222216, 0x39350418, 0x187d4347, 0x1902013c, 0x3b221a23,
    0x1217252b, 0x26111806, 0x7b20c788, 0x0b27c782, 0x2a001700, 0x82052740, 0x05655db8, 0x33068d5c, 0x0d4e034e, 0x1300010c, 0x0d170c11, 0x00050717,
    0x060b010b, 0x3324ab88, 0x14151632, 0x0cca4118, 0x4ed22208, 0x4d4e5c5c, 0x294d5c5c, 0x2a292c2c, 0x78012c2c, 0x5f50505f, 0x5f504f60, 0x33343a41,
    0x33323c3b, 0x05bf413b, 0x00001429, 0xc6028802, 0x72000602, 0x56260963, 0x0c00c602, 0x4f181300, 0x05230b81, 0x18050204, 0x3008814f, 0x04004d1a,
    0x065f0304, 0x1b030301, 0x401b4e03, 0x244a821c, 0x01000201, 0xe7521867, 0x211e8708, 0x127d031d, 0x11132305, 0x52820d0f, 0x11210b2d, 0x19070711,
    0x2111332b, 0x85152115, 0x272321b5, 0x2406627f, 0x7dfed901, 0x0a667fa9, 0x74c0542a, 0x54726567, 0x00008783, 0x21059f44, 0xa7846a02, 0xe77a0d20,
    0x82342008, 0x000522a7, 0x09535a39, 0x825f0021, 0x4d1a271b, 0x02020103, 0x9882021b, 0x98870f20, 0x1d201183, 0x2707d24c, 0x11050005, 0x18070411,
    0x11278685, 0xfed8015c, 0x7ac6027e, 0x5c32061f, 0x34020000, 0x26028a03, 0x00006901, 0x0e030701, 0x0745f700, 0x0573450d, 0x03ed0127, 0x00070061,
    0x207b8544, 0x24148216, 0x02008501, 0x20808602, 0x07194104, 0x18851420, 0x02000026, 0x68020003, 0x1d201683, 0x410ea97a, 0x3523050d, 0x82211533,
    0x563b2988, 0xc602c5fe, 0x8efdef9b, 0x0021b883, 0x20378248, 0x22e38269, 0x8551000d, 0x041b2f67, 0x01050101, 0x00010600, 0x03030067, 0x71825f02,
    0x074d1a27, 0x1b060601, 0x5d4e1806, 0x02012307, 0x25896703, 0x1d201b83, 0x23076d62, 0x110d000d, 0x08220084, 0xfb821c07, 0x33352324, 0x76822111,
    0x23153337, 0x49499111, 0x7efed801, 0x1e01f7f7, 0x54540154, 0xfe5400ff, 0x278282e2, 0x32000200, 0xf2026aff, 0x0e248382, 0x68001400, 0x25358585,
    0x01070700, 0x0101005f, 0x02064d1a, 0x04000002, 0x0404005f, 0x280b851b, 0x05085f03, 0x1e030302, 0x288f8203, 0x00010023, 0x07010007, 0x20258967,
    0x2c258f1d, 0x00124059, 0x10111200, 0x000e000f, 0x249c820e, 0x07092113, 0x06824c1b, 0x11211322, 0x2d089b82, 0x37152135, 0x03211121, 0x26293206,
    0x01340728, 0xfd5658b6, 0x660156ec, 0x092deffe, 0x4440ea96, 0x8efdee01, 0xea9696ea, 0x5cfe1e02, 0x2b42004f, 0x02222608, 0x000602c6, 0x230f8918,
    0x26028f03, 0x01250f83, 0x000d0307, 0x0dd3419b, 0x21065f42, 0x51180322, 0x51180963, 0x00361087, 0x000f0001, 0x02900300, 0x001100c6, 0x100b4049,
    0x04070a0d, 0x73790601, 0x02102b09, 0x00000201, 0x05064d1a, 0x18430304, 0x21128506, 0x12855f03, 0x4e031d22, 0x2305c459, 0x12110011, 0x07200083,
    0x3324ea82, 0x01330101, 0x07434918, 0x11012208, 0x0f011123, 0xe2fe2801, 0x56170175, 0xfe741701, 0x742801e2, 0xfe56dffe, 0x016301df, 0x01a6fe63,
    0x2603845a, 0x019dfe9d, 0x83a5fe5b, 0x82002003, 0xff322c97, 0x025a02f0, 0x002d00d6, 0x5427b586, 0x2e210a33, 0x23788200, 0x80040605, 0x08b64a18,
    0x0300042f, 0x67030401, 0x07050500, 0x07070061, 0x090a641f, 0x4e002025, 0x902c401b, 0x00072430, 0x54070605, 0x3884052b, 0x00020229, 0x00010861,
    0x82002200, 0x01172dcb, 0x1d202200, 0x13181a1c, 0x090e1011, 0x2706a07f, 0x2b160709, 0x26262205, 0x280ab355, 0x17350707, 0x35363632, 0x05504534,
    0x57023e21, 0x026905e4, 0x064d0805, 0x7b4e4701, 0x05590349, 0x64565166, 0x4a2a4f33, 0x2e43224a, 0x56444a57, 0x44075a07, 0x714a436d, 0x504a8240,
    0x33107c46, 0x37063a5a, 0x303d4942, 0x01011c3b, 0x36160155, 0x32362f2e, 0x4d32062b, 0x37532f2c, 0x62162677, 0x365f3e45, 0x2e008200, 0x00570001,
    0x02860200, 0x000900c6, 0x8207b636, 0x08404fb1, 0x01030d27, 0x4d1a0202, 0x20c08201, 0x84ef831b, 0x5f00210f, 0x1d200f83, 0x2608d082, 0x121112b6,
    0x1a070410, 0x1123212b, 0x33112301, 0x02330111, 0xa7fe5686, 0x5f015680, 0xfd64027a, 0xfdc6029c, 0x82700290, 0x85022063, 0x8f032e63, 0x17000d00,
    0x15b66500, 0x06040210, 0x06965701, 0x01031c3e, 0x85010201, 0x01080200, 0x00020600, 0x06010769, 0x054d1a06, 0x1b040401, 0x401b4e04, 0x04211e93,
    0x211e835f, 0x5441041d, 0x16173a05, 0x11121314, 0x0a0b0e0f, 0x03040608, 0x0d010d00, 0x2b160709, 0x27262201, 0x055c6e33, 0x06063323, 0x2fa28813,
    0x4c3d6c01, 0x2b053a03, 0x042a2322, 0xdc4a033a, 0x032bb087, 0x223a460f, 0x3a222020, 0x8bf1fc46, 0x82bb89bc, 0x5400265a, 0x02060bb6, 0xf8421802,
    0x00162308, 0xaf540600, 0x45908305, 0x188d0a4a, 0x455f0221, 0x12370851, 0x0c0d0000, 0x0708090a, 0x03000405, 0x07110300, 0x012b1707, 0x8a173327,
    0x5a4124a0, 0x89ff425e, 0x80802196, 0x012f908c, 0x00005c00, 0xc6026f02, 0x3f000a00, 0x180609b7, 0x250b0b4b, 0x0001010e, 0x61511a00, 0x021b2405,
    0x84401b4e, 0x5f022710, 0x02020304, 0x4c181d02, 0x0a27078d, 0x12120a00, 0x18070511, 0x3b0a8d4c, 0x565c1101, 0xfe753e01, 0x754f01bb, 0xc602b8fe,
    0x5b01a5fe, 0x9dfe9dfe, 0xa4fe5c01, 0x27081344, 0x028a036f, 0x00760126, 0x2005e745, 0x0d1344ff, 0x00010023, 0x20978243, 0x229782a1, 0x4447000f,
    0x172305f9, 0x44030300, 0x002006f9, 0x5f221b82, 0x86820405, 0x15209784, 0x03242e82, 0x67030100, 0x9e841789, 0x0f820d20, 0x000f3608, 0x1311110e,
    0x1a070621, 0x3335332b, 0x13373632, 0x11231121, 0x06060321, 0x1b3a4323, 0x012e031d, 0xecfe56bb, 0x423e0528, 0x02212854, 0x023afd29, 0x4321fe72,
    0x08cb4450, 0x02110327, 0x000602c6, 0x20b78844, 0x200f846d, 0x081f762c, 0xd602b622, 0x4b201f82, 0x20081747, 0x22b38263, 0x853c0007, 0x461220b3,
    0x03290a96, 0x1b010102, 0x401b4e01, 0x252b8210, 0x02000102, 0x12830467, 0x18011d21, 0x240d3d41, 0x332b1907, 0x28a38411, 0x07025c11, 0x02a5fe56,
    0x219483c6, 0x27458efd, 0x84562006, 0x8455207f, 0xff292e7f, 0x029302f0, 0x000600d6, 0xff00fc0e, 0x225782ff, 0x82100200, 0x0006247f, 0x7f00f463,
    0x08200607, 0x0e240f82, 0x09b55300, 0x520acb52, 0x1a210c92, 0x2137824d, 0x22436004, 0x03172608, 0x02010201, 0x073c4785, 0x1d211985, 0x20a58204,
    0x2528820d, 0x120d000e, 0x4f411211, 0x09aa5208, 0x5154233a, 0x1d1b0d26, 0x9b9f5dc2, 0x591de25d, 0x02452554, 0x0148fe08, 0x538dfdb8, 0x08974d18,
    0x8f030826, 0x80012602, 0x07249a82, 0x53001303, 0x260ef341, 0x002d0003, 0x82120300, 0x001532af, 0x0023001c, 0x210d403f, 0x14191a20, 0x0801090c,
    0x085d7f01, 0x00000c27, 0x024d1a00, 0x064c4101, 0x01210e83, 0x210e835f, 0xa282011d, 0x1d820a20, 0x00154e08, 0x07031a15, 0x35212b17, 0x3435022e,
    0x35373636, 0x021e1533, 0x06061415, 0x14011507, 0x06111716, 0x26340506, 0x36361127, 0x94617501, 0x61945353, 0x53956154, 0xfe619553, 0x6e6e80be,
    0x80310280, 0x4a806f6f, 0x4e794b07, 0x074b794e, 0x2302824a, 0x7a4d4d7a, 0x01331082, 0x08695363, 0x69088801, 0x09685353, 0x680978fe, 0x7effff00,
    0x022307fb, 0x82790006, 0x0001267b, 0x026aff5c, 0x435918ba, 0x01032b0c, 0x4d1a0101, 0x02020104, 0x22826000, 0x0a841b20, 0x0660052b, 0x1e050501,
    0x401b4e05, 0x05b2441e, 0x1d202088, 0xb646208d, 0x43591805, 0x1b072808, 0x2135052b, 0x83113311, 0x15333503, 0xf8fd6402, 0x565b0156, 0x02969657,
    0x028efdc6, 0xea8efd72, 0x28248784, 0x30020000, 0x14248782, 0x01b54c00, 0x2c061f58, 0x4058502f, 0x00020015, 0x00020400, 0x41968569, 0x178c08f6,
    0x380a1245, 0x0000000d, 0x14140014, 0x06231323, 0x212b1a07, 0x23060611, 0x35352622, 0x058c7133, 0x09823620, 0xda01113e, 0x72456a17, 0x4a4c567a,
    0x5632593b, 0x382d5301, 0xf2f26a7c, 0x42264f43, 0x3afdf12b, 0xb7494082, 0x3a032105, 0x0b208f82, 0x2707b749, 0x02020414, 0x4d1a0000, 0x0d418783,
    0x051b2405, 0x84401b4e, 0x00012216, 0x21168985, 0xba47051d, 0x0b034106, 0x89113321, 0x565c2501, 0x56ed57ee, 0x0221fe87, 0x26728272, 0xff5c0001,
    0x8291036a, 0x000f226f, 0x058b4360, 0x6f862120, 0x0203052c, 0x60070101, 0x07070108, 0x0c844d1b, 0x00600626, 0x061e0606, 0x23847c82, 0x238a7c82,
    0x238d1d20, 0x10405929, 0x0f000000, 0x85110f00, 0x07092300, 0x89892b1d, 0x15220982, 0x8f853523, 0x918b5720, 0x96ea8e23, 0x21938400, 0x3f7d6302,
    0x4d1a2c10, 0x00020200, 0x00010460, 0x424d1b00, 0x18200815, 0x88051542, 0x871d201a, 0x130f421a, 0x0f422320, 0x15232906, 0x56d93501, 0xd8565b01,
    0x21080e42, 0xaf82963a, 0x0eb34b18, 0x11414d20, 0x00192905, 0x04010501, 0x67040103, 0x85822282, 0x02030323, 0x266f8260, 0x1b4e021b, 0x82001940,
    0x898520af, 0x451b8620, 0x0b2e0557, 0x0b110b0b, 0x21242210, 0x1a070610, 0xf582132b, 0x16322708, 0x23061415, 0x33111323, 0x23343532, 0x77a9565c,
    0xff778484, 0xa1a1a956, 0xecfec602, 0x72656774, 0xf6fe5e01, 0x68828783, 0x00030029, 0x0200005c, 0x82c602fb, 0x000e2409, 0x85650015, 0x001c368d,
    0x06010803, 0x67060305, 0x00000102, 0x05004d1a, 0x04600105, 0x07354507, 0x1e8c2320, 0x845f0121, 0x8a1d2019, 0x011d3325, 0x1840594e, 0x00000f0f,
    0x140f150f, 0x0c0e1012, 0x16470608, 0x07092806, 0x11212b17, 0x90011133, 0xa50224a9, 0x8c61fd56, 0x3afd21ad, 0x0222b18f, 0xaf824800, 0x974daf20,
    0x855e2006, 0x001f2dad, 0x05010701, 0x67050104, 0x03030106, 0x24067a4c, 0x02040400, 0x0741415f, 0x00001d29, 0x01030106, 0x88670300, 0x211f872a,
    0xaa82021d, 0x0d0d1427, 0x130d0000, 0x2ca9820d, 0x0c000c00, 0x08112124, 0x132b1907, 0x20a38935, 0x064e4111, 0x41c34821, 0x72210a4e, 0x054f4154,
    0xfe720223, 0x055141ec, 0x43000226, 0x27040000, 0x16249f82, 0x64001d00, 0x21299f85, 0x01090200, 0x06020006, 0x47748267, 0x07230636, 0x4c000001,
    0x1b240623, 0x401b4e03, 0x0025c382, 0x04010204, 0x8a2b8867, 0x031d2121, 0x1636a382, 0x00001718, 0x1d17191b, 0x16001d18, 0x24111500, 0x0a211321,
    0x4a471b07, 0x06464e09, 0x2311232d, 0x23060603, 0x33112301, 0x47343532, 0x8b340758, 0x77848477, 0x0528f6ff, 0xa202423e, 0x54a18b8b, 0x29022128,
    0x2122bd88, 0x13425043, 0x00022209, 0x20c3825c, 0x22c38207, 0x4c190012, 0x1e2a07eb, 0x0a010103, 0x07050208, 0x13420501, 0x07072607, 0x06096004,
    0x06cd4902, 0x208e2520, 0x845f0421, 0x4d1d221b, 0x21278800, 0xc682041d, 0x1313172e, 0x19130000, 0x14161813, 0x12001200, 0x1127c682, 0x070b1111,
    0x43332b1c, 0xc6880637, 0x01112122, 0x2324c284, 0x5b01565c, 0x23061742, 0xb101a5fe, 0x2106c842, 0xcc421401, 0x87a22008, 0xffff2bbc, 0xf0ff3700,
    0xd6024902, 0xc5830602, 0x00010023, 0x260f8239, 0x00d602b8, 0x417f001e, 0x2e36058d, 0x04030200, 0x80040203, 0x06050700, 0x80060705, 0x05000400,
    0x5c180407, 0x1f240920, 0x0606004d, 0x2005dd4b, 0x050c4c20, 0x0126308f, 0x01020300, 0x38886903, 0x0c4c2e87, 0x1b1c2707, 0x14151719, 0x61181213,
    0x0c4c09b5, 0x34352107, 0x2705a368, 0x23262623, 0x21070622, 0x08072579, 0x06063336, 0x92657e01, 0x65924e4e, 0x5c18a37f, 0x65567216, 0x2401097b,
    0x7a0adcfe, 0x16725665, 0x10a3185c, 0x7472a65a, 0x7d8c5aa6, 0x73835f56, 0x5f827254, 0x008c7c55, 0x2d20df82, 0xac20df82, 0xec4cdf8d, 0x16182760,
    0x0f111314, 0x974b0c0d, 0x011e2206, 0x4bdf861e, 0x21220797, 0xe0852135, 0xee842320, 0x14151622, 0x6720df82, 0x732dd984, 0x0a7a6555, 0x2401dcfe,
    0x55657b09, 0x08d98373, 0x91667f29, 0x10914e4e, 0x5f557c8c, 0x73547282, 0x7d565f83, 0x74a65a8c, 0x005aa672, 0x6000ffff, 0xb6000000, 0x0600c602,
    0x83042f00, 0x820a200f, 0x03102ef4, 0x0026007b, 0x0100fd2f, 0xff0b0307, 0x100f7ede, 0xf0ff432a, 0xc6020802, 0x39000602, 0x01263d82, 0x00000c00,
    0x4382d602, 0x58001824, 0x174e05b5, 0x001b2d0a, 0x03040002, 0x07690402, 0x01010206, 0x82063844, 0x05cd5120, 0x00001923, 0x51178207, 0x278406cf,
    0x1d211b83, 0x06b47203, 0x18001832, 0x23132314, 0x07081111, 0x35132b1c, 0x15231521, 0x1522ed84, 0xe14d2315, 0x82062005, 0x0c112409, 0x47d6ee01,
    0x3a280791, 0x0256325a, 0xff545472, 0x27059447, 0x42264e44, 0x7202f12b, 0x022ea382, 0xf0ff5c00, 0xd602ad03, 0x21001500, 0xa9427400, 0x00292505,
    0x06040001, 0x08081246, 0x02070725, 0x02020061, 0x01084d1f, 0x4d1b0505, 0x06060109, 0x03006103, 0x4e032003, 0x0027401b, 0x01070002, 0x8a690702,
    0x5f052133, 0x1d202983, 0x22202989, 0x162aba83, 0x00001617, 0x21161b1d, 0x6c822117, 0x26121522, 0x0a25c182, 0x332b1b07, 0x4e018211, 0x06280792,
    0x26222306, 0x25112327, 0x080ab065, 0x73565c2c, 0x5f8b5108, 0x4e4e9166, 0xaa8e6691, 0xb601730b, 0x6e7d7d6e, 0x027d7d6d, 0x66c7fec6, 0xa75a4f94,
    0x59a67373, 0xc7fe9aaf, 0x55189744, 0x0020081e, 0x3e209882, 0x4a2b0482, 0x0d00c602, 0x55001600, 0x180106b5, 0x23098c4d, 0x0501061a, 0x0527b182,
    0x04006701, 0x825f0304, 0x4d1a22cd, 0x07954e02, 0x03001828, 0x03050400, 0x24886704, 0x1d251a83, 0x40594e00, 0x2800820e, 0x22150e16, 0x10111126,
    0x08bc8207, 0x1123213c, 0x13230323, 0x34352626, 0x03333336, 0x06222311, 0x33161415, 0xb4564a02, 0x49aa5fa3, 0xff76854f, 0x534ea956, 0x1e014e53,
    0x2b01e2fe, 0x654a6614, 0x01acfe72, 0x3d3e4300, 0x23420042, 0x001e260c, 0x0107b563, 0x08c44e05, 0x84822020, 0x03050624, 0x4d186906, 0x1a28087e,
    0x0505004d, 0x07086104, 0x2207fa44, 0x8201001e, 0x0103231c, 0x2b876700, 0x1d212089, 0x05f85304, 0x001e002a, 0x1611241e, 0x11111123, 0x2005a648,
    0x09304223, 0x14151626, 0x35230606, 0x24076a41, 0xce151506, 0x053542c2, 0x3c6a462c, 0x5c588046, 0x3a444e68, 0x3942325a, 0x693b2f06, 0x3a6c4945,
    0x45475454, 0x2b422650, 0x5f4100f1, 0x45ac2006, 0x6d2006af, 0x20053b42, 0x33918224, 0x03020609, 0x67030004, 0x010a0400, 0x08040708, 0x01010067,
    0x0723bc82, 0x82600507, 0x051b2aa0, 0x24401b4e, 0x01000100, 0x862b9485, 0x051d2126, 0x2111b445, 0xc6822124, 0x070b1127, 0x35132b1c, 0x05406433,
    0x2207c454, 0x45171123, 0x3e2405b4, 0x75755674, 0x300a2b47, 0x60605412, 0x67746054, 0x12027265, 0x83f6feb4, 0x20b78287, 0x20bc820f, 0x32b7829b,
    0x001e001b, 0x1d0c407a, 0x01080001, 0x0205084c, 0x854b0108, 0x822520c5, 0x04082d99, 0x80040008, 0x03040106, 0x7e030408, 0x0820c982, 0x22064247,
    0x52050709, 0x2320075f, 0x00282790, 0x08010a01, 0x67080100, 0x1d212585, 0x08c58203, 0x1c1c162c, 0x1e1c0000, 0x1b001e1c, 0x11211b00, 0x12121323,
    0x1d070b13, 0x3613332b, 0x35273336, 0x16071521, 0x23131716, 0x23262627, 0x01821123, 0x06225c08, 0x17130707, 0x14710f37, 0x029f213e, 0x3b239f03,
    0x60607213, 0x1e141c0c, 0x1c141f57, 0x9c4b5f0d, 0x3421019b, 0x5454ed30, 0x323002ed, 0x21f8dffe, 0x01cffe18, 0xf8211831, 0xe8e87202, 0x2d000300,
    0xb602f0ff, 0x0f00d602, 0x33002200, 0x0c406d00, 0x0202181e, 0x02263103, 0x51020204, 0x1f200623, 0x56088d46, 0x1f2006df, 0x250a2c5e, 0x1b4e0020,
    0x21881d40, 0x5e067646, 0x2221096b, 0x33d58200, 0x01232415, 0x24332300, 0x141a1c33, 0x00070913, 0x070f010f, 0x46067a52, 0x162b066d, 0x06061415,
    0x37031e03, 0x45373636, 0x362c0596, 0x13163637, 0x06373632, 0x26260607, 0x0721ef82, 0x18fa8206, 0x080cf558, 0x382d782a, 0x13111c24, 0x7b071023,
    0x0d796068, 0x5020251f, 0x0d796132, 0x27151e1c, 0x4d233c40, 0x08232e1d, 0xa659107b, 0x5aa77373, 0x0805f643, 0x11aa0124, 0x02010914, 0x79080a02,
    0x0d6c7788, 0xfe0c0403, 0x0a6b769d, 0x14040204, 0x030c0e16, 0x84781505, 0x074f0000, 0x02be2606, 0x000e00c6, 0x16c36943, 0x564d1a21, 0x10230836,
    0x82000101, 0x020022fe, 0x0c325669, 0x0e000e2f, 0x05112421, 0x212b1907, 0x13133301, 0x05c36936, 0x0307063f, 0xfffe1501, 0x15acdc5e, 0x112a3253,
    0xc2142c25, 0x9afdc602, 0x463be501, 0xfd342854, 0x827e82ea, 0xff0f247f, 0x82b4036a, 0x0016267f, 0x150f4063, 0x06bb5412, 0x05010b23, 0x07924103,
    0x01021a3c, 0x1a000002, 0x0607084d, 0x1b050503, 0x0303004d, 0x04005f04, 0x4e041e04, 0x1c85401b, 0x855f0521, 0x8b1d201c, 0x058e4c1c, 0x1600162d,
    0x13111112, 0x09121212, 0x542b1d07, 0x13260ad5, 0x23153335, 0xda542335, 0x56f62312, 0xdb544256, 0x0ad92313, 0xde5496dc, 0x06b34c09, 0xbb827e20,
    0x55000e24, 0x1f520db7, 0x5218200c, 0x0624051f, 0x04040205, 0x0223b182, 0x825f0302, 0x031e21b6, 0x1a84b182, 0x845f0421, 0x89af821a, 0x05bc4c1a,
    0x0e000e28, 0x12121111, 0x02460711, 0x83012006, 0x52a885b2, 0x0d230739, 0x522e5651, 0xe3200a3b, 0x5c229582, 0x8f86a4fe, 0x8f82a620, 0x4b000f21,
    0x20200689, 0x06221482, 0x364c0103, 0x07082207, 0x10404102, 0x0521228c, 0x4122845f, 0xd54d1246, 0x05634f11, 0x23352325, 0x82112111, 0x56652499,
    0x18395639, 0x20086762, 0x22938280, 0x18c5fe3b, 0x2f07fb4d, 0x0602c602, 0x00007a00, 0x03000100, 0x4f020000, 0x0e25a382, 0x07b55200, 0x0a436401,
    0x20081c58, 0x050c5568, 0x51083e58, 0x1f890674, 0x410c3c58, 0x1120052f, 0x2805f547, 0x35233533, 0x13330333, 0x39048213, 0xfe152315, 0x66ed808e,
    0xed66c0c0, 0x54e5c4b6, 0xb4fe8d01, 0x73fe4c01, 0x8784e554, 0x6aff0f24, 0x87827e02, 0x5b00102c, 0x070f0d40, 0x02040104, 0x04820800, 0x41077542,
    0x102b39c1, 0x11111000, 0x07121213, 0x182b1b07, 0x4208b14f, 0x032d056c, 0xe7e90f03, 0x64b7b966, 0x5656c4e7, 0xb84f183f, 0x0bd52c0c, 0x220196dc,
    0x0000defe, 0x82280001, 0x8279209b, 0x0018229b, 0x0c9f5062, 0x9f501f20, 0x01072b0d, 0x4d1b0606, 0x05040400, 0x2f51005f, 0x21218c06, 0x21835f06,
    0x218b1d20, 0x0f405922, 0x182bfd82, 0x11111800, 0x23132314, 0x501c0708, 0x332315b5, 0x50352315, 0x49200db9, 0x220fbb50, 0x8396dc80, 0x005c24ab,
    0x51640200, 0xcf41084b, 0x82152009, 0x01022467, 0x55690200, 0x945207af, 0x27178c06, 0x01035f01, 0x011d0101, 0x51064053, 0x13210a4b, 0x12bb4911,
    0xb849b220, 0xfec6220c, 0x0cb749ad, 0x0000c622, 0x27050754, 0xc602b200, 0x2f000602, 0x2d260f84, 0x9c02f0ff, 0x0f82d602, 0x2005b362, 0x26af8257,
    0x026d0386, 0x82730126, 0x030724be, 0x4aae0016, 0x5d1805af, 0x2746077b, 0x0016240c, 0x4667001d, 0x202005fb, 0x21081882, 0x05030405, 0x02010767,
    0x00610102, 0x4d1f0101, 0x04040108, 0x01066100, 0x00200000, 0x1e401b4e, 0x1c820100, 0x02010323, 0x892b8769, 0x00222120, 0x1b32e482, 0x10111718,
    0x1a1b0001, 0x1d181d17, 0x16101314, 0x21461611, 0x0e8f4c05, 0x2b052146, 0x21070622, 0x32032626, 0x16213736, 0x0e035f18, 0x0a7a642e, 0x7a0ad101,
    0x097a6665, 0x7a092ffe, 0x270cf945, 0x74819202, 0xc2fd8174, 0x00200583, 0x830a5f54, 0x055f54f3, 0x5c001622, 0x4918f38d, 0x022507d7, 0x000602c6,
    0x674d188b, 0x187b200a, 0x1808674d, 0x8a180f4e, 0x5f4b1833, 0x0023220f, 0x0f0b4c8a, 0x243b4b18, 0x0f3f4a18, 0x13634a18, 0xf4ff2c26, 0x1e021402,
    0xab20af82, 0x0230e482, 0xf0ff2d00, 0xf9022402, 0x30002000, 0x16b55e00, 0x250a554c, 0x0201001a, 0x5a4c8501, 0x066a2706, 0x00030301, 0xb2410561,
    0x371c9707, 0x594e0022, 0x21221540, 0x282a0001, 0x30223021, 0x0d0e181a, 0x20012000, 0x3106ca47, 0x35262627, 0x37363634, 0x37353636, 0x0e070614,
    0x46180703, 0x34640c20, 0x074f0808, 0x01161606, 0x265c2e29, 0x51242626, 0x56253342, 0x38203e30, 0x1d031a2b, 0x6a473a5d, 0x4871403b, 0x2729492f,
    0x4c312d46, 0x2901012b, 0x2924104a, 0x61528426, 0x171c5380, 0x3a012b2d, 0x1d0f1d56, 0x3136432a, 0x49703f36, 0x503d724d, 0x82324e2c, 0x4c2b2528,
    0x2c4e3231, 0x032cf382, 0x00005000, 0x12020a02, 0x17000e00, 0x6320f782, 0x1ddb7118, 0x004d1c27, 0x5f010404, 0x071d5606, 0x145f1e20, 0x06a35108,
    0x1d21208a, 0x2afd8201, 0x20000012, 0x17181a1e, 0x820f1115, 0x210d2361, 0x71180707, 0x262216db, 0x51182323, 0x2d08088d, 0x6c5cdc50, 0x483f353c,
    0x88a55968, 0x323c3c32, 0x382fa588, 0x02a52f38, 0x2c444f12, 0x4207073a, 0x01514533, 0x22232a32, 0x2a82fe27, 0xc6832622, 0x20064772, 0x20c782c3,
    0x43651805, 0x06fe4d09, 0x335f1c20, 0x00112109, 0x355f138c, 0x01502a17, 0x02e1fe73, 0x38fe4a12, 0x08377700, 0xd602c326, 0xb2012602, 0x07241082,
    0xb8000e03, 0x012c0782, 0x00005000, 0xad029901, 0x46000700, 0x5f05df43, 0x1c200d2b, 0x9309f448, 0x142d5f18, 0x3335332d, 0x50112315, 0x02f556f3,
    0x84e59b12, 0x00012280, 0x2067823c, 0x22db82ea, 0x8553000d, 0x122b5f67, 0x2b5f1c20, 0x5f1d9809, 0x3528162d, 0x35333523, 0x15211521, 0x15237a82,
    0x833b3b77, 0xa3a331fd, 0x4ae04ae8, 0x00e84a96, 0x28000200, 0x89026aff, 0x13227f84, 0x275f6a00, 0x5f1c200e, 0x4f5f1d27, 0x5f278b08, 0x132b1529,
    0x00101112, 0x110d000d, 0x5f121111, 0x37200829, 0x0808285f, 0x07061336, 0x28231121, 0x300d3d2f, 0x54566201, 0x087747fe, 0xc20c0118, 0x0160e096,
    0xe038fe68, 0x38019696, 0x7e012038, 0x00ffff00, 0x02f4ff2c, 0x021e0205, 0x00c20006, 0xd9200f89, 0x18085b65, 0x1819db44, 0x291a4745, 0x2f000100,
    0x2d030000, 0x235f1202, 0x5fe7821c, 0x12870f23, 0x235f1d20, 0x13260814, 0x11133303, 0x33131133, 0x03231303, 0x03112311, 0x71e1eb2f, 0x6fdb54db,
    0xe56febe1, 0x0901e554, 0xfefe0901, 0x03840201, 0xf7fef722, 0xfe210986, 0x328f8200, 0x01f4ff32, 0x001e02e5, 0x404e0028, 0x0301234b, 0x5e4c0104,
    0x042710e4, 0x04010300, 0x5f006903, 0x21200615, 0x3609155f, 0x014e0022, 0x1a1c1e00, 0x11151719, 0x080c0e0f, 0x00030406, 0x46280128, 0xe25e0646,
    0x07072409, 0x5e161735, 0x362108e0, 0x99751836, 0x0142080b, 0x0475610c, 0x39460358, 0x3641463b, 0x372e3737, 0x3a2e333c, 0x6b085b04, 0x396b5c54,
    0x75423a31, 0x0449570c, 0x252c2e26, 0x0101312c, 0x29010150, 0x22252022, 0x4a40051d, 0x3a254550, 0x324a110d, 0xbb435448, 0x02ed2606, 0x00090012,
    0xb767183e, 0x5d1c2012, 0x10860f22, 0x2308225d, 0x11090009, 0x3709225d, 0x23113313, 0x54500311, 0xe15463e6, 0x6efe1202, 0xeefd9201, 0x76fe8a01,
    0x2d06477b, 0x02db02ed, 0x00bc0126, 0x03060000, 0xdf436213, 0x21178b09, 0x1782760d, 0x02239785, 0x5d120221, 0x98a017bb, 0x310dbb5d, 0x01013313,
    0x50110123, 0xfe76f956, 0x781101fb, 0x9e82fdfe, 0x0201fe23, 0x06d541fe, 0x73828b88, 0xa382d620, 0x6b44bf20, 0x82d12006, 0x00012607, 0x0200003c,
    0x228b8253, 0x5d49000d, 0x1c210eaf, 0x2120824d, 0xaf5d6102, 0x08c95d09, 0xb15d198b, 0x000d2308, 0x615c110c, 0x21133f0b, 0x23112311, 0x3c230603,
    0x28083231, 0xe3548401, 0x54730f21, 0xfd760148, 0xfec801ee, 0x074193cb, 0x717e2006, 0x08200703, 0x280bc35e, 0x0001010f, 0x054d1c00, 0x25148204,
    0x4e021b02, 0x118c401b, 0x0c2e7488, 0x11120c00, 0x07061112, 0x11332b1a, 0x69181333, 0x502b08cf, 0x73a3a474, 0x8f698e54, 0x70fe1202, 0x762305fb,
    0x82018afe, 0x085f4503, 0x7782f220, 0x15d76e18, 0x064d1c25, 0x53030205, 0x162005d7, 0x0bd76e18, 0x6e431886, 0x0ed75a08, 0x35331536, 0x35231133,
    0x54501523, 0xfa5454fa, 0xe5e51202, 0xe3e3eefd, 0x2408a37b, 0x0006021e, 0x207f88f7, 0x187f82f3, 0x2409af5f, 0x00020200, 0x221b825f, 0x5e044d1c,
    0x845e086f, 0x5e148608, 0x232c1871, 0xa3015011, 0x1202fb54, 0xc801eefd, 0x7b085b46, 0x0223052f, 0x44010106, 0x002108ab, 0x46838302, 0x2f240563,
    0x02020000, 0xb452838c, 0x0a5f4608, 0x148e1220, 0x2e145b46, 0x15213523, 0xbfee1123, 0x01bfd301, 0x824a4ac8, 0xffff2181, 0x82078f71, 0x7026207f,
    0x132114d3, 0x23ee8251, 0x2c000300, 0x5520a782, 0x2e283b5e, 0x1b4e011e, 0x00000c40, 0x02850001, 0x82010101, 0x4059210e, 0x200b3b5e, 0x123b5e05,
    0x3b5e0320, 0x46173e0d, 0x6a3b3b6a, 0x68465546, 0x46683b3b, 0x43434ee6, 0x4c75014e, 0x964c4343, 0x674108b1, 0x26028241, 0x08cac908, 0x82416641,
    0xb2083602, 0x5240a201, 0x0a38010a, 0x523f4052, 0x0bc8fe0b, 0xffff0052, 0x06df7200, 0x2520db82, 0x0122c482, 0xc3825000, 0x12024824, 0xfd670b00,
    0x01032408, 0x5e1c0101, 0x208b1e3b, 0x21263b5e, 0x01821133, 0xf4011533, 0xfb545cfe, 0x96965554, 0x38fe1202, 0x38fec801, 0x095744e0, 0x87820920,
    0x3b5e1320, 0x631c201b, 0x3b5e0955, 0x6017850c, 0x13230830, 0x5e131300, 0x353d163b, 0x01113335, 0x365412b5, 0x40546d5c, 0x54544835, 0x372c0101,
    0x8e8e6a7c, 0x46515145, 0x06df748d, 0x00005024, 0x8b82ca02, 0x200e375e, 0x14375e1c, 0x168b0020, 0x375e1d20, 0x5450251f, 0x54be55bf, 0x0121fb87,
    0x267182c8, 0xff500001, 0x8224036a, 0x000f226f, 0x05c74452, 0x02041a24, 0x58820002, 0x200c375e, 0x06305e00, 0x1d211c92, 0x5e1c854d, 0x81852329,
    0x838a5a20, 0xe038fe23, 0x070b4296, 0x84f30121, 0x06b553f7, 0x0b421820, 0x172b5e05, 0x5e1c0121, 0x2b5e0946, 0x3517241a, 0x84331123, 0x15232701,
    0xfb54a7f7, 0xfd41a854, 0xeefd2107, 0x02267882, 0x00005000, 0x77821802, 0x0cdb6918, 0x5e000121, 0x65820726, 0x02030325, 0x69010560, 0x192006e5,
    0x8207d844, 0x351b8ab4, 0x594e021d, 0x00000f40, 0x0b0d0f11, 0x09000a00, 0x07061121, 0x78822b18, 0x6a07b355, 0x50370678, 0x78708c54, 0x8c8c7078,
    0x028c9090, 0x5157c312, 0x5c4b5750, 0x4b00005e, 0xca2005f7, 0x03248782, 0x15000e00, 0x2007eb51, 0x5e18821c, 0x6e820822, 0x01050527, 0x07040860,
    0x06774f03, 0x1d211e99, 0x308f8201, 0x00040418, 0x11131500, 0x040e040f, 0x0607090d, 0x214d8205, 0x1c5e1103, 0x11212207, 0x249c8e33, 0xfd547602,
    0x21a08c86, 0xa48aeefd, 0x3c000226, 0x59020000, 0x0c24a382, 0x5a001300, 0x09317b18, 0x0204052c, 0x00006705, 0x005f0100, 0xa5820101, 0x4c0caf6b,
    0x20910992, 0x2118b16b, 0x9b8f3523, 0xa9559122, 0x22093941, 0x414ac801, 0xff21093a, 0x219783ff, 0x9782c703, 0xd2012724, 0x8882af01, 0xc1010622,
    0x02260582, 0x00005000, 0x17826603, 0x19001224, 0xaf855b00, 0x01031d25, 0x5d010801, 0xad820862, 0x24083a5d, 0x1b4e041b, 0x2b1f9a40, 0x594e041d,
    0x00001340, 0x13151719, 0x2009565d, 0x05565d0a, 0x89331521, 0x11232db2, 0x33251123, 0x23343532, 0xfa545023, 0x23055041, 0x4e01fae0, 0x2006f441,
    0x26bb84c3, 0xfbfe0501, 0x7d5e5c4b, 0x1e240ae7, 0x08010602, 0x012eb782, 0xf4ff2c00, 0x1e020902, 0x48001e00, 0x4a5d4540, 0x5d21201f, 0x2224094a,
    0x00014e00, 0x2228185d, 0x67231533, 0x300808e1, 0x6e491f01, 0x496e3c3c, 0x5a137c5b, 0x42374a0f, 0xb1b1084f, 0x36424f08, 0x135a0f4a, 0x7d440c7c,
    0x447c5554, 0x3d385c69, 0x4c4a4c54, 0x5b363c54, 0x5da79267, 0xe94a1e12, 0x20e05c0f, 0x33352322, 0x2311e05c, 0x147b5a16, 0x3620a182, 0x3720a187,
    0x142ca182, 0x6d4a5b7b, 0x0c6d3c3c, 0x3c365b67, 0x3d29a184, 0x44695c38, 0x7d54557c, 0xab4a1844, 0xffff2219, 0x334a18ff, 0x18ff2016, 0x22148f49,
    0x1800ffff, 0x36203b4b, 0x50000200, 0xe202f4ff, 0x14001e02, 0xa0002000, 0x5014b04b, 0x5c214058, 0x0728082f, 0x02610007, 0x1c000001, 0x28062f5c,
    0x03020508, 0x4e032203, 0x118c5c1b, 0x004d1c23, 0x058c5c07, 0x8c5c2120, 0x2030830f, 0x0bb85c40, 0x1d202b8f, 0x240d8e5c, 0x16164059, 0x24748215,
    0x1620151a, 0x25988220, 0x22261214, 0x8f5c1111, 0x33152106, 0x2509e550, 0x27262223, 0x8f5c1523, 0x54503d0b, 0x6682095b, 0x3c3c6d49, 0x8266496d,
    0x4c015b09, 0x49515149, 0x02525249, 0x816fe412, 0x23056241, 0x44e46f81, 0x07584518, 0x00820020, 0x50000230, 0xfd010000, 0x0d001202, 0x5f001600,
    0x621801b5, 0x1b270a3b, 0x00040107, 0x18040102, 0x2209ec6c, 0x49064d1c, 0x1d9808b9, 0x4e011d2f, 0x0f144059, 0x1200000e, 0x0f160e10, 0x05964e16,
    0x07082627, 0x37332b19, 0x05905c26, 0x35231127, 0x33130723, 0x05965c35, 0x81502008, 0x666e3f3a, 0x797e54d1, 0x3a7d7d7a, 0x15dc4040, 0x534d334e,
    0xcdcdeefd, 0x2eb21701, 0x822e2b2b, 0x3c0031a2, 0x18026aff, 0x2200c602, 0x0bb57b00, 0x01080901, 0x08067a46, 0x01032a24, 0x00010401, 0x67000105,
    0x1a020200, 0x0808004d, 0x05006105, 0x0a4d2105, 0x1b090901, 0x0707004d, 0xf5466106, 0x401b2105, 0x27882c8b, 0x09213682, 0x202c835f, 0x2d2c8b1d,
    0x00124059, 0x00220000, 0x25212422, 0x00831123, 0x1f070b24, 0x4018332b, 0xdc5e0922, 0x61471806, 0x08ce830b, 0x3773112d, 0x73735437, 0x53315617,
    0x33434360, 0x71201c29, 0x48024d3f, 0x4a34344a, 0x6d292b7e, 0x43a8fe5c, 0x22274a50, 0x4d973a01, 0x41c9fe4a, 0x3c240583, 0x7a020000, 0x1222db82,
    0xed541b00, 0x8a232007, 0x000525d6, 0x08050708, 0xce82de86, 0x6f096021, 0x232507d9, 0x02010200, 0x872a9285, 0x061d2125, 0x28050745, 0x1315191b,
    0x11001200, 0x45c98421, 0x40180507, 0x5a4608ec, 0x35362b0a, 0x23232634, 0x547676b2, 0xc3457575, 0x4b453406, 0x028c454b, 0x60605412, 0x565caf54,
    0x354b5c55, 0x85363231, 0x002f25b7, 0x02930200, 0x1e2eb583, 0x0e406c00, 0x0304091d, 0x4c010602, 0x05820508, 0x2206b15c, 0x8201041d, 0x0206240c,
    0x82088001, 0x06ff4bb4, 0x03050722, 0x9a071647, 0x0548421f, 0x2a0ea35c, 0x07091616, 0x37332b1b, 0x5c373636, 0x172307a1, 0x82262723, 0x231523b4,
    0xa15c2335, 0x2f560806, 0x20371067, 0x9d03029d, 0x6710371f, 0x1f0b5160, 0x16561517, 0x510b1f16, 0xd79b9c37, 0xa7042521, 0x04a74a4a, 0xb1d72125,
    0xdada1118, 0x01b11811, 0x00a5a5c8, 0x2c000300, 0x1102f4ff, 0x0f001e02, 0x30002100, 0x4b404e00, 0x0202161d, 0x05012e03, 0x004c0206, 0xd6820206,
    0x53800521, 0x692106b5, 0x069f5c00, 0x84562120, 0x01073506, 0x00220000, 0x0122234e, 0x262b2d00, 0x23302225, 0x14191b30, 0x5606805c, 0x1e25145e,
    0x37323302, 0x05fb6e31, 0x36373628, 0x36321716, 0x7e5c2237, 0x07222305, 0xe6451616, 0x49230807, 0x6d3c3c6d, 0x1e333255, 0x51080813, 0x0d4d3c49,
    0x421a0a09, 0x0e4b3827, 0x31342111, 0x1018401d, 0x45510410, 0xe34306f5, 0x01260805, 0x03131740, 0x47695c02, 0x02010140, 0x3a3ffd0a, 0x0e161204,
    0x5606010a, 0x01000060, 0x00001600, 0x12023502, 0x46180d00, 0x1a4d1833, 0x0200240b, 0x4e610002, 0x715c05a7, 0x000d220c, 0x06715c0d, 0x5c033321,
    0x073b0971, 0x5ac1d703, 0x5414719c, 0x440a1739, 0x12028b1b, 0x420146fe, 0x4a4a3e3a, 0x830082fe, 0xff2f247b, 0x8233036a, 0x0015267b, 0x140b405f,
    0x0e277111, 0x20054a5c, 0x1b675c1c, 0x205b1c87, 0x00152612, 0x11111215, 0x07675c12, 0x24091952, 0x23153317, 0x0e1d5235, 0x5448a923, 0x101f5221,
    0x96e0bf22, 0x26082052, 0xff500001, 0x8229026a, 0x000f24ab, 0x5c0eb755, 0x1c21115b, 0x185b5c4d, 0x5b5c1a86, 0x000f2512, 0x2211110f, 0x24095b5c,
    0x17013313, 0x509e8431, 0xc52307da, 0x502c5454, 0x918609db, 0x20087f4d, 0x5c8f8442, 0x1c21135b, 0x205b5c4d, 0x3a412286, 0x105b5c12, 0x35331522,
    0x20052d6a, 0x06e94f23, 0x5054502d, 0xe51202fa, 0xe038fee5, 0x84e3e396, 0xff16248f, 0x8202026a, 0x00082c8f, 0x061a401d, 0x02030003, 0x424c0100,
    0x26080529, 0x1e020200, 0x12124e02, 0x19070311, 0x3303332b, 0x03331313, 0xcce22315, 0x5a9c9c5a, 0x120254cc, 0xad0153fe, 0x8296eefd, 0x01002246,
    0x08478700, 0x2f000e21, 0x01052c40, 0x4c010100, 0x07000103, 0x05040206, 0x02680400, 0x1c010101, 0x0505004d, 0x824e051e, 0x000e262f, 0x1111110e,
    0x056c5c12, 0x6a5c1720, 0x3523240b, 0x83be676d, 0x68be2760, 0x4a255476, 0x6483ed01, 0x4a13fe24, 0x63827171, 0xab822f20, 0xab823920, 0x57000f25,
    0x180e0940, 0x200dab41, 0x41b38518, 0x122037cd, 0x2309675c, 0x03333717, 0x18056c42, 0x2309c541, 0x2d54548b, 0x09c74118, 0x96e0c424, 0x8f82d6d6,
    0x8f825020, 0x8f825720, 0x5f5c1720, 0x0694561b, 0x851a5f5c, 0x125f5c21, 0x17001725, 0x5c131111, 0x3520165f, 0x4e06db41, 0x4e200cdd, 0x230ddf4e,
    0x96e038fe, 0x083b4f18, 0x0602c624, 0xdb5bd600, 0x02b02108, 0x01210f82, 0x4b5c1849, 0x9b591815, 0x7e212014, 0x22200835, 0x129b5918, 0x2b160722,
    0x559b5918, 0x2008b354, 0x08b354b9, 0x826d1621, 0x030033b6, 0xf4ff2900, 0x1e020e02, 0x16000f00, 0x3e001d00, 0x5a5c3b40, 0x07d54510, 0xd5450620,
    0x3a365c05, 0xac4b1c20, 0x6d493405, 0x496d3c3c, 0x01084f42, 0x414f0831, 0xfe084f41, 0x454f08cf, 0xda260db6, 0x544c4c54, 0x058376fe, 0x83085b52,
    0x822620bb, 0x030622b4, 0x3b401816, 0x021e240c, 0x52330106, 0x032108f3, 0x200f8302, 0x7d0f883e, 0x9f7c1f0b, 0x15cf7c16, 0x2e06a362, 0x00c60288,
    0x40210006, 0x0101051e, 0x824c0100, 0x4d292993, 0x01020203, 0x4e012b01, 0x21080c82, 0x11060006, 0x18080411, 0x3301332b, 0x03032301, 0x74000114,
    0xdc5e0001, 0xfdc602dc, 0xfd7b023a, 0x47820085, 0x002d2508, 0x02ae0200, 0x002300d6, 0x002a402d, 0x61010505, 0x28010100, 0x0204064d, 0x03000003,
    0x0207085f, 0x032b0303, 0x23304e83, 0x25152300, 0x26161111, 0x1d080911, 0x3335332b, 0x08e08b18, 0x1415162a, 0x15330706, 0x023e3521, 0x08055568,
    0x1614153a, 0x2f151716, 0x4e483e84, 0x90636290, 0x843e484e, 0x5233f3fe, 0x6e6f7830, 0x32523078, 0x5d912a54, 0x5a5aa26e, 0x915d6ea2, 0x0154542a,
    0x834e7f4a, 0x4e839393, 0x54014a7f, 0x14209383, 0x26209382, 0x1828db82, 0x2b402e00, 0x02020117, 0x9a84dc85, 0x004d2927, 0x61030202, 0x869f8205,
    0x18210897, 0x25211800, 0x08062421, 0x13332b1a, 0x23262627, 0x32333523, 0x16131716, 0x15333316, 0x26262223, 0x08fa8227, 0x0b1cc72d, 0x2f351c18,
    0xb01c423e, 0x231b170b, 0x25342922, 0x019a6913, 0x1d1b47fd, 0xfe473f4a, 0x4a1e1a42, 0x01303b1b, 0x006ffe0b, 0x82370001, 0x026d297f, 0x00130012,
    0x0528402b, 0x22087e82, 0x005f0100, 0x4d2a0101, 0x04030300, 0x02060761, 0x042b0404, 0x0000004e, 0x13130013, 0x11112321, 0x79080811, 0x212005a5,
    0x07a64a18, 0x353e7782, 0xa2112311, 0x6636026b, 0x1f1f2223, 0x01bd4851, 0xfe4a4ac8, 0x4a2622ca, 0x36014250, 0x678238fe, 0xf0ff283c, 0xd6022802,
    0x47002d00, 0x11124440, 0x07020302, 0x2a030401, 0x04050229, 0x1f824c03, 0x365f0220, 0x05043106, 0x00690403, 0x05000005, 0x05050059, 0x01066100,
    0x51350c82, 0x24260001, 0x1b1d1e20, 0x0c0e1416, 0x2d012d00, 0x2b160607, 0x24ee8205, 0x37363435, 0x07566526, 0x26071723, 0x05d14b26, 0x33166308,
    0x26271537, 0x16141506, 0x36363233, 0x020e1737, 0x744d2901, 0x7f4b4c40, 0x2c446a3b, 0x38194b58, 0x432e631f, 0x21432d4e, 0x5c4d3636, 0x4b224d5c,
    0x1a361844, 0x36106252, 0x62453e5f, 0x37782516, 0x2b192f53, 0x3025451c, 0x372e3039, 0x014f0118, 0x3d3f4c02, 0x1c2b184d, 0x1b2f1e47, 0x02000000,
    0xcf823200, 0xcf826520, 0x8c277f18, 0x7e564b27, 0x567e4545, 0x3d058357, 0x64645c57, 0x64645b5c, 0x72a65a10, 0x5b5ba772, 0xa67273a6, 0x8995545a,
    0x8a96968a, 0xc3829589, 0x2800012c, 0x12010000, 0x0900c602, 0x544e4200, 0x00142505, 0x03000001, 0x2005ca4c, 0xd5761834, 0x18169109, 0x240c9746,
    0x09051121, 0x059a4c19, 0x35363232, 0x94bc1133, 0x442f3b3c, 0x2f4a0e02, 0x003afd3f, 0x3c315282, 0x2f020000, 0x1e00d602, 0xb04b7a00, 0x4058501f,
    0x2414821e, 0x03010003, 0x29868280, 0x02006102, 0x004d3402, 0x59730303, 0x04352105, 0x2007e24e, 0x2625881c, 0x01000002, 0x8c690002, 0x99402023,
    0x0438391e, 0x4059594e, 0x0000000d, 0x191e001e, 0x062a1222, 0x332b1a09, 0x37363634, 0x2207b443, 0x5b362707, 0x3908060b, 0x06060706, 0x3c152107,
    0x316a772f, 0x47471c3c, 0x5a0b574b, 0x6e73880c, 0x4a55247a, 0x01036360, 0x6e794b89, 0x322c1a38, 0x4e453724, 0x7c680648, 0x4f365c72, 0x68332744,
    0x5e825429, 0x3224a082, 0x3302f0ff, 0x2829db82, 0x22b5bb00, 0x01040301, 0x7ae2854c, 0x692117e3, 0x06cd5b00, 0xb47af282, 0x003b2107, 0xe87af287,
    0x0069211f, 0x177b338b, 0x262e8920, 0x594e003e, 0x5c174059, 0x12230734, 0x5c0d0f10, 0x09250834, 0x22052b16, 0x06345c26, 0x2205814d, 0x82323335,
    0x44681808, 0x15162208, 0x07147b14, 0x762d3e08, 0x06590580, 0x4e2e4359, 0x384d5e30, 0x8e533f38, 0x5a074746, 0x6c6a7a0a, 0x4f457b7c, 0x6f107643,
    0x38410658, 0x47303919, 0x3d325442, 0x062f3670, 0x59676350, 0x61132672, 0x32604444, 0x36008200, 0x001e0002, 0x02350200, 0x000a00c6, 0x4055000d,
    0x02010d0a, 0x82010301, 0x06524fd9, 0x01051623, 0x310f8202, 0x68000204, 0x34010100, 0x0401064d, 0x4e043504, 0x1893401b, 0x55043821, 0x0c21054d,
    0x084e820b, 0x11110a2c, 0x09071112, 0x35212b1a, 0x33013521, 0x23153311, 0x11212515, 0x97fe8701, 0x585c6301, 0x01a9fe58, 0x014e9a01, 0x5428fede,
    0x7f45ee9a, 0xff3c2205, 0x278b84f0, 0xb5860020, 0x07030116, 0x2a07d74f, 0x0304002d, 0x01040301, 0x82010080, 0x7e02318c, 0x03000700, 0x69030704,
    0x05060600, 0x0505005f, 0x200ebe41, 0x212faa40, 0xb282003e, 0x0001172a, 0x1415181a, 0x10111213, 0x2306bf5d, 0x09200120, 0x460c8a41, 0x0725055f,
    0x15211323, 0x0a5f6221, 0x38013908, 0x5a088470, 0x4b435708, 0x314e5758, 0x2f5c1150, 0xc1fe8e01, 0x2e511b1a, 0x403c6c47, 0x586f1072, 0x553d3c06,
    0x2a584b4b, 0x548f0126, 0x3f1f1ed6, 0x6f47476f, 0x0002003e, 0x3334eb83, 0x1c00d602, 0x94002900, 0x0b0c0b40, 0x12020302, 0x02050401, 0x2006b342,
    0x0687481f, 0x02006922, 0x2205e164, 0x64074d34, 0xa44208e1, 0x451d2009, 0x05240aae, 0x69050304, 0x4020248d, 0x86421f9a, 0x1d1e3406, 0x22240001,
    0x291e291d, 0x0e101416, 0x1c000709, 0x85081c01, 0x343525fb, 0x3233023e, 0x07445318, 0x410d5663, 0x46080510, 0x16141506, 0x84783801, 0x4f6b411d,
    0x5a15685f, 0x513b3b0c, 0x5b1a0a63, 0x3b6a463d, 0x46487140, 0x30435459, 0x10572c4c, 0x9a5898a4, 0x4b5d4375, 0x7f322a08, 0x3c342780, 0x714e496d,
    0x4f59543d, 0x4827564a, 0x825f4931, 0x00142ec4, 0x020c0200, 0x000c00c6, 0x0108b542, 0xb35c1800, 0x00112208, 0x05054700, 0x184d3421, 0x200cc287,
    0x20348201, 0x18138501, 0x2708874e, 0x110c000c, 0x18090414, 0x3b055f44, 0x15213521, 0xb215020e, 0xfe4f713c, 0x59f80166, 0xdb6e3673, 0x4e545bce,
    0x78d3c766, 0x00375482, 0xff280003, 0x023402f0, 0x001b00d6, 0x00330027, 0x0715b696, 0x44020502, 0x20280734, 0x00020107, 0x05020405, 0x2008de4f,
    0x0a636634, 0x20098141, 0x24bc821e, 0x03010203, 0x662f8869, 0x25830968, 0x96056045, 0x05834120, 0x28291b38, 0x00011c1d, 0x33282d2f, 0x21233329,
    0x271d271c, 0x1b000d0f, 0x65181b01, 0x37200aaa, 0x200df548, 0x05966616, 0x48363221, 0x132008f8, 0x53080b8a, 0x774c2e01, 0x2f3f4a43, 0x45663938,
    0x38386745, 0x434a3f2f, 0x48424d76, 0x47434446, 0x5d4f4248, 0x54585953, 0x5e30105d, 0x16604545, 0x38394913, 0x58333358, 0x13493938, 0x45456016,
    0xb101305e, 0x3c333939, 0x3939333c, 0x4341a3fe, 0x3e4b4b3e, 0x00004143, 0x200ab342, 0x05b3421d, 0x04010a24, 0xfa820405, 0xb3420220, 0x07255408,
    0x0500692e, 0x00610305, 0x4d340303, 0x00010100, 0x0e049618, 0xda421d20, 0x8b2e8907, 0x9a402024, 0x052f411f, 0x1e1f1734, 0x23250001, 0x291f291e,
    0x0c0e1416, 0x1d000608, 0xb3421d01, 0x063a4506, 0x06063723, 0x26821823, 0x020e220c, 0x0b204103, 0x58204308, 0x0c5b146f, 0x5e513440, 0x385a1d08,
    0x403d6a45, 0x7159486f, 0x69401c36, 0x565d4940, 0x5554494b, 0x07425710, 0x84782824, 0x703e312d, 0x3d714e4a, 0x59649352, 0x013e6f97, 0x4a4c5547,
    0x4b4a5e60, 0x00820058, 0x00043108, 0x03f4ff2c, 0x00d6020e, 0x001f0013, 0x002d0026, 0x2a4e4051, 0x05032629, 0x004c0104, 0x03050304, 0x08800504,
    0x03020501, 0x007e0205, 0x04030001, 0x08062842, 0x5902002e, 0x02020107, 0x01066100, 0x51000200, 0x14152728, 0x2d270001, 0x23252d28, 0x1f14191b,
    0x090b1f15, 0x13011300, 0x2b160609, 0x022e2205, 0x25058943, 0x1415021e, 0x6a18020e, 0x27280b0f, 0x33343526, 0x22031732, 0x4182f682, 0x864c9d2a,
    0x66393966, 0x854d4c86, 0x85330783, 0x5555474a, 0x56554747, 0x1a5a0c08, 0x141a2e14, 0x820c0b7d, 0x4c4d211d, 0x4c211d85, 0x342d824d, 0x5e5e6ca4,
    0x5e5e6b6b, 0x2c207e6c, 0xf3fe0e8d, 0x2e21cc11, 0x8992828e, 0x05154dd7, 0x0020cb86, 0x6720ca8c, 0x00232882, 0x89005702, 0x000129c8, 0x191b1c1d,
    0x14151617, 0x0720c085, 0x3329c093, 0x06142311, 0x37152323, 0x26b08f01, 0x2d314259, 0x9060182c, 0x01ac26a5, 0x322d2884, 0x3a978c01, 0x40470032,
    0x04060044, 0x05060405, 0x03050080, 0x7e030504, 0x04020300, 0x577e0203, 0x692006b8, 0x07209e8a, 0x51283c83, 0x27290001, 0x20222425, 0x0820a089,
    0x2126a093, 0x36342335, 0x42183737, 0x1720088e, 0x2208ad63, 0x90020e07, 0x01cf39b4, 0x1e1bc00a, 0x44342c29, 0x0647403a, 0x24240540, 0x1d162418,
    0x0d2a2c34, 0x3a39c791, 0x16102914, 0x32303717, 0x0339453e, 0x1a1c2324, 0x1d101e1c, 0x003e3418, 0x2adb8c00, 0x405b003c, 0x07011a58, 0x824c0106,
    0x05033fcb, 0x00690301, 0x07060005, 0x00690605, 0x08090004, 0x00670904, 0x02080007, 0x0b690807, 0x3b820201, 0x06825920, 0x61000223, 0x35e5840a,
    0x00011415, 0x3537393a, 0x2c2e2f31, 0x23242628, 0x3c141f21, 0x90413c15, 0x930c2005, 0x363225ef, 0x27263435, 0x2321ee91, 0x070f5623, 0x27262225,
    0x90161607, 0x3c483ffa, 0x20322451, 0x3a3f4023, 0x02400642, 0x1e201f21, 0x19191c22, 0x2527262b, 0x40022328, 0x00413c03, 0x3fa43f10, 0x0c342137,
    0x2f22260a, 0x042c3c3b, 0x171e1d14, 0x23391a19, 0x1e211c1d, 0x3e2f0318, 0x4f430300, 0x001e3f0a, 0x40530021, 0x04012050, 0x03011c05, 0x094c0204,
    0x05040207, 0x03040503, 0x03010680, 0xe7410502, 0x04052305, 0x86420501, 0x0108330b, 0x51000200, 0x00011f1f, 0x211f211f, 0x1a1b1d1e, 0xed411819,
    0x930a2009, 0x35332cfd, 0x35233533, 0x33150723, 0x90153727, 0x423d28e2, 0xb83e3636, 0x906e6eb4, 0x5aac28cb, 0x33f6ef3a, 0x418f8f3a, 0x302d0dbb,
    0x58405b00, 0x0307011c, 0x01004c01, 0x2c9f8500, 0x07030004, 0x00690304, 0x08090006, 0x20bb4106, 0x2c2d2e29, 0x2224262a, 0x821f2021, 0x141924bf,
    0x41301530, 0x23231fbb, 0x82370722, 0x5a0720c4, 0x15240514, 0x22230614, 0x3714af41, 0x3c4d414f, 0x0b19323e, 0x3d1cd6a0, 0x231c230c, 0x3b232921,
    0x4705400c, 0xa432db90, 0x4c383f46, 0xe13a641c, 0x202c1512, 0x032f2625, 0x33473531, 0x09174405, 0x39002d2c, 0x56405900, 0x03022324, 0xee821d04,
    0xee870220, 0x87006921, 0x0a0728ee, 0x07020601, 0x42096906, 0x068205a3, 0x61000222, 0x3505a141, 0x14152e2f, 0x33350001, 0x392f392e, 0x1f212628,
    0x2d14191b, 0xe7852d15, 0xa5410b20, 0x36322213, 0x061f5735, 0x32333632, 0x26371716, 0x06222326, 0x16141506, 0x37262237, 0x41079f43, 0x443f10bd,
    0x3a4e533f, 0x030b2e1f, 0x1f1e2730, 0x3a0b3e06, 0x1f45383c, 0x2b254150, 0x232c0101, 0x912a2828, 0x41483af8, 0x12184345, 0x17153c36, 0x3d303006,
    0x5c583d65, 0x24252c3a, 0x25242828, 0x0de7412c, 0x3b001e32, 0x01183840, 0x4c010304, 0x02030400, 0x80020403, 0x4206e145, 0x052b0b8f, 0x00020001,
    0x1c000151, 0x45191a1b, 0x06200714, 0x3329df93, 0x35373634, 0x06331521, 0x27c49006, 0x3a444080, 0x37b9fcfe, 0x28114e43, 0x4ba568ac, 0xa7483a2c,
    0x0e8b4600, 0x35002b2d, 0x5a004100, 0x1a265740, 0x82040702, 0x000121a0, 0x29064444, 0x0704010a, 0x00690405, 0x9a410b07, 0x36373918, 0x14152c2d,
    0x3b3d0001, 0x41374136, 0x352c3032, 0x1f21352d, 0x2b152b14, 0x441f8642, 0x15230842, 0x41171614, 0x3521069c, 0x05dd4d34, 0x26220722, 0xe1910a87,
    0x4a47493d, 0x201b232b, 0x413d3e40, 0x2a241b20, 0x1f3c464b, 0x3c1f1d1d, 0x252a2a25, 0x41292926, 0x200811a4, 0x3723353b, 0x24270a0f, 0x2f36362f,
    0x0e0a2724, 0x3b352338, 0x191636f4, 0xba361619, 0x271d1d1d, 0x42048227, 0x583f13af, 0x011d5540, 0x23240703, 0x02030402, 0x0901004c, 0x01060201,
    0x010a6902, 0x03070006, 0x79690706, 0xf4500655, 0x0108250b, 0x51000500, 0x212fae42, 0xf1502203, 0x05884806, 0x16072736, 0x36323316, 0x26343536,
    0x07163207, 0x22230606, 0x36343526, 0x2710e941, 0x4e533f48, 0x0a2e203a, 0x230cae42, 0x2a26424f, 0x2117ae42, 0xaf423702, 0x16162107, 0x6711af42,
    0x0339058b, 0x02d60210, 0x00380326, 0x02070100, 0xffdc004f, 0xb109005d, 0xffb80302, 0x4371185d, 0x22238c09, 0x851a0150, 0x99012023, 0x00512223,
    0x2223a0f2, 0xa0ff0052, 0x00532223, 0x202385ee, 0x226b9902, 0xa0ef0054, 0x00552247, 0x2447a0e7, 0xff0a0156, 0x82fb835e, 0x965e20d7, 0x005722fb,
    0x0d1f41f1, 0x04002008, 0xf4ff2c00, 0xd6021003, 0x27001300, 0x4d004100, 0x67406a00, 0x09070139, 0x06023233, 0x434c0207, 0x693906f4, 0x0d04010c,
    0x04090801, 0x09006908, 0x09060700, 0x06006907, 0x06020500, 0x13a24705, 0x2942433d, 0x01141528, 0x42474900, 0x3d4d434d, 0x3035373b, 0x2941282e,
    0x141d1f41, 0x43271527, 0x0e200567, 0x36132644, 0x35023e32, 0x23022e34, 0x15020e22, 0x13021e14, 0x14151632, 0x50230606, 0x6f420833, 0x34352305,
    0x81421736, 0x26362108, 0x080a6742, 0x3a668634, 0x4d86663a, 0x2d516c3e, 0x3e6c512d, 0x2d506c3e, 0x4a6c502d, 0x451f4f41, 0x0b3a3c38, 0x1e1f063e,
    0x0a033027, 0x4e3a202e, 0x2a273e53, 0x2c232828, 0x26450101, 0x844a2011, 0x836b203c, 0x826b203c, 0x2d513544, 0x585ced01, 0x303d653d, 0x16160630,
    0x1812363c, 0x48414543, 0x20093845, 0x0aa35303, 0x1f00172c, 0x09407600, 0x12131d1e, 0x6e4d0304, 0x4e172008, 0x052809e7, 0x00030301, 0x00010461,
    0x0a38a218, 0x01001528, 0x01030200, 0x1c8d6902, 0x17924020, 0x2b05234c, 0x01181913, 0x191f1800, 0x0914161f, 0x18d89218, 0x17140130, 0x22232613,
    0x36321306, 0x03273435, 0xb4530116, 0xeafe2d0b, 0x3c2bfb2b, 0x5cbf645b, 0x29f92764, 0x310cba53, 0x4a7f7201, 0x9621c801, 0x899558fe, 0x3cfe4979,
    0x0082001c, 0x0c00012c, 0x7e010000, 0x0d00c602, 0xc3535000, 0x001a2305, 0xb7820002, 0x00670126, 0x4d340303, 0x0521d183, 0x79821860, 0x201c9708,
    0x070f6838, 0x0d000d2b, 0x11211211, 0x1b090711, 0x056b6b2b, 0xa7823320, 0x33113334, 0x94940c15, 0x442f3b3c, 0xba015488, 0xfd3f2f4a, 0x7e82548e,
    0x28246a82, 0x3002f0ff, 0x2d8f0755, 0x3f74512c, 0x5251743f, 0x743e3e74, 0x00825552, 0x56565422, 0x550c4c41, 0x75240d07, 0xfb010000, 0x27634341,
    0x469e9e75, 0x92442f3b, 0x2f0b4341, 0x3b00ffff, 0x2e020000, 0x0600d602, 0x00fffe01, 0x2a240f82, 0x2b02f0ff, 0xff210f84, 0x200f83f8, 0x201f821d,
    0x229f8234, 0x84000206, 0x823a201f, 0x8433201f, 0xfe01220f, 0x202f8200, 0x200f8238, 0x222f832f, 0x83fc0202, 0x8228200f, 0x8420202f, 0x1403211f,
    0x1a200f83, 0x26201f82, 0x04211f84, 0x202f8df2, 0x382f8505, 0x6001f8ff, 0x07038b01, 0x00004f02, 0x0900bdfe, 0xb80300b1, 0x35b0bdfe, 0x083f762b,
    0x01b60023, 0x201f8284, 0x201f8750, 0x821f8b01, 0x3401216f, 0x51203f84, 0x14201f94, 0x2e205f82, 0x52201f84, 0x0a261f94, 0x36010000, 0x5f828301,
    0x1f875320, 0x5f8c0220, 0x3b203f82, 0x54201f84, 0x28203f94, 0x4a201f82, 0x55205f84, 0x14203f94, 0x18205f82, 0x5620bf84, 0xbe201f82, 0xbf82df83,
    0xdf88be20, 0x3f821e20, 0x3f844020, 0xff915720, 0x00020022, 0x24085f86, 0x25001900, 0x3f404200, 0x05030111, 0x02020a0b, 0x064c0203, 0x01070001,
    0x04000504, 0x00050069, 0x03050203, 0x07524469, 0x4e013e3a, 0x00011a1b, 0x251a1f21, 0x1315251b, 0x06080d0f, 0x19011900, 0x2b160908, 0x20253f45,
    0x1e1e45ba, 0x448b0121, 0x002f1bfc, 0x00ffff00, 0x013b0128, 0x02ce0260, 0x844f0206, 0x0114260f, 0x02b60043, 0x200f82c7, 0x240f8450, 0x01430128,
    0x201f8434, 0x200f8451, 0x202f8214, 0x200f842e, 0x200f8452, 0x221f820a, 0x82c60236, 0x8853202f, 0x843b204f, 0x8854200f, 0x844a200f, 0x8455202f,
    0x0114240f, 0x84180142, 0x8456201f, 0x821e200f, 0x8440204f, 0x0057241f, 0x84020000, 0x272f828f, 0x25001900, 0x3e404100, 0x410a4741, 0x0024093d,
    0x65010201, 0x21095054, 0x46410434, 0xce02215e, 0x2a1b4641, 0x0038ff01, 0x02720100, 0x180300c6, 0x0831df9e, 0x33012323, 0xea01c801, 0x0216fe50,
    0xff3afdc6, 0x001400ff, 0x02f80200, 0x022600c7, 0x00000050, 0x013a0227, 0x265d821a, 0x01510207, 0x48bdfec4, 0x75430523, 0x232b8305, 0xf202f8ff,
    0x52202b92, 0x28262b92, 0x3403f8ff, 0x5782ce02, 0x57865120, 0x57845c20, 0x06025222, 0x83825791, 0x5792c820, 0x92015322, 0x79432b85, 0x20af8607,
    0x205784fa, 0x20578652, 0x2057844c, 0x8b838753, 0x20af822b, 0x205792ff, 0x20af9254, 0x20af8214, 0x202b9204, 0x442b8757, 0x0741077d, 0x36032105,
    0x57228392, 0xaf85f601, 0x28202b8a, 0x43265782, 0x2600c602, 0xaf865402, 0xaf845920, 0x03025722, 0x83822b90, 0x84f80221, 0x8656202b, 0x850e202b,
    0xb801212b, 0x28262b90, 0x600194ff, 0x1f452701, 0x45592006, 0x5920061f, 0x26083f44, 0x009cff14, 0x452001b6, 0x1f84061f, 0x1f894582, 0x9cff2824,
    0x3f843401, 0x00005123, 0x201f91fe, 0x205f8214, 0x201f842e, 0x201f9452, 0x223f820a, 0x451f0136, 0x3f84061f, 0xfeb80222, 0x94225f8b, 0x1f843b01,
    0x3f945420, 0x4a20bf83, 0x55205f84, 0x3f8c1f87, 0x0121bf82, 0x20bf8418, 0x201f8256, 0x061f455a, 0xdf885a20, 0x9f821e20, 0x3f844020, 0x3f875720,
    0x7f880320, 0x00020022, 0x00275f86, 0x00250019, 0x43414044, 0xd04312d7, 0x4d462109, 0x20072145, 0x16214547, 0x21450a20, 0x43272048, 0x00221bda,
    0x1f450003, 0x0b002306, 0xbb821200, 0x3340362b, 0x0e0f1718, 0x01020304, 0x21a3874c, 0xfb494d4e, 0x004f2d09, 0x0113144e, 0x14191300, 0x07101219,
    0x15e95a18, 0x3717143c, 0x13222326, 0x27343532, 0x46c41607, 0x47475556, 0x0ca15555, 0x5a1a147c, 0x06825a5a, 0x543b0121, 0xca2f07fa, 0x0ecb212b,
    0x2f8ee5fe, 0x0011cc20, 0x45000100, 0x0025069b, 0x40230009, 0x0a865d20, 0x044d4c39, 0x4d030301, 0x00004e03, 0x09000900, 0x05112112, 0x132b190b,
    0x49350735, 0x742e0598, 0x2d2c1860, 0xfe430131, 0x282d3201, 0x25827cfe, 0xd7820120, 0x3401432a, 0x1e00ce02, 0x2b402e00, 0x200f6a5d, 0x096a5d4e,
    0x83044d21, 0x07235d55, 0x2b1a0b25, 0x54363413, 0x245d0b82, 0x07390808, 0x15060607, 0x0d281533, 0x1d342c2a, 0x24182416, 0x06400524, 0x443a4047,
    0x1e292c34, 0x4301c01b, 0x18343e2a, 0x1c1e101d, 0x24231c1a, 0x3e453903, 0x17373032, 0x14291016, 0x468f843a, 0xeb780657, 0x20a5822b, 0x05b75102,
    0x784f0021, 0x0b2316eb, 0x4c132b16, 0x35210882, 0x050b6134, 0x0816eb78, 0x3c4ea141, 0x23024003, 0x26272528, 0x1c19192b, 0x1f201e22, 0x06400221,
    0x403f3a42, 0x24322023, 0x3e3b0151, 0x1e18032f, 0x231d1c21, 0x17191a39, 0x04141d1e, 0x2f3b3c2c, 0x0c0a2622, 0x3f372134, 0x47000200, 0x0027060b,
    0x000d000a, 0x5c2f4032, 0xac5c09b3, 0x00672e08, 0x4d4c0101, 0x04040106, 0x004e044d, 0x0a905c00, 0x1a0b3a08, 0x2335132b, 0x15333735, 0x15231533,
    0xbe353327, 0x363eb8b4, 0x016eb036, 0xf6335a43, 0x945a3aef, 0x0000008f, 0x01280001, 0x023b013b, 0x001c00c6, 0x154a404d, 0x01070301, 0x1e855c4c,
    0x127a4c20, 0x004f3709, 0x1800014e, 0x12131416, 0x0d0f1011, 0x0405070b, 0x011c0003, 0x2641091c, 0x52332008, 0x232008cd, 0x23218982, 0x05225107,
    0xad062c08, 0x40054739, 0x29233b0c, 0x231c2321, 0xd61c3d0c, 0x32190ba0, 0x014d3c3e, 0x0331353b, 0x2025262f, 0xe112152c, 0x4c1c643a, 0x47463f38,
    0x442d0ec3, 0x0a0b4140, 0x11020302, 0x02030501, 0x0f3c5c4c, 0x3c5c4e20, 0x499c820a, 0x9c85140d, 0x0d3baf18, 0x1805f35b, 0x250b375e, 0xb8160607,
    0x2c4e5040, 0x2e0b220c, 0x0b2c4e1f, 0x3b012b22, 0x2107eb43, 0x0a4e1517, 0x01002311, 0x9b481400, 0x0a003005, 0x22402500, 0x01000107, 0x00004c01,
    0x835f0100, 0x034d2708, 0x4d020201, 0x10824e02, 0x000a2508, 0x0413110a, 0x132b180b, 0x23373634, 0x06152135, 0x3c5a1506, 0x0401b937, 0x4201443a,
    0x3a48a75b, 0x68a54b2c, 0xdb48ea82, 0x17003006, 0x2d002100, 0x42404500, 0x05020612, 0x5b4c0102, 0x4e2010c1, 0x3a0ac15b, 0x234e004f, 0x01181922,
    0x22272900, 0x1e2d232d, 0x1921181c, 0x000b0d21, 0x41170117, 0x352006a7, 0x26217682, 0x08b45226, 0x16160727, 0x27061415, 0x05865432, 0x17141522,
    0x3307c341, 0xaf161415, 0x242a4b46, 0x3d41201b, 0x1b20403e, 0x474a2b23, 0x2d05bf52, 0x26292926, 0x012a2a25, 0x23353b3b, 0xaf520e38, 0x820f2009,
    0x14af52ce, 0x450d9749, 0x4e201fbf, 0x2008bf45, 0x16bf454f, 0xbf450b20, 0x1d9a4947, 0x00010035, 0x092c003e, 0x009a0222, 0x40300008, 0x0301052d,
    0x824c0100, 0x85012d15, 0x02030200, 0x03000086, 0x00570003, 0x60260682, 0x00030104, 0x0a825003, 0x00082b08, 0x11111208, 0x2b190905, 0x01213513,
    0x23010133, 0x4f083e01, 0x016ff0fe, 0x6fc9fe36, 0x3c010f01, 0xfe10014e, 0x01c9fec9, 0x5f850010, 0xbfca0621, 0xf705215f, 0x04215f9b, 0x215fbf72,
    0x5f989f03, 0xf2822c20, 0x71009d22, 0x260dbb4a, 0x01025f01, 0x79350101, 0x002006e4, 0x7d180e85, 0x3526115f, 0x712c1533, 0x41827171, 0x2c000125,
    0x830064ff, 0x00062347, 0x226bb542, 0x056a5005, 0x01001125, 0x825f0001, 0x4d352a22, 0x02020103, 0x1b4e0239, 0x20138840, 0x18138738, 0x2808af6d,
    0x09041111, 0x37172b18, 0x2a5b8223, 0x33302f07, 0x9c9c3c71, 0x82aa6371, 0xffff233f, 0x06825c00, 0xfa01cd38, 0x5e022600, 0x07010030, 0x30005e02,
    0x09008901, 0xb80101b1, 0x37538901, 0x825c2006, 0x20238387, 0x251d8527, 0x5f020601, 0xad480030, 0x82238805, 0x0f0221f3, 0x4782f382, 0x29835182,
    0x0782b920, 0x01214f82, 0x22078272, 0x82320002, 0x02a32805, 0x000b00c6, 0x854e000f, 0x041722c6, 0x2cc78601, 0x02004d34, 0x055f0302, 0x35030301,
    0x94cc8203, 0x03382f19, 0x1240594e, 0x00000c0c, 0x0f0c0f0c, 0x4a820d0e, 0x06150b29, 0x372b1709, 0x8235022e, 0x061424da, 0x82070706, 0x03533707,
    0x05560607, 0x71580307, 0x666223cd, 0x28e6e628, 0xcd236266, 0x80827171, 0x87820020, 0x005eff27, 0x002402a3, 0x27878203, 0x1bb04b66, 0x16405850,
    0x20074e41, 0x20868537, 0x20868204, 0x22868239, 0x822ab04b, 0x8214201d, 0x02012437, 0x84670100, 0x211b87a2, 0x16891940, 0x02030323, 0x081c8757,
    0x4f030232, 0x0c405959, 0x0f040404, 0x11160f04, 0x19090510, 0x1533132b, 0x34351323, 0x33373636, 0x1515021e, 0x11717132, 0x37030706, 0x02050703,
    0xabfd7124, 0xa9849f84, 0x9f820020, 0x04822c20, 0xd6020328, 0x20001c00, 0xd2649900, 0x48262005, 0x0627074a, 0x00040301, 0x657e0403, 0x04290abd,
    0x075f0504, 0x35050501, 0x07ca6405, 0x2d902420, 0x00000227, 0x69000201, 0x202b8b00, 0x2226a140, 0x824e0538, 0x1d142aca, 0x1d00001d, 0x1f201d20,
    0x2493821e, 0x2912231c, 0x21d28208, 0xd3653437, 0x2d51180b, 0x073a0808, 0x07150606, 0xea153335, 0x2927342d, 0x4a3d450e, 0x065a084f, 0x41496c40,
    0x413d3863, 0x71661d28, 0x205548c9, 0x1e292518, 0x484c4434, 0x3a664206, 0x3f3c5c34, 0x3a1a2a4f, 0x9f41c935, 0xff2c2807, 0x0203025e, 0x82030034,
    0x417120ff, 0x24200581, 0x05270c82, 0x80050300, 0x82040500, 0x067e2402, 0x67000101, 0x0424052d, 0x07620204, 0x20070143, 0x23269929, 0x59040202,
    0x2c84fe82, 0x52020425, 0x82164059, 0x1d002a49, 0x0f181a1c, 0x0520040e, 0x2a398220, 0x09081103, 0x15012b17, 0x60133523, 0x3729054b, 0x33353636,
    0x0e070614, 0x05ce6802, 0x0e173727, 0x71550102, 0x24cb8224, 0x1c29403e, 0x21e28256, 0xe2820f28, 0x83075021, 0x340228e2, 0x2afd7171, 0x833b5d34,
    0x343b21ce, 0xff3de68e, 0x002c00ff, 0x019d00f8, 0x02070369, 0x0000005e, 0xb10800f8, 0xf8b00100, 0x002b35b0, 0x2a1b8201, 0x010c01cb, 0x000b00a4,
    0x821c401f, 0x01002f0f, 0x01010059, 0x01026100, 0x51000100, 0xf44a0001, 0x09032505, 0x22372b16, 0x3009a346, 0x3b3b359c, 0x3c3c3435, 0x302f3dcb,
    0x2f303d3d, 0x8257823d, 0x7e013b4b, 0xce028201, 0x2c001100, 0x090a2940, 0x05060708, 0x10114a01, 0x0004010f, 0x54820249, 0x57010022, 0x01230682,
    0x83035f00, 0x4f33085c, 0x12111611, 0x2b1a0904, 0x23372713, 0x37273335, 0x07173717, 0x17231533, 0x34952707, 0x43787843, 0x34434234, 0x44787844,
    0x7e014334, 0x66406622, 0x846b6b22, 0x006a3406, 0x2c000200, 0x42011901, 0x0300e101, 0x2a000700, 0x82022740, 0x00012151, 0x00265e82, 0x055f0100,
    0x61830403, 0x04044f27, 0x07040000, 0x07d97a04, 0x17060628, 0x3337132b, 0x03823307, 0x5d3f2c2a, 0x5c3f3a5b, 0xc819015a, 0x3d080082, 0xf6ff0200,
    0xe3010000, 0x1b00c602, 0xa9001f00, 0x5019b04b, 0x0e284058, 0x0c010209, 0x0b00020a, 0x06670001, 0x34040401, 0x02080f4d, 0x5f030202, 0x03020507,
    0x104d3703, 0x0b0b020d, 0xfd420b35, 0x83262007, 0x23218316, 0x68020301, 0x2d883b91, 0x28a34020, 0x4e0b382c, 0x1e405959, 0x1e1f0000, 0x95821c1d,
    0x5f5e1b20, 0x11132106, 0x09260088, 0x37332b1f, 0x03853723, 0x3323d685, 0x83072307, 0x37232403, 0x82130723, 0x25242c18, 0x20540c53, 0x25590c58,
    0x827e2548, 0x0c522603, 0x0c572053, 0x270d8458, 0x7e207e32, 0x46ad46c5, 0xc820ff82, 0xc5370682, 0x0b01c5c5, 0x000000ad, 0xff280001, 0x029f0192,
    0x000300ee, 0x18144017, 0x20081440, 0x361b8276, 0x11030003, 0x2b170903, 0x01330117, 0x50270128, 0x036ed9fe, 0x8ca4fc5c, 0x40112233, 0x0591470e,
    0x7600002a, 0x09021011, 0x23052b18, 0x9f202e82, 0x50202c82, 0xff2f2d82, 0x001100ff, 0x018200f8, 0x02070169, 0x42e5ff5e, 0xff2c0f8f, 0x00ac00f8,
    0x000b0074, 0x0017401a, 0x23068942, 0x4e003e00, 0x200b8a42, 0x0a8a4217, 0x221e6c24, 0x03821e22, 0x1b230824, 0x0383231b, 0x82065b46, 0x01dc2847,
    0x022600ff, 0x8200306f, 0x006f2469, 0x468b0130, 0x8b20065b, 0x850a5b46, 0x385f2123, 0x2c242397, 0x2402f8ff, 0x47828f82, 0x27245882, 0xbc006f02,
    0x07240782, 0x78016f02, 0x02210782, 0x2b1f8200, 0xc602ac00, 0x17000b00, 0x29402c00, 0x340b5646, 0x61020303, 0x02020105, 0x0d4e023e, 0x1300000c,
    0x0d170c11, 0x14394617, 0x5420ce8a, 0x20064146, 0x46d6861f, 0xd5200a47, 0x7783e189, 0x77825e20, 0x77842c20, 0xb04b6923, 0x074b4624, 0x01046125,
    0x463d0000, 0x0022054c, 0x4b460303, 0x2918830a, 0x01000201, 0x02020069, 0x1b865f03, 0x8a194021, 0x084c4616, 0x46030021, 0x0f26054b, 0x12130001,
    0x03440c0d, 0x54052005, 0x545c08c6, 0x33172a05, 0x1515021e, 0x36343523, 0x07834136, 0x03370629, 0x06560507, 0x872c0207, 0x47d520aa, 0x00200806,
    0xf821b383, 0x055f4602, 0x6c002822, 0x23115f46, 0x05030005, 0x2b0b5f46, 0x61040505, 0x04040107, 0x1b4e043e, 0x850c3346, 0x075a4628, 0x592c268a,
    0x1d1e1440, 0x22240000, 0x281e281d, 0x41263246, 0x3a460a7b, 0x412b2016, 0x4046068a, 0x41d12018, 0xe3830898, 0xe3825e20, 0x0b003c26, 0x72002800,
    0x35064346, 0x01050107, 0x03050103, 0x02030080, 0x7e020301, 0x00000106, 0x89410501, 0x62042505, 0x39040400, 0x2920e183, 0x0426269a, 0x00590204,
    0x2c830202, 0x52040233, 0x0c174059, 0x0c00010c, 0x1f280c28, 0x17191a1d, 0x05a04115, 0x16090829, 0x1632012b, 0x41061415, 0x414606a0, 0x06a8660e,
    0x36363725, 0x861a0135, 0x464920d3, 0x49200d4a, 0x21066146, 0xd2873c02, 0x4e46d120, 0x0866460e, 0x00ffff31, 0x00f3002c, 0x036f01ac, 0x006f0207,
    0x46fb0000, 0xfb230557, 0x832b35b0, 0x3501251b, 0xa6019d00, 0x82057346, 0xb109260b, 0x01b80100, 0x075f5235, 0x82fcff21, 0x017c233b, 0x3b82016f,
    0x8ed0ff21, 0x0122263b, 0x01a2002f, 0x231b84ab, 0x003701f6, 0x37203b85, 0x00213b85, 0x30778201, 0x017701fc, 0x0003004b, 0x001b401e, 0x00010100,
    0x227f8257, 0x82025f01, 0x4f012109, 0x280aa644, 0x15213537, 0xfc4b012c, 0x8314834f, 0x02fd2237, 0x2337a923, 0x4e4efdf7, 0x37844c82, 0xa85f0321,
    0x33032137, 0xff233788, 0x840102b2, 0xb126248e, 0x9d446406, 0x06b124ab, 0x84174400, 0x4ed521af, 0x27087788, 0x012503cd, 0x001b0084, 0x1937403a,
    0x1a020101, 0x0b010301, 0x0300020a, 0x02004c03, 0x02030100, 0x03006901, 0x59030000, 0x00231182, 0x82010461, 0x0151310c, 0x10151700, 0x0006080e,
    0x051b011b, 0x252b1606, 0x2b05df79, 0x07062223, 0x33023e27, 0x1e171632, 0x3b080582, 0x06173736, 0x39235202, 0x50242338, 0x30522f20, 0x45482d2a,
    0x37552325, 0x19252f28, 0x2a344d2b, 0x1c0fcd6d, 0x2d171413, 0x2e293e2d, 0x141d1913, 0x30280817, 0x0100683e, 0x92ff2d00, 0xee227782, 0x1b460a00,
    0x0a240810, 0x03140a00, 0x172b1709, 0x37343526, 0x14150633, 0x8bb81716, 0x407f4b8b, 0xddd16e3f, 0xd6d8d0de, 0x006cd76b, 0x01270082, 0x92ff0f00,
    0x8302e500, 0x0b2b4643, 0x10152008, 0x2b180902, 0x36362317, 0x33273435, 0x5a141516, 0x7f403f4b, 0x6c6e8b4b, 0xd8d66bd7, 0x84ddded0, 0xff2d243b,
    0x8276018d, 0x00212a3b, 0x183a403d, 0x01020101, 0x2bf5824c, 0x04030204, 0x00020069, 0x01020501, 0x3c134972, 0x11121f20, 0x08090e10, 0x21000607,
    0x09072101, 0x22052b16, 0x34353526, 0x32352326, 0x2d078236, 0x15333336, 0x15150626, 0x15070614, 0x07821616, 0x37163208, 0x4f3e0115, 0x3232355b,
    0x384f5b35, 0x2e42434f, 0x4f43412f, 0x534c6073, 0x48534741, 0x604c5340, 0x352a034e, 0x0b534b5c, 0x4b560a01, 0x022a345c, 0x209e824e, 0x22db8300,
    0x8758018d, 0x0109239f, 0x9f840405, 0x0304022c, 0x04006902, 0x04010500, 0x65496905, 0x0106210a, 0x24056549, 0x191a1b1c, 0x21a28214, 0x9f870203,
    0x35231723, 0x22998416, 0x84263537, 0x350723a9, 0x99843233, 0x22153322, 0x2308a984, 0x42503847, 0x422e2f41, 0x50385042, 0x3131365a, 0x4e735a36,
    0x5c342a02, 0x010a564b, 0x5c4b530b, 0x4e032a35, 0x4024af82, 0x41475348, 0x6882af82, 0x92ff5c24, 0x9b824c01, 0x22000724, 0x0f821f40, 0x0103022f,
    0x03006702, 0x57030000, 0x00030300, 0x2e08825f, 0x11114f00, 0x09041011, 0x23052b1a, 0x82153311, 0x4c012b03, 0xa0a0f0f0, 0x465c036e, 0xdf8430fd,
    0xff009222, 0x28224384, 0x765e2540, 0x08774f08, 0x01045f2c, 0x4f030003, 0x07000000, 0x4a820700, 0x19090528, 0x3335172b, 0x03822311, 0xa0a00f2a,
    0x02466ef0, 0xa4fc46d0, 0x33052b41, 0x018eff2c, 0x00350334, 0x401e0005, 0x0201041b, 0x4c010001, 0x3c0c6e48, 0x12050005, 0x2b170603, 0x33130317,
    0xb7e31303, 0xb7b751b7, 0x01d40172, 0xfe2dfed3, 0x27438f2c, 0x05154018, 0x01000202, 0x48824382, 0x1e828520, 0x1012762d, 0x2b180602, 0x03132317,
    0x827d1333, 0x8751203b, 0x2c1c823d, 0x2c000100, 0x3e01c1ff, 0x06003903, 0x0eb34800, 0x05343482, 0x06211121, 0x3e011415, 0x1201eefe, 0x78033f87,
    0x00e4e6d6, 0x1b49338c, 0x0006230f, 0xac841406, 0x34353631, 0x2c112127, 0x12018787, 0xe6e4d83f, 0x8388fcd6, 0xeb002537, 0x3a035a01, 0x2423eb82,
    0x82032140, 0x860221eb, 0x820ab944, 0x4f012120, 0xf0829482, 0x04111122, 0x372f7e82, 0x23152111, 0x2e012c11, 0x4f02ebde, 0x82fffd4e, 0x8201201b,
    0x019924af, 0x8ae8015a, 0x00852243, 0x20458201, 0x06444e57, 0x8c000121, 0x11013343, 0x11333521, 0xd2fe5a01, 0xfde801de, 0x01024eb1, 0x4382ffff,
    0xdb018e26, 0x26003503, 0x00217f83, 0x20058207, 0x205b82a7, 0x2b178802, 0x000b0005, 0x0b1b401e, 0x04020508, 0x2405187b, 0x85010001, 0x2f668202,
    0x12121276, 0x1a060410, 0x1323052b, 0x01133303, 0x24270585, 0x51b7b751, 0x41a2feb7, 0xfe210b5d, 0x05a3412c, 0x57829a82, 0x016e2708, 0x0052035b,
    0xb3060007, 0x32010003, 0x1127052b, 0x11071737, 0xfb270117, 0xdfdd34f9, 0x2302e292, 0xfec639df, 0x8682c91d, 0x8c010021, 0x8305202f, 0x2717382f,
    0x37271137, 0x34601117, 0xf934dddf, 0x01c93992, 0xdf39c6e3, 0x8200ddfd, 0xe90021b3, 0x3a225b82, 0xb3820500, 0x32403522, 0x05254082, 0x67050004,
    0x3cb88200, 0x67010403, 0x02020300, 0x03005703, 0x065f0203, 0x02030201, 0x0b00004f, 0x0708090a, 0x23308206, 0x07111105, 0x38086641, 0x33113327,
    0x012c2335, 0x50788f2f, 0x02e9df8f, 0x4ffea051, 0x50b10128, 0x25638300, 0x5b0199ff, 0x6387ea01, 0x00214882, 0x204c8203, 0x24aa8267, 0x04010504,
    0x28188267, 0x00570500, 0x5f000505, 0x920b8200, 0x05864163, 0x11231729, 0x01331523, 0x84d1fe5b, 0xea012964, 0x01a0affd, 0x4ffe28b1, 0x67856582,
    0x3501c12c, 0x06003903, 0x29000f00, 0x5e822640, 0x67820220, 0x01046727, 0x03000003, 0x43068257, 0x072c079f, 0x070f0707, 0x10111a0f, 0x2b190605,
    0x3106a542, 0x35262617, 0x23373634, 0xfe350111, 0x870901f7, 0x00823440, 0xb4429a20, 0x65b02305, 0x028264cb, 0x00d8fc22, 0x02230082, 0x89ff2c00,
    0x402a2267, 0x30138227, 0x03000203, 0x01020067, 0x00570201, 0x5f010202, 0x20098204, 0x23c78201, 0x0708090a, 0x06268e82, 0x17060514, 0xd442172b,
    0x33273305, 0x16162311, 0x2c061415, 0x09018787, 0x359a9ac2, 0xe3423333, 0x03282906, 0x65cb6428, 0xffffcb64, 0x642a6382, 0x71009d00, 0x5f020602,
    0x0f850000, 0x00420125, 0x82270071, 0x82a5200f, 0x29178471, 0x2d000200, 0x4301c901, 0x6482d602, 0x58000d29, 0x02050cb6, 0x72010001, 0x12230696,
    0x82000103, 0x01002e88, 0x06050764, 0x34020203, 0x401b4e02, 0x220b841b, 0x82850200, 0x0101291c, 0x01035700, 0x60010000, 0x502c2684, 0x07154059,
    0x07000007, 0x0b0d070d, 0x5382b982, 0x1111062e, 0x2b180908, 0x15330713, 0x33373523, 0x9b250685, 0x3c713330, 0x250483d7, 0x719cd602, 0x8c52aa63,
    0x22a38205, 0x82b9012d, 0x84c6208b, 0x02a624a3, 0x82070155, 0x02012fab, 0xb1120055, 0x02b80100, 0x2b35b055, 0x088601b1, 0x0120c182, 0x0021bb83,
    0x23bb849e, 0x0105b544, 0x0e20b889, 0x01231d84, 0x86010364, 0x821620b4, 0x43b28209, 0x602109ec, 0x822d8200, 0x7a0b20af, 0xa58908c2, 0x99859e84,
    0x63829385, 0x8b88c620, 0x8b880920, 0x00383a82, 0x002c0002, 0x01e9014c, 0x000600dc, 0x4028000d, 0x090a0d25, 0x06020306, 0x2907b543, 0x03570100,
    0x00010101, 0x6f82025f, 0x134f0031, 0x04101312, 0x252b1a09, 0x37352723, 0x85050733, 0x1f012806, 0x678c8c67, 0x847601ac, 0xa34c2506, 0xc8c8a34a,
    0x00250483, 0x00ffff00, 0x205f8227, 0x245f82e4, 0x009d0227, 0x237282c5, 0xfb9d0206, 0x7784c782, 0x77841f20, 0x1d402022, 0x03207282, 0x89447283,
    0x1013220f, 0x86d78202, 0x8466866d, 0x8248825f, 0x85bb832b, 0x40262643, 0x01040523, 0x06fc4503, 0x3110cb49, 0x12060006, 0x2b170903, 0x33273737,
    0x2c071517, 0xaa82acac, 0xa5844c20, 0x02000035, 0xbc012d00, 0xc6022d01, 0x09000400, 0x28402b00, 0x83020108, 0x03052348, 0xfa860304, 0x0134002d,
    0x0005054e, 0x05090500, 0x82060709, 0x12042227, 0x244e8206, 0x33352713, 0x36018203, 0x14410715, 0x065c0658, 0xbc011458, 0xf6fe50ba, 0xba500a01,
    0x83010000, 0x85002157, 0x05215782, 0x46e38200, 0x0220069b, 0x21083354, 0xa9184e01, 0x3d23104e, 0x83105810, 0x823e8342, 0xff3c2a3f, 0x02d801fe,
    0x001800c7, 0x05715462, 0x0400222b, 0x005f0304, 0x4d340303, 0x27478206, 0x01055f02, 0x4d370202, 0x072a4782, 0x07010861, 0x4e073507, 0x249f401b,
    0x4e073825, 0x82104059, 0x00182633, 0x21121117, 0x08038222, 0x1d09096d, 0x3335332b, 0x23133732, 0x36373335, 0x23151717, 0x33070722, 0x06032315,
    0x403c2706, 0x4f240638, 0x870f0557, 0x06375e57, 0x24a9a106, 0x4a444c07, 0x4a470137, 0x0101872e, 0x4a323849, 0x4443bdfe, 0x00050001, 0x02a5ff5c,
    0x0025034c, 0x00190015, 0x00240020, 0x40e3002d, 0x021d1e0b, 0x010b0706, 0x4c020609, 0x500ab04b, 0x4f384058, 0x022b05d9, 0x02000700, 0x04008007,
    0x82860403, 0x0607358c, 0x00670700, 0x020a0d06, 0x09060809, 0x08010b69, 0x59080303, 0x082d0682, 0x050c6103, 0x03080302, 0xb04b1b51, 0x203f820b,
    0x203f8531, 0x23378204, 0x00000102, 0x73b938a3, 0x40595935, 0x0025261e, 0x25272900, 0x242d262d, 0x19212223, 0x82161718, 0x111531e1, 0x1111112a,
    0x2b1b060e, 0x35331133, 0x16161533, 0x0a4e8818, 0x3523152e, 0x23353303, 0x27263405, 0x01363615, 0x53080a82, 0x33152333, 0x34353632, 0x4bab5c26,
    0x3945726a, 0x70815349, 0x55554b09, 0x43220155, 0xfe433f3f, 0xa95555de, 0x51460909, 0x5fc6024f, 0x58660660, 0x090b4f38, 0x6d5c4558, 0x93015b5b,
    0x3a3071df, 0x3706dd06, 0xebeb83fe, 0x3e38373e, 0x01000000, 0x2c003e00, 0x34060358, 0x0227402a, 0x01020301, 0x0201004c, 0x00008501, 0x00860003,
    0x07864f02, 0x03006028, 0x11500302, 0xb7431211, 0x01013c06, 0x15210133, 0x6fe40121, 0x3601c9fe, 0x03f0fe6f, 0x2c63fc9f, 0x37013701, 0x584ef0fe,
    0x57bd0dbb, 0xfaf70523, 0x59578e0b, 0x57bd0673, 0xf74f0823, 0x08578eb3, 0x02ca0642, 0x000d009a, 0x08324035, 0x01040201, 0x01024c01, 0x85000100,
    0x03020506, 0x00860304, 0x01040401, 0x01010057, 0x04006004, 0x00500401, 0x000d0000, 0x1112110d, 0x09071211, 0x01252b1b, 0x21013301, 0x2305d359,
    0x75010121, 0x21061641, 0x1d596205, 0xa2fa2309, 0x72860f01, 0x2407e559, 0x0000f0fe, 0x0c6b6b05, 0x3f003332, 0x6b004d00, 0x0b106840, 0x020a0902,
    0x8002090a, 0x03398482, 0x69030105, 0x0f050107, 0x04030e06, 0x69040508, 0x0a000800, 0x690a0809, 0x0565700d, 0x022c0682, 0x010c6100, 0x51000200,
    0x34354040, 0x2f05686b, 0x4d404d40, 0x4647494b, 0x393b4244, 0x3f353f34, 0x6b056c77, 0x11200b6e, 0x20226e6b, 0x0a955003, 0x0b8a3320, 0x3636052d,
    0x17163233, 0x23262623, 0x6b070622, 0x2128206e, 0x151d1d15, 0xb81d1d14, 0xfe2e0786, 0x4b6d12bb, 0x48126d4b, 0x2d2d4411, 0xef6e1144, 0x116d6b10,
    0x3f826120, 0x141c1c22, 0x07843f84, 0x5b4dd428, 0x33314d5b, 0x43413133, 0x004f2c12, 0x0b68406b, 0x0a040901, 0x410a0904, 0x092b1042, 0x00690405,
    0x0801100a, 0x41080a02, 0x41201343, 0x29084341, 0x47494b4c, 0x4f404445, 0x43414f41, 0x22072253, 0xbc761826, 0x0c667509, 0x4115b36c, 0x7b2f0f44,
    0x083c5c37, 0x35510c45, 0x460c5135, 0x415c3d08, 0x20083345, 0x365431fc, 0x34444434, 0x00315436, 0x00080002, 0x02500200, 0x000f0048, 0x402c0012,
    0x02011229, 0x07114401, 0x1a820220, 0x00573308, 0x5f000202, 0x02000103, 0x00014f00, 0x06091011, 0x0e010f00, 0x2b160604, 0x35262233, 0x33363411,
    0x15163221, 0x23061411, 0x69032125, 0x2a37372a, 0x05838601, 0x0167fe24, 0x0c88d6ab, 0x372a7a26, 0x0073017c, 0x33084f82, 0x92ff2d00, 0xc6025d03,
    0x48003a00, 0x4a404d00, 0x06021626, 0x08013a0a, 0x234c0202, 0x4b010a01, 0x00040105, 0x0a04060a, 0x02090b69, 0x02010306, 0x6a020608, 0x2408a383,
    0x00650008, 0x61010707, 0x34010100, 0x3b3c4e07, 0x483b4143, 0x2425483c, 0x24251325, 0x0c212726, 0x052b1f09, 0x05645206, 0x0dc36a18, 0x15830620,
    0x2607f05f, 0x06073337, 0x45141506, 0x5a730551, 0x32332606, 0x36322737, 0x05f15e36, 0x6f081c82, 0x64780216, 0x57a3737a, 0x62a27740, 0x305ca871,
    0x38293754, 0x2d541808, 0x5f355e58, 0x10452d40, 0x01104905, 0x3a333005, 0xa66e929d, 0x708e995d, 0x3f32bd5b, 0x2d3e361f, 0x4431203d, 0x71a2552a,
    0x437ba866, 0x506da058, 0x262b457a, 0x51653124, 0x24416e43, 0x16d2401e, 0x6c2e1238, 0x62968c5e, 0x988c74ae, 0x4d319028, 0x2f483529, 0x46342e4d,
    0x3c06a37b, 0x00d60258, 0x002b001f, 0x408f0035, 0x1a2f3011, 0x13141617, 0x03040807, 0x0402011d, 0x06984a02, 0x03001c23, 0x05024103, 0x02004d2d,
    0x064d3502, 0x00040401, 0x6e010561, 0x1a280b44, 0x03000100, 0x69030104, 0x40202192, 0x38201c8b, 0x3e393e8a, 0x59594e00, 0x2c2d1540, 0x352c0001,
    0x2527352d, 0x0c0e1b1c, 0x1f011f00, 0x06ad5007, 0x36363423, 0x0b266037, 0x3536172c, 0x07060617, 0x06272317, 0x3c410306, 0x14152607, 0x36321316,
    0x82128237, 0x01600809, 0x1a766604, 0x2622353d, 0x5650515d, 0x24a25044, 0x1d250154, 0x1d256555, 0x2f394e65, 0x2c282428, 0x44332f19, 0x2e36b011,
    0x5b631043, 0x2542472e, 0x4d2f4c2d, 0x39475157, 0x32cf355b, 0x703c0866, 0x1c2d6723, 0x23c20121, 0x2624263d, 0x381f262a, 0x121865fe, 0x2f4625de,
    0x00003c32, 0x2d000100, 0xf8260482, 0x0f00c602, 0xe3484f00, 0x001a2c05, 0x03020300, 0x00800200, 0x7d010303, 0x05280538, 0x02020204, 0x1b4e0235,
    0x1c95f882, 0x08ba9c18, 0x0f000f2c, 0x11261111, 0x2b1a0906, 0x085b1121, 0x33362405, 0x82231133, 0x14013801, 0x3a3a6845, 0x50e44469, 0x31320144,
    0x5b3e3e5b, 0x023afd31, 0x8286fd7a, 0x00023887, 0x01c0ff37, 0x00d602ee, 0x003f0031, 0x130a409d, 0x2b040701, 0x41060101, 0x290807b2, 0x05040031,
    0x07040507, 0x06070080, 0x7e060705, 0x01060109, 0x7e010605, 0x05020100, 0x007e0201, 0x00010802, 0x00660002, 0x4b7c0505, 0x82052005, 0x9e3720ac,
    0x00032633, 0x05030405, 0x27378269, 0x00590200, 0x62000202, 0x52344484, 0x331b4059, 0x3a000132, 0x333f3238, 0x1c1e203f, 0x0917191b, 0x00247b82,
    0x0a310131, 0x1805c741, 0x28077441, 0x27263435, 0x34352626, 0x06555b37, 0x09c94418, 0x021e1722, 0x087b4118, 0x08054c7c, 0x22232696, 0x16141506,
    0x431c0116, 0x57053964, 0x44404608, 0x664f4135, 0x725c5e57, 0x0b715a5b, 0x39480856, 0x49353d2e, 0x54255a4e, 0x5d36282a, 0x32372f20, 0x3c28264b,
    0x2f40471d, 0x30063351, 0x1f222839, 0x4616102e, 0x29295739, 0x5a534747, 0x322e0650, 0x231f1e28, 0x3c2c1314, 0x14214f2d, 0x432b2e3c, 0x2b380126,
    0x13292123, 0x2b16202e, 0x0003001c, 0x03f4ff2d, 0x00d6020f, 0x00270013, 0xb1690045, 0x40446406, 0x0706005e, 0x09060709, 0x08090080, 0x7e080907,
    0x30072447, 0x07000500, 0x69070506, 0x010c0800, 0x04080204, 0x122b7a69, 0x2d051d47, 0x3d3f4142, 0x34353739, 0x45282f31, 0x15474529, 0x090d270b,
    0x06b12b16, 0x857c4400, 0x0d887211, 0x18423720, 0x18322007, 0x280b7593, 0x37363233, 0x01020e17, 0x0e987c9e, 0x3b4d2b08, 0x2d2d5067, 0x3b3b6750,
    0x2d2d4f68, 0x3b3f684f, 0x5c34345c, 0x324f323b, 0x3a064e04, 0x46463729, 0x063d2a37, 0x5133054e, 0xce7c390c, 0x834d2009, 0x2d502645, 0x3c3c694f,
    0x85368369, 0x4c280807, 0x3e3e6136, 0x4627365f, 0x3126052d, 0x4f3e3e4d, 0x2f052a36, 0x04002a4a, 0xb3002d00, 0xd6024e02, 0x23001300, 0x39003100,
    0x2f072d41, 0x0806012c, 0x070c4c01, 0x02060502, 0x80020506, 0x2e081544, 0x08090004, 0x00690904, 0x05060008, 0x41670608, 0x2439122d, 0x01141524,
    0x34373900, 0x24312432, 0x2e2f3031, 0x1d25272d, 0x1523141b, 0x05b27323, 0x20072d41, 0x11b37d25, 0x18353621, 0x300ae2c2, 0x32331127, 0x06141516,
    0x27231707, 0x33351523, 0x2d1d8232, 0x3e012323, 0x2a4b6339, 0x39634b2a, 0x07836239, 0x4039623d, 0x60373760, 0x37614040, 0x632d6137, 0x1f22413a,
    0x2e453f4d, 0x3d201d33, 0x832bb333, 0x2c2e8726, 0x392b4b63, 0x3b3b633b, 0x623a3a62, 0x2d08823b, 0x302a0143, 0x082c1f2b, 0xa375757c, 0x0b411519,
    0x002e280f, 0x40580036, 0x82010b55, 0x060521fd, 0x2d0c0041, 0x08040708, 0x00070069, 0x05070605, 0x50490a69, 0x28068205, 0x09610002, 0x00020001,
    0x05004151, 0x31343629, 0x242e242f, 0x8d2b2d2e, 0x060c23fe, 0xfaa72b16, 0xf7a62320, 0xf7821b20, 0x2b3a4122, 0x2e21f4a7, 0x20f1852c, 0x08ad8200,
    0x67015c21, 0xc6022203, 0x14000c00, 0x40404300, 0x0303080b, 0x4c010502, 0x0409080a, 0x05020503, 0x82068602, 0x050523e0, 0x07835700, 0x5f05002f,
    0x00050107, 0x0d0d4f05, 0x140d0000, 0x05bc670d, 0x3c820e20, 0x11120c2b, 0x060b1112, 0x11012b1a, 0x725f1833, 0x21250809, 0x21352311, 0x01112315,
    0x6f6e50a6, 0x4a5f3a4f, 0x70ecfe5f, 0x016f1b01, 0xfe5f0167, 0xfe2301dd, 0xfe0501a1, 0x240384fb, 0xfe383827, 0x3b8f82d9, 0x019a012c, 0x00d60268,
    0x001b000f, 0x6406b139, 0x002e4044, 0x02030001, 0x05690301, 0x82056a41, 0x00022406, 0x82010461, 0x1851202c, 0x2313479b, 0x440006b1, 0x25068b60,
    0x16323336, 0xad181516, 0xca230e04, 0x882b482b, 0x31233d02, 0x32222232, 0x2a9a0132, 0x482d2d47, 0x2d482929, 0x4a2a472d, 0x3026252f, 0x2f252630,
    0x28287982, 0xab00e201, 0x0300c602, 0x1293b818, 0x2f07515e, 0x07333713, 0x37552e28, 0xe4e4e201, 0x00ffff00, 0x01213382, 0x29338225, 0x00b20226,
    0x02060000, 0x06827ab2, 0x2105c356, 0x9b5eac00, 0x3311241d, 0x5e505c11, 0x02240597, 0x92ff5c00, 0x072d2f86, 0x2c402f00, 0x01040000, 0x01000201,
    0x09664d67, 0x01055f25, 0x60030203, 0x0923102c, 0x82132b17, 0x84032049, 0x5050294d, 0x63018b01, 0x07fe9dfe, 0x00200583, 0x04828783, 0x7a18ec20,
    0x00220cbb, 0x7b750202, 0x5f012805, 0x01010103, 0x63064d37, 0x4021061b, 0x751a9418, 0x0b23087f, 0x83110b00, 0x09072400, 0x18332b1b, 0x2e09ec55,
    0xa0a0fc11, 0x01a0a050, 0xb4b44cc6, 0x8a3afe4c, 0x00132273, 0x056f4764, 0x0106222a, 0x02090a00, 0x07000807, 0x2005fa75, 0x22788205, 0x50045f02,
    0x08260559, 0x4e083508, 0x249f401b, 0x4e08382a, 0x00124059, 0x00130000, 0x28095c60, 0x2b1f090b, 0x35333537, 0x5c721823, 0x23152609, 0x5c352315,
    0x829484a0, 0x4cac2204, 0x289883ce, 0xacac4cce, 0x00040000, 0x3804825c, 0x00c60226, 0x00150009, 0x00250021, 0x080a40be, 0x03000501, 0x02040801,
    0x059f5e4c, 0x0c292408, 0x010b0601, 0x04060804, 0x00010169, 0x004d3400, 0x61050707, 0x37050500, 0x0808004d, 0x090d5f02, 0x4804030a, 0xde85052c,
    0x58462720, 0x8e389007, 0xa440202e, 0x38200829, 0x59594e02, 0x22222440, 0x0a0b1617, 0x25220000, 0x23242522, 0x21161b1d, 0x0f112117, 0x150b150a,
    0x0932bc82, 0x0e111211, 0x332b1909, 0x11013311, 0x01231133, 0x7e4d2511, 0x1243180a, 0x3507320b, 0x7a5c1521, 0x80565f01, 0xcb02a7fe, 0x4e5c5c4e,
    0xe288184d, 0x01622f09, 0xfdc60218, 0xfd700290, 0xfd64023a, 0x8818a69c, 0xe72310f0, 0x82004a4a, 0x00022800, 0x0247004f, 0x82760218, 0x0013337a,
    0x0a524055, 0x07060401, 0x80070406, 0x0809010b, 0x22828609, 0x0806ad42, 0x0503002d, 0x00670302, 0x04060005, 0x00670605, 0x07080807, 0x07070057,
    0x08005f08, 0x0a4f0807, 0x0a00000a, 0x12130a13, 0x0e0f1011, 0x840b0c0d, 0x11112cc9, 0x1a060c11, 0x3311132b, 0x83152315, 0x88172003, 0xcc4f3209,
    0xca909099, 0x91919acc, 0x4a012c01, 0x89315f31, 0x840685e5, 0x2d2a0893, 0x2303bcff, 0x0800c602, 0x40001100, 0x01023d40, 0x01100104, 0x01110400,
    0x03050302, 0x0200094c, 0x01004902, 0x01000400, 0x2f826704, 0x00030523, 0x0b6b5705, 0x02004308, 0x114f0203, 0x11111211, 0x1c060613, 0x0101052b,
    0x21113315, 0x35072111, 0x11231121, 0x01073523, 0x018ffe9e, 0x2a015b71, 0x014f7bfe, 0xb8f98d86, 0x01720144, 0x0301dc71, 0x7324d3fd, 0xfcfe9001,
    0x5682b872, 0x00020038, 0x02470034, 0x00760224, 0x000e0006, 0x03424045, 0x01040301, 0x7983014c, 0x82078521, 0x0624088b, 0x80060203, 0x06060108,
    0x03040084, 0x00570403, 0x5f030404, 0x04030105, 0x07074f03, 0x0e070000, 0x0c0d0e07, 0x2d070c56, 0x06091112, 0x03132b18, 0x33371733, 0x86821703,
    0x2315333d, 0x35659911, 0x65354b4b, 0x5ff15fc3, 0x4a012c01, 0xb6feffff, 0x311901e5, 0x82e7fe31, 0x00023680, 0x02f4ff2c, 0x00d60200, 0x0022001b,
    0x200b40b0, 0x00020212, 0x4a5f821f, 0x28280758, 0x04000200, 0x80040200, 0x02827f82, 0x03007e2d, 0x03060500, 0x01006a05, 0x824d3401, 0x5f062241,
    0x219d8207, 0xaa180635, 0x282507d8, 0x01000100, 0x21349785, 0x2f890000, 0x942d4021, 0x0200242a, 0x88590006, 0x26308665, 0x594f0600, 0x820f4059,
    0x001b2d6f, 0x1412121b, 0x08171114, 0x172b1c09, 0x24052c4c, 0x33373736, 0x052a4907, 0x03275508, 0x17373636, 0x07230606, 0x17161403, 0xd4060613,
    0x375f5209, 0x46084464, 0x0c5c4708, 0x25320758, 0x09443221, 0x59780d58, 0x2e329608, 0x0c433d20, 0x6a8e1564, 0x04477950, 0x5c0c605d, 0x3629064c,
    0x037bfe0a, 0x5806393c, 0x71015c6a, 0x01126048, 0x0067097d, 0x2e08ce82, 0x0251002d, 0x00660243, 0x00330023, 0x1120406b, 0x0003020b, 0x0208141a,
    0x23030204, 0x0201021d, 0x12134c03, 0x0004090a, 0x011b1c4a, 0x61490103, 0x132d05f9, 0x00020104, 0x65010201, 0x00030300, 0x21bd8261, 0x244c033d,
    0x03002505, 0x69030002, 0x01231d82, 0x82590201, 0x01022206, 0x34278361, 0x0e405951, 0x2b2d2425, 0x33253324, 0x052d1f21, 0x372b1709, 0x82e38527,
    0x51172007, 0xb0180518, 0x072307cb, 0x82270717, 0x262225e8, 0x36323727, 0x2f0c1149, 0x125d3865, 0x5d111413, 0x3c195d38, 0x193c2121, 0x11270882,
    0x5d121314, 0x831a5c38, 0x771a270f, 0x27274026, 0x02822640, 0x51402623, 0x29248437, 0x375d193d, 0x1313115c, 0x0f825c11, 0x34843d20, 0x125c3726,
    0x21121313, 0x05852b85, 0x0003003e, 0x02a6ff37, 0x0020033e, 0x002b0023, 0x404e0033, 0x0501134b, 0x03011a01, 0x1b283005, 0x033efe82, 0x01082231,
    0x04000404, 0x0102004c, 0x03008502, 0x03050005, 0x00008000, 0x04000504, 0x1a82067e, 0x05008423, 0x055c4e05, 0x004e0534, 0x00292a00, 0x14230023,
    0x07141a11, 0x052b1a09, 0xcd822635, 0x1716162c, 0x35022e35, 0x35373634, 0x0c821533, 0x14820720, 0x2405bf54, 0x03150706, 0x24118214, 0x01060635,
    0x08158334, 0x01363660, 0x0879651d, 0x3e470958, 0x73295e50, 0x66584a64, 0x3707590b, 0x365f7832, 0x15c93f62, 0x443b3337, 0x37144801, 0x5a433c34,
    0x5f800c4d, 0x0a514206, 0x473114fb, 0x046d5434, 0x76105d59, 0x49320653, 0x6520ea0e, 0x33553848, 0x5f024b05, 0x0e1e261c, 0xfe3c04de, 0x252c1b7b,
    0x3705e911, 0xef820100, 0xaf02f028, 0x3100d602, 0xd341db00, 0x823a2005, 0x050232ca, 0x00800204, 0x090a090b, 0x06800a0b, 0x01070201, 0x2bee8201,
    0x00010867, 0x09020d0e, 0x6709000b, 0x2c08684d, 0x0a0a004d, 0x0c00610c, 0x4e0c3b0c, 0x05f2451b, 0x418f3820, 0x694d0020, 0x8a499506, 0xb540203f,
    0x0c3e3e3a, 0x4059594e, 0x0000001a, 0x2e310031, 0x2628292c, 0x14212224, 0x13221211, 0x11141123, 0x0506470f, 0x34352626, 0x33352337, 0x4d05d550,
    0x072706a8, 0x06230733, 0x82171415, 0x16162206, 0x057f4c33, 0x22236b08, 0x37272626, 0x55010256, 0x734e105f, 0x46663f48, 0x56105a0f, 0x12604c3a,
    0x01eb0beb, 0xca0be102, 0x3e495e15, 0x0c5c0e58, 0x46456a45, 0xeb124e71, 0x1217164a, 0x764f4a11, 0x41653a42, 0x63514106, 0x12114a50, 0x4b4a1617,
    0x06465c5c, 0x3f3e6d45, 0x02004b71, 0xf4ff3700, 0xd6026202, 0x2e001600, 0x0b408600, 0x00020a0b, 0x95572c01, 0x1f300806, 0x29405850, 0x0a000103,
    0x00070401, 0x07006704, 0x09060108, 0x00670607, 0x61020101, 0x34020200, 0x0909004d, 0x010b6105, 0x053e0505, 0x27401b4e, 0x01244f82, 0x69010200,
    0x298a3393, 0x1b405932, 0x00001718, 0x21222729, 0x1d1e1f20, 0x2e182e17, 0x162b7f82, 0x11242515, 0x2b1a090c, 0x73213513, 0x33241176, 0x26220115,
    0x23052b41, 0x06211521, 0x07994218, 0x06174f08, 0x8f013706, 0x3a434419, 0x175f1847, 0x7b6b607c, 0xfe3c080b, 0x386543e4, 0x2b023c0d, 0x0a076ffe,
    0x57383a47, 0x8a186314, 0x194a8501, 0x3d413227, 0x67590938, 0x22135c6b, 0x6ffe4a0b, 0x2738532d, 0x0c4a4a18, 0x3d2d111c, 0x52082f38, 0x00820061,
    0x2800022e, 0x96020000, 0x1200c602, 0x67001900, 0x28053b42, 0x00070023, 0x02070002, 0x2ada8267, 0x04020609, 0x67040005, 0x50080800, 0x00200688,
    0x2005a86c, 0x2325a040, 0x594e0538, 0x0cc76318, 0x2411112b, 0x090a1121, 0x35372b1c, 0x064f4d33, 0x50472320, 0x23270805, 0x32333735, 0x23233435,
    0x77ff7428, 0xa9778484, 0x5656b8b8, 0xa9a1a1a9, 0x02024a7a, 0x74676572, 0x7a7a4a50, 0x498387ee, 0x022105bb, 0x31af826a, 0x4049001a, 0x08010146,
    0x03004b01, 0x03050205, 0xe8470a72, 0x00042605, 0x05040305, 0x09e64267, 0xba820020, 0x82570021, 0x5f0826eb, 0x08000800, 0x0809824f, 0x1a001a5c,
    0x11131122, 0x11112111, 0x1f060b22, 0x3501212b, 0x21373233, 0x23262135, 0x15213523, 0x17161623, 0x06231533, 0x01232306, 0xd6fe8601, 0xfe1787c2,
    0x156001a0, 0x0e02c289, 0x051b1488, 0x820c5454, 0x2f014c6a, 0x5f541401, 0x4c545f4c, 0x4c1f3414, 0xecfe5e55, 0x02000000, 0x04825c00, 0x9f82a920,
    0x1b000d24, 0x4f417600, 0x00283205, 0x06050600, 0x00800500, 0x05060105, 0x06007e01, 0x055b4a06, 0x004d342b, 0x60030101, 0x03080709, 0x05346f03,
    0x26082aa5, 0x594e0338, 0x0e0e1840, 0x1b0e0000, 0x181a1b0e, 0x0f111415, 0x0c000d00, 0x0a112113, 0x212b1909, 0x33113311, 0x82353632, 0x06142c06,
    0x21112123, 0x11151632, 0x82341123, 0x112b08dd, 0xbc560401, 0x5056201d, 0x0148fe45, 0x56504510, 0x02bc1d20, 0x2228fe2b, 0xfd35021c, 0x025145d0,
    0xfe4551c6, 0x1d9a016b, 0x828dfd21, 0x010023ce, 0xcf823700, 0xd602342b, 0xa3002700, 0x080101b5, 0x07585e07, 0x03002835, 0x03040104, 0x01058001,
    0x00010601, 0x67000107, 0x43040400, 0x0725072a, 0x095f0807, 0x05384b01, 0x20050441, 0x272f8726, 0x04000200, 0x69040203, 0x2d8b378a, 0x28a34020,
    0x4e083826, 0x11405959, 0x2738a182, 0x11132700, 0x26132215, 0x090a1711, 0x35332b1e, 0x34353636, 0x35232726, 0x0a755818, 0x080a1152, 0x23153343,
    0x21070614, 0x3d383815, 0x61720202, 0x6037100d, 0x34604b3c, 0x450d6407, 0x0e45392c, 0x2da6b20c, 0x529a013f, 0x093f6322, 0x274a0a14, 0x59381f44,
    0x2f503134, 0x47313207, 0x283d1738, 0x206d594a, 0x31758257, 0xfaff0100, 0x46020000, 0x1800c602, 0x0ab56b00, 0xb0180201, 0x2308086f, 0x02010521,
    0x00010106, 0x07680102, 0x0a0b0001, 0x00090802, 0x01046708, 0x4d340303, 0x35090900, 0x401b4e09, 0x3825239e, 0x40594e09, 0x27668214, 0x17180018,
    0x11121116, 0x21220283, 0x43450c11, 0x83352005, 0x330325dc, 0x03331313, 0x0721cd82, 0x08048215, 0x35231526, 0x9c019d58, 0xc066cc6e, 0xa4cc66c0,
    0xd3d301d2, 0x454e8f56, 0x55014e01, 0x4c01b4fe, 0x014eabfe, 0x8f8f4e45, 0x012f5182, 0x38002800, 0x16020602, 0x27000b00, 0x18032440, 0x2b087f63,
    0x05050106, 0x02005f02, 0x4e053702, 0x4a4d2782, 0x4c37200b, 0xf0260abc, 0xc84ec8c8, 0x048338c8, 0x85c84e21, 0x0001254f, 0x4e01e001, 0x2c1e4368,
    0x132b1706, 0x28152135, 0x0001b801, 0x8360824e, 0x01543e87, 0x00fa01ce, 0xb306000b, 0x32010309, 0x2737372b, 0x17371737, 0x27071707, 0x9c9c2807,
    0x20028737, 0x820b8a8b, 0x00282665, 0x02f40134, 0x2a37821a, 0x001b000f, 0x0038403b, 0x4b010702, 0x2e0806d3, 0x05040108, 0x01066504, 0x61010000,
    0x3d010100, 0x10114e00, 0x00010c0c, 0x1b101517, 0x0f0c1b11, 0x0d0e0f0c, 0x0b000507, 0x09090b01, 0x4c012b16, 0x05200a90, 0x48189c82, 0x0e200cf0,
    0x2406d769, 0xcc01fcfe, 0x210b86e6, 0xcc699e01, 0x4e9e2307, 0xab6acc4e, 0x0028260a, 0x01f4019d, 0x4f9d82b9, 0x7982321b, 0x282e7d83, 0x34fecc01,
    0x6b01cc01, 0x4ece4e4e, 0x5b41004e, 0x25002105, 0x2408eb82, 0x00130031, 0x0bb04b72, 0x2a405850, 0x03030400, 0x010a7004, 0x09000009, 0x03010571,
    0x01020106, 0x07680203, 0x20f38301, 0x2b068257, 0x085f0001, 0x00010001, 0x28401b4f, 0x04212c82, 0x212b8385, 0x2a9c8609, 0x2712b54e, 0x372b1f06,
    0x33352337, 0x33240384, 0x23153307, 0x9d280384, 0x26b09924, 0x4624edd6, 0x25250786, 0x4e804e78, 0x20048478, 0x08748200, 0x20003225, 0x2202f801,
    0x06000600, 0x010004b3, 0x35372b32, 0x05352525, 0x83013215, 0xc6017dfe, 0xadad5420, 0x826acc54, 0x202b82da, 0x202b8228, 0x202b86ee, 0x822b8303,
    0x15252929, 0xee010505, 0xc6013afe, 0x83242e82, 0xcc6acc20, 0x00253182, 0x00320002, 0x2e578600, 0x4028000a, 0x04050625, 0x00010203, 0x624a0007,
    0xb36a090c, 0x07072906, 0x0a070a07, 0x17060318, 0x01227b87, 0x7f822135, 0x80fe8022, 0x58825482, 0x85547028, 0x6aa45485, 0x374eecfe, 0x82282007,
    0x24878543, 0x4022000a, 0x215b871f, 0x87614a01, 0x1711250f, 0x2b180602, 0x1523a586, 0x86213521, 0x018022a9, 0x23b18380, 0xa46aa470, 0xc4215b82,
    0x83af824a, 0x02f22653, 0x000b0034, 0x07b5600f, 0x6a431f20, 0x02002e09, 0x06050108, 0x00670502, 0x5f070606, 0x07b26009, 0x3825219c, 0x40594e07,
    0x0d377516, 0x00831120, 0x1b090a22, 0x5d50e982, 0x82052009, 0xbee62aee, 0xbebe4ebe, 0xca01f4fe, 0x2208836a, 0x836abe4e, 0xffff31ec, 0x7e002800,
    0x1c02e301, 0xd2022602, 0x06019200, 0x6e280582, 0x00b11100, 0x92ffb801, 0x21059763, 0x1b6c6eb0, 0x282c0808, 0xe301ec00, 0x1800ae01, 0x06b16d00,
    0xb04b4464, 0x40585017, 0x0301051b, 0x03040100, 0x04006901, 0x59040000, 0x00040400, 0x02060262, 0x52340d82, 0x0029401b, 0x03010305, 0x00800105,
    0x04000402, 0x00800002, 0x21822c88, 0x06392c85, 0x00040001, 0x13405952, 0x15160001, 0x0c0e1214, 0x0608090a, 0x18011800, 0x06b75607, 0x22253a08,
    0x022e2726, 0x23152223, 0x32333634, 0x16161716, 0x33353233, 0x60010614, 0x141e2b23, 0x360b1117, 0x263a484f, 0x1b1a1a2d, 0x484f3513, 0x19241bec,
    0x526b0617, 0x22221e66, 0x20068213, 0x20008200, 0x24e78201, 0x01cc0142, 0x08df673c, 0x86020022, 0x680fcd41, 0x09320823, 0x35252b18, 0x15213521,
    0xa6fe8201, 0xb042a401, 0x1b82fa4a, 0x01294382, 0x0282017f, 0x000600a1, 0x25ff8327, 0x01051c40, 0x56690001, 0x02032506, 0x76010102, 0x310b7664,
    0x440006b1, 0x13331313, 0x28072723, 0x52786a78, 0x3e825b5b, 0xdefe2227, 0x0000d7d7, 0x378f8203, 0x0113035f, 0x001a00bf, 0x00310026, 0x2f4a404d,
    0x040a181e, 0x4c010504, 0x072f4782, 0x01040501, 0x060a6905, 0x00040309, 0x84590400, 0x04290808, 0x08036100, 0x00040002, 0x1c272851, 0x2e00011b,
    0x2831272c, 0x1b202231, 0x16261c26, 0x090c0e14, 0x011a0007, 0x16060b1a, 0x09c7572b, 0x1805ba4d, 0x26085e4a, 0x32270606, 0x58263736, 0x212006f2,
    0x27051747, 0x16160726, 0x2f4f2fd5, 0x63080282, 0x5a2a4d7c, 0x2e4f3143, 0x3a364d2a, 0x69242d61, 0x1f4e2a32, 0x2b2b4d1f, 0xab013434, 0x2b31312b,
    0x4e214555, 0x374f2a5f, 0x7b2c4f35, 0x4f303c3f, 0x30503031, 0x3f3d4834, 0x3031334c, 0x30293b34, 0x283b0134, 0x01013929, 0x00342f66, 0x00000100,
    0x7a016aff, 0x1100c602, 0x28402b00, 0x03000200, 0x69030201, 0x07751783, 0x6b042006, 0x0d2a06a1, 0x04080a0b, 0x01110002, 0xbd820511, 0x37231723,
    0x08a58233, 0x3336132f, 0x22230733, 0x06060307, 0x30072e2e, 0x41041e1b, 0x072e880f, 0x4206382e, 0x4a964907, 0x54022117, 0xfd384a86, 0x004343ac,
    0x00020000, 0x20048214, 0x326b8275, 0x00080005, 0x082e4031, 0x01000201, 0x0201044c, 0x824b0102, 0x85002219, 0x09846700, 0x01032d08, 0x4f010201,
    0x06070000, 0x05000500, 0x17060412, 0x1335332b, 0x25151333, 0xf9140321, 0xf2fdf870, 0x4eddbb01, 0x88fd7802, 0x31024e4e, 0x0c24af82, 0x42026aff,
    0x0b2a5b82, 0x27402a00, 0x03020506, 0x3c420300, 0x0204210b, 0x00206b82, 0x00205082, 0x23082247, 0x172b1b06, 0x35065b56, 0x11231123, 0x3602707c,
    0x96be4e6c, 0x4e4e0e03, 0x0e03f2fc, 0xb382f2fc, 0x1c000126, 0xf8010000, 0x37255784, 0x02083440, 0x20a28202, 0x829c824c, 0x8202209e, 0x550020b4,
    0x04240f4b, 0x03020301, 0x12256686, 0x06051411, 0x08b78319, 0x21350323, 0x03132115, 0xb61c1521, 0xfedc01b6, 0x01b9b983, 0x0f01547d, 0x54540f01,
    0xf1fef1fe, 0x00010054, 0x20bf8216, 0x3267827e, 0x40320008, 0x0301032f, 0x004c0100, 0x02030200, 0x82800300, 0x84032153, 0x02236982, 0x82005701,
    0x005f2477, 0x83020102, 0x00082562, 0x11121108, 0x2f086283, 0x13330317, 0x23152113, 0x50839903, 0x18019f61, 0x0196aad8, 0x0294fee6, 0xeefc4ae2,
    0x2c000200, 0xe101f5ff, 0x1600d602, 0x3c002300, 0x010a3940, 0x4c25c082, 0x01020d0e, 0x1a16574a, 0x01171831, 0x171d1f00, 0x08231823, 0x01160006,
    0x18060616, 0x2a076ec7, 0x16323336, 0x27262617, 0x57031e37, 0x0a4d0617, 0x153c0806, 0x63fd1614, 0x4060356e, 0x191b472a, 0x6914828b, 0x3b22508b,
    0x422c4267, 0x42414926, 0x810b3f49, 0x3b6a496d, 0x75631820, 0x51134c19, 0x5c569374, 0x24464381, 0x46444c56, 0x594f5058, 0x50318a82, 0xef016aff,
    0x13001202, 0x0a408100, 0x0001010e, 0x3fa98212, 0xb04b4c02, 0x40585014, 0x00010218, 0x004d3700, 0x61030101, 0x03030104, 0x01064d35, 0x05390505,
    0x2007394f, 0x831f861c, 0x25248219, 0x04006104, 0x23883e04, 0x1e894020, 0x43833820, 0x59341e8d, 0x000e4059, 0x00130000, 0x13112213, 0x09071123,
    0x11172b1b, 0x0adfd518, 0x06352336, 0x15272223, 0x39375450, 0x5054483f, 0x2733752c, 0xfea80296, 0x0ad4aa18, 0x00a1173a, 0xff2c0005, 0x02f602f8,
    0x000b00ce, 0x001b000f, 0x00330027, 0x1db04bd6, 0x2608bb82, 0x04010c2c, 0x0700010a, 0x00690004, 0x08090007, 0x006a0907, 0x61010505, 0x01010102,
    0x010e4d34, 0x61030808, 0x180b060d, 0x200c99b6, 0x22339234, 0x18340202, 0x2308d865, 0x010b4d34, 0x3d83eb83, 0x0d61062a, 0x3e060601, 0x401b4e06,
    0x382036a5, 0x36887484, 0x2b24ff82, 0x1c1d2829, 0x63057649, 0x232505b2, 0x1d271c21, 0x11824927, 0x16090f24, 0x8249132b, 0x0103230a, 0x5b180133,
    0x1b8a0c13, 0x2f0b2f56, 0x575743c6, 0x56564443, 0x50ea0196, 0x290216fe, 0x28240082, 0xbe012a2a, 0x44201686, 0x6e341087, 0x5a56555b, 0x5b55565a,
    0xc60292fe, 0xac013afd, 0x3c36363c, 0xfe210383, 0x2019874c, 0x2712873e, 0x2c000700, 0x6604f8ff, 0x240c7341, 0x004b003f, 0x057741f8, 0x01103224,
    0x77410e04, 0x01092805, 0x0b010d07, 0x410b070a, 0x142d0b79, 0x0a03130c, 0x1261030a, 0x0f061108, 0x05cb4d05, 0x2005f64c, 0x4139943a, 0x0f210d7f,
    0x20318201, 0x2043854d, 0x20438306, 0x06834103, 0x38203ca7, 0x59233c91, 0x643b4059, 0x8d410508, 0x45472507, 0x4b414b40, 0x410b0864, 0x15201799,
    0x202a9941, 0x0aa54121, 0x0bd07018, 0x43322121, 0xb14109cb, 0x2c01211e, 0x2106ba41, 0xbb414cfe, 0x41982007, 0xcc412ac4, 0x08d44110, 0x00000032,
    0x002d0001, 0x029b0200, 0x000800c6, 0x0718401b, 0x2705de49, 0x014a0007, 0x76000001, 0x27082082, 0x02080008, 0x212b1606, 0x01350111, 0x11011501,
    0xf2fe3b01, 0x37013701, 0x2f02f2fe, 0x016ff2fe, 0x6fc9fe36, 0xd3fd0d01, 0x4b832a82, 0x4002b72b, 0x0800cb02, 0x1c401f00, 0x214c8308, 0x58484900,
    0x1124080f, 0x18060211, 0x2101372b, 0x07110537, 0x012d0111, 0x4f82fe8b, 0xfe4fb701, 0x8c01f176, 0x48fe014e, 0xfe7d014e, 0x9b847983, 0xf3022f24,
    0x4f829d02, 0x2d40302f, 0x01000107, 0x02004c01, 0x04850201, 0x0e754601, 0xa945c883, 0x11113007, 0x2b190605, 0x35210125, 0x01330121, 0x834d0101,
    0x29ac889e, 0x520e012f, 0xc9fe0e01, 0x5f84c9fe, 0x41020524, 0x5f821802, 0x1d402022, 0x0520fa84, 0x820c334b, 0x4f012322, 0xb0841016, 0xf5822120,
    0x03171124, 0x9e833a21, 0xaa853a20, 0x8a01542a, 0x0175fe3a, 0x49fe4f7e, 0x220e4b41, 0x84124015, 0x020323ff, 0x1b830007, 0x01107630, 0x012b1706,
    0x15011133, 0x01350101, 0x84863b01, 0x020e0128, 0x01d3fdc6, 0x52686f0d, 0x82f22005, 0x23978c46, 0x07244027, 0x05229883, 0xd87c4a01, 0x20f08b0c,
    0x3d598203, 0x03210725, 0x17011137, 0x4e340201, 0x4e0148fe, 0xfe3a8c01, 0x014f5476, 0x82fe4fb7, 0x0b828b01, 0x01235882, 0x41002d00, 0x5f69074f,
    0x005f381c, 0x4f030203, 0x10121111, 0x2b1a0604, 0x01012325, 0x15210133, 0x87d30121, 0x2f0224a5, 0x422fd3fd, 0x52200505, 0x2d218983, 0x07f74100,
    0x1d402022, 0x0123f782, 0x82010500, 0x6d0120f5, 0x00340763, 0x4f010001, 0x06021211, 0x27372b18, 0x21172511, 0x7c010701, 0xc42a9c8a, 0x01b8014e,
    0x3a74fe4e, 0xa7878a01, 0x02df0337, 0x000d009d, 0x092c402f, 0x02050202, 0x01034c01, 0x85010201, 0x305a8204, 0x02008600, 0x57020505, 0x05020200,
    0x0205005f, 0x835a8205, 0x060622ac, 0x69ac871c, 0xb18907aa, 0xac428420, 0x8680200a, 0x050742bb, 0x850e0121, 0x5fff2573, 0x11039b02, 0x06287382,
    0x01050cb3, 0x01132b32, 0x2308f342, 0x2d010115, 0xf8422c82, 0x08368606, 0xf3fe0547, 0xf3fe8002, 0xfe37016f, 0x0e016fca, 0x0e017cfd, 0x01cafe6f,
    0x00010037, 0x02aa002d, 0x00cd015e, 0x4048001e, 0x02181945, 0x011c0102, 0x011b0204, 0x4c030400, 0x4a03011a, 0x04010200, 0x80040201, 0x01000300,
    0x0c2c4c02, 0x82056121, 0x51003024, 0x14160001, 0x0a0b0e10, 0x1e000608, 0x77061e01, 0x23220d5d, 0xf84b023e, 0x363e0807, 0x17372737, 0x01060627,
    0x27311474, 0x1d150808, 0x520c2714, 0x23443107, 0x05063e2f, 0x2814191a, 0x16d65110, 0xaa4e1d57, 0x352b3013, 0x2a222530, 0x39432743, 0x1e252f28,
    0x33ed6330, 0x53593732, 0x029f2405, 0x82250272, 0x000a328a, 0x0637403a, 0x05000201, 0x04020301, 0x03030101, 0x2020834c, 0x200a8385, 0x0a2e6c01,
    0x25051e42, 0x090a0000, 0x36820708, 0x05110329, 0x372b1706, 0x82113311, 0x21153b8c, 0x4e2d2115, 0x01c0c1e6, 0x9feffe12, 0x7afe8601, 0x7aa1a122,
    0x0002004e, 0x6789002d, 0x2f403227, 0x01030109, 0x23fc820a, 0x02000104, 0x0d826782, 0x6c838520, 0x03008623, 0x074b7302, 0x03020027, 0x12114f02,
    0x06854211, 0x01331124, 0x01822135, 0x7202172b, 0xccfe4e4e, 0x1201effe, 0x256183c0, 0x7a4e7a9c, 0x008200a1, 0x63820120, 0x6202762e, 0x1a009902,
    0x02b56800, 0x01020501, 0x21064d6e, 0xd1820025, 0x72010230, 0x05050000, 0x04007100, 0x04010300, 0x45426703, 0x00602709, 0x50050205, 0x2784401b,
    0x02010323, 0x21288280, 0x27978600, 0x09405928, 0x21262126, 0x70421012, 0x37272605, 0x32330733, 0x05fc5936, 0xc560a082, 0x232d0806, 0x6a3e0123,
    0x816ba5a7, 0x264028ca, 0xfe284026, 0x3e2701d9, 0x633b3b63, 0xa776c83e, 0x3c237fa6, 0x233c2524, 0x3b5f384e, 0x00375f3b, 0x23bb8b00, 0x0119b56f,
    0xbb86a182, 0x0400262a, 0x04030302, 0x05010672, 0x71209582, 0x02212982, 0x0c4d7704, 0x00006024, 0xbc820003, 0x02232884, 0x83800304, 0x86052129,
    0x59292897, 0x00000e40, 0x1a001a00, 0x08c48311, 0x1b06073a, 0x2337252b, 0x35262622, 0x33363634, 0x22211521, 0x14150606, 0x33331616, 0x07173327,
    0xc8805101, 0x3b3b643d, 0x27013d64, 0x4127d9fe, 0x27412626, 0xa56b81ca, 0x378076a7, 0x382ab983, 0x253c234e, 0x7f233c24, 0xc385a7a6, 0x6902002d,
    0x08005e02, 0x29402c00, 0x82020101, 0x02013313, 0x01024c02, 0x01004a00, 0x00860102, 0x00020200, 0x06820057, 0x005f2708, 0x4f020002, 0x03131111,
    0x132b1906, 0x21153727, 0x21112311, 0x01c1c2ef, 0xd8fe527b, 0xa1a11c01, 0x011afe78, 0x9f460094, 0x20538805, 0x21458205, 0x45820106, 0x01044c24,
    0x30424a01, 0x4b618205, 0x14220baf, 0x53831011, 0x4e823320, 0x0717352a, 0x527f2135, 0xc2c17b01, 0xe6215382, 0x82548278, 0x2053847b, 0x20a78268,
    0x20a785c6, 0x20538200, 0x23538401, 0x49000102, 0x85200d83, 0x00229c82, 0x66825702, 0x835f0021, 0x20a78763, 0x2e4f8301, 0x21113311, 0xc1c2a701,
    0x015285fe, 0x82aa0128, 0xe6012353, 0x57876cfe, 0x6e020024, 0x4f46c502, 0x01032505, 0x86000100, 0x830a6a4d, 0x274a825a, 0x06041111, 0x27212b1a,
    0x35324782, 0x01331121, 0xfe7aa1cd, 0x7ac70187, 0x4eb501c2, 0x4882fcfd, 0x9f8cf383, 0x0801002a, 0x02000201, 0x0201074c, 0x00229f82, 0x47418501,
    0x83112011, 0x151321f3, 0x11334f82, 0xef271521, 0xfe522801, 0xaa01c185, 0xfe940178, 0x82a1781a, 0x14003d2f, 0x08030000, 0x0600d102, 0x34000d00,
    0x030b3140, 0x054a0402, 0x01010401, 0x00040300, 0x2513c276, 0x090a0c0d, 0x2f820708, 0x12062f08, 0x18060711, 0x2311332b, 0x11230101, 0x33113325,
    0xe6330727, 0x017b01d2, 0xfcfed079, 0xc2c166b6, 0x01580167, 0xfe87fe79, 0x58014ea8, 0x0b41c1c1, 0x01122407, 0x82b6026e, 0xb336323f, 0x4a000103,
    0x501bb04b, 0x010d4058, 0x00020001, 0xf9661885, 0x890b2008, 0x5976230f, 0x3a820b40, 0x82000621, 0x0442086f, 0x372b1809, 0x17372311, 0x78a51123,
    0x1277a0a1, 0xc2c1e301, 0x00001efe, 0x002d0001, 0x022802d0, 0x000600cb, 0x0306b306, 0x132b3201, 0x07372701, 0x012d0127, 0x18fa5556, 0x01abfe54,
    0x5555010a, 0x0982fa17, 0x2f834d82, 0xd102cf24, 0x2f821002, 0x23402623, 0x226e8203, 0x82024c01, 0x46f8828e, 0x142210a1, 0x77820210, 0x35211327,
    0x21350717, 0x2172852d, 0x7f839801, 0x06207784, 0x01207782, 0x25227789, 0x01820137, 0x2e011722, 0x3a206982, 0x1e287283, 0x3a550154, 0xfa55aafe,
    0xff897786, 0x49207582, 0x2e05b85c, 0x0202030d, 0x86000100, 0x34010100, 0x821b4e01, 0x000123f1, 0x14838501, 0xff890020, 0x83121121, 0x072533ff,
    0x33113327, 0xa06e0111, 0xd45278a1, 0xe301c1c2, 0x87841efe, 0x87820520, 0x87840020, 0x322dc482, 0x3707252b, 0x01170117, 0x17fa2701, 0x29808355,
    0xfa181dab, 0x3a560155, 0x8786abfe, 0xff82d220, 0xff851320, 0xff880120, 0xff908082, 0x83131121, 0x06c545ff, 0x7185ef20, 0x7d83d220, 0x77840020,
    0x7782cf20, 0x7784ca20, 0x0101052c, 0x27132b32, 0x07010717, 0x6d874501, 0x82d00121, 0xabfe2480, 0x8655013a, 0x03b52d77, 0x00f70115, 0x40290009,
    0x02010626, 0x4c21e782, 0x23fc8205, 0x0200074a, 0x20111c48, 0x317a8914, 0x35071735, 0xc2c1ee21, 0xc1c26401, 0xa1b59afe, 0xb84378a1, 0x00012806,
    0x01ebff2d, 0x82d3026f, 0x40232653, 0x01010620, 0x21ce824a, 0x04820249, 0x04850138, 0x00000203, 0x00000076, 0x12090009, 0x09051211, 0x07252b19,
    0x43423327, 0x6f012105, 0xac204586, 0x28825687, 0x4f830020, 0x1f03f42a, 0x1300d602, 0x15401800, 0x01230f82, 0x82010285, 0x00012145, 0x2005fc68,
    0x12407103, 0x50a60129, 0x39396789, 0x86508967, 0x370c3207, 0x51508663, 0x37376387, 0x50518763, 0x00376386, 0x87a78202, 0x00232457, 0x4f2e4031,
    0x15231afc, 0x69000114, 0x61180b6f, 0x59601449, 0x2682900e, 0x508a5650, 0x84568a50, 0x328e9005, 0x56864d47, 0x4d4d8757, 0x86565787, 0x0010004d,
    0x8205002d, 0xe5af08f3, 0x0f000700, 0x1d001700, 0x2c002400, 0x38003200, 0x45003e00, 0x53004c00, 0x61005900, 0x71006900, 0x79407c00, 0x0f11141b,
    0x0106010b, 0x31353600, 0x292c2e30, 0x1f212228, 0x0e151a1d, 0x666e0102, 0x57595b5e, 0x4e515256, 0x44494a4c, 0x113e4043, 0x696f0304, 0x05045f65,
    0x0c4c0404, 0x064a0001, 0x03010201, 0x80030201, 0x01040300, 0x007e0403, 0x02010000, 0x00690100, 0x04050504, 0x04040059, 0x01076105, 0x51050405,
    0x33336a6a, 0x716a716a, 0x3b3c6b6c, 0x38333833, 0x06081311, 0x27012b18, 0x15333636, 0x26170622, 0x16372726, 0x82051716, 0x1737240f, 0x83050606,
    0x850d830e, 0x821c880c, 0x3405210e, 0x15252982, 0x37352605, 0x202e8714, 0x893d8405, 0x8820820d, 0x84072049, 0x1716251b, 0x36323517, 0x63083d82,
    0x0e6b0106, 0x0f132412, 0x1e0d9a1d, 0x24130c0f, 0x28cffe11, 0x1b11210f, 0x71011b0e, 0x1e261817, 0x3dfffd1c, 0x0a331b14, 0x060d0213, 0x0b3b0810,
    0x7bfd0713, 0x430f0647, 0x0757020c, 0x16fd0847, 0x02074808, 0x09054287, 0xfd064702, 0x08130a5f, 0x02110c43, 0x120b3305, 0xfe143d08, 0x311c1e10,
    0x34011817, 0x0b204c82, 0xe1205482, 0x1a275d82, 0x340f1d0e, 0x820f1d0f, 0x024c0873, 0x04034698, 0x050c0348, 0x04470308, 0x3c670709, 0x4207110b,
    0x15240e07, 0x1a133d10, 0x1b1e286c, 0x35160b33, 0x2b0b190e, 0x6211200f, 0x1b21260d, 0x1b204c1c, 0x5724250f, 0x20012425, 0x0e1b481b, 0x260d0e1d,
    0x10210f6f, 0x57171b1d, 0x0d312b82, 0x13531e28, 0x1015351a, 0x0e064356, 0x110a3c08, 0x20558224, 0x225d8343, 0x82020348, 0x0000386a, 0x002d0002,
    0x02e60100, 0x00050084, 0x40210009, 0x0708091e, 0x55050104, 0x022108bd, 0x05bc5501, 0x00052908, 0x06031205, 0x03332b17, 0x03133313, 0x27371703,
    0x67a9a9d6, 0x87baa9a9, 0x42018686, 0xbefe4201, 0x4201befe, 0x00ffffff, 0x00274e82, 0x03000014, 0x82c60247, 0x4015245d, 0x4e010112, 0x02320941,
    0x06020200, 0x01332b16, 0x99011401, 0xc6029a01, 0x2f833afd, 0xffff5c26, 0xc8022203, 0x06212f82, 0x2c7a82b3, 0x11172b32, 0xc6025c01, 0xfec90201,
    0x211f829c, 0x4f82faff, 0x4f842d20, 0x0c400f24, 0x454d0102, 0x2103270a, 0x33030601, 0x498566fe, 0x00252b82, 0x02ffff15, 0x2b4b86db, 0x32010002,
    0x0101052b, 0x3afddb02, 0x01234e82, 0x82640165, 0x8a02209f, 0x0005269f, 0x05214024, 0x05955301, 0x57010023, 0x7aad8200, 0x002406bb, 0x00030400,
    0x0320b082, 0x2521b085, 0x25b38521, 0x220256fd, 0x6f83eefe, 0xdc014e22, 0xbb891f82, 0x08000528, 0x010305b5, 0xbf840200, 0x25250522, 0xfd25c282,
    0xfec90188, 0x25c88437, 0x00e6e7e7, 0xcb8a0200, 0x23000526, 0x02042040, 0x340d0145, 0x00010102, 0x03034f01, 0x05030503, 0x17060310, 0x0921032b,
    0x25e28403, 0x1001f0fe, 0x78831201, 0xfe780223, 0x897b8424, 0x227b83eb, 0x83020304, 0x0105257b, 0x05110301, 0x4e20f285, 0xf5837b82, 0x01b5fd23,
    0x327d82cd, 0x00ffff00, 0x015b022c, 0x02db0243, 0x00130306, 0x82020000, 0x01652f0f, 0x00c70232, 0x00070003, 0x6406b132, 0x4a184044, 0x092b25d7,
    0x06b12b17, 0x35134400, 0x82331533, 0x582c2603, 0x65025856, 0x21008262, 0x53830100, 0x84840021, 0x84262053, 0x2f451851, 0x2045871c, 0x823f842c,
    0x243f8393, 0x02cc005b, 0xa79382db, 0x33272a3f, 0x5e5a8617, 0x805b0242, 0x207f8480, 0x203f8256, 0x2c3faad6, 0x2c073337, 0x025a5e42, 0xff808056,
    0x28bf82ff, 0x024f0156, 0x032602d6, 0x208f820e, 0x20058207, 0x26078283, 0x01320001, 0x6ca400c7, 0x32252253, 0x0134541e, 0x854882c7, 0x3e01218b,
    0x1b59cb82, 0x3337322a, 0x07272317, 0x5a5e5a2c, 0x02434346, 0x59858556, 0x8c7e8259, 0xb1213c4b, 0x40446406, 0x02010216, 0x014c0100, 0x00020001,
    0x02020085, 0x10121176, 0x41190903, 0x33210598, 0x21d48217, 0x42822c23, 0x5e5a4627, 0x5959db02, 0x20448285, 0x07ff4101, 0x000d0023, 0x20438431,
    0x054c4f26, 0x6d095472, 0x012206a1, 0xad180b00, 0x0522087d, 0x53851609, 0xc4762220, 0x06062209, 0x76ad18b8, 0x5b02290c, 0x20223a46, 0x463a2220,
    0x4d826682, 0x40022c2a, 0xf802e400, 0x17000b00, 0x29220f6e, 0x00010c0d, 0x170c1113, 0x735e170d, 0x89062005, 0x34352471, 0x18323336, 0x240fdeb3,
    0x35352788, 0x23038327, 0x12181812, 0x02210382, 0x220e8540, 0x84323527, 0x2013820f, 0x26eb8500, 0x00da0267, 0x5b8f0018, 0x00280a97, 0x04000104,
    0x03010559, 0x03272182, 0x04006901, 0x5b610004, 0x512e0597, 0x22b04b1b, 0x1f405850, 0x05030500, 0x27840085, 0x26930020, 0x85234021, 0x00022321,
    0x26928602, 0x60820620, 0x5951002f, 0x01134059, 0x13151600, 0x0a0c0e11, 0x5bd78209, 0x012b0ab9, 0x26272622, 0x06222326, 0x83362307, 0x173408de,
    0x36323316, 0x06063337, 0x22130501, 0x0f141111, 0x34021712, 0x18283502, 0x141e1123, 0x34031413, 0x62023403, 0x0c0e0d0f, 0x3b3a2419, 0x1b180e10,
    0x003f3925, 0xe3830082, 0x38017124, 0xeb42b902, 0x21352a2a, 0x0c012c15, 0x48487102, 0x05234100, 0x03a3002b, 0x00060016, 0x6406b155, 0x079a1844,
    0x500c2408, 0x82174058, 0x00012220, 0x09065970, 0x01036029, 0x50020102, 0x8216401b, 0x85002119, 0xb64b1890, 0x05b64a08, 0x2f05da43, 0x33073337,
    0x3a3d2c15, 0x5b022437, 0x5a616952, 0x7783b682, 0x0010ff25, 0x88cbffa3, 0x01052777, 0x4c010100, 0x7784b04b, 0x00236682, 0x54710200, 0x77820f2f,
    0xa15c1983, 0x24778911, 0x18090411, 0x3477832b, 0x35233717, 0x2c071533, 0x3d642437, 0x525a61f0, 0x00ffff69, 0x2373852c, 0x18030602, 0x01208482,
    0x24280f82, 0x0a001101, 0x75001400, 0x402bfb83, 0x02010c0b, 0x02030404, 0x82020201, 0x501b2589, 0x00204058, 0x03290e82, 0x03007204, 0x03010200,
    0x0ba45b02, 0x0024b083, 0x21401b51, 0x02212285, 0x30239880, 0x01114059, 0x0e0f1000, 0x070a0b0d, 0x01140005, 0x07dd4214, 0x22173508, 0x16372726,
    0x34353233, 0x37272326, 0x16160733, 0xa1061415, 0x330b3a30, 0x1c362f11, 0x40261c30, 0x3f2f3122, 0x14212ddc, 0x1913282a, 0x022e3c1e, 0x342a2731,
    0x24073f41, 0x00df002e, 0x20bb8212, 0x2cbb8433, 0x00011228, 0x114c0101, 0x01030708, 0x0a4b5c4a, 0x4b5c0220, 0x0e102106, 0x03207983, 0x82065743,
    0x34352a79, 0x17373736, 0x15060607, 0x08828214, 0x06173726, 0x322b8906, 0x391e1425, 0x100c1323, 0x18141c0d, 0x24d2310b, 0x1c3d1d22, 0x1a301228,
    0x0e0c0c1e, 0x0f0b380e, 0x7c257b85, 0xa8013c01, 0x45f08301, 0x3534279f, 0x017c1521, 0x443c012c, 0x01000044, 0x13021400, 0x6302bc02, 0x262db342,
    0x02a80214, 0x83505013, 0x0128263f, 0x010e0128, 0x313f82e2, 0x0002b306, 0x132b3201, 0x28153735, 0x422801e6, 0x1f844278, 0x01f0ff25, 0x821e02e9,
    0xb11f261f, 0x40446406, 0x20148314, 0x07cb4885, 0x03000324, 0xbe460311, 0x01172206, 0x284b8233, 0x87fe4879, 0xfd2e0210, 0x269b82d2, 0x0135017c,
    0x638301e4, 0x3e821ea3, 0xd3841320, 0x35016822, 0x2406a363, 0x5c011701, 0x205b8202, 0x29938800, 0x01281525, 0x4c170134, 0x57824ca0, 0xf0ff282a,
    0xd6027502, 0x2e000300, 0x2505fe4d, 0x0000000c, 0x94834d34, 0x4e013525, 0x890a401b, 0x835920a3, 0x8528820c, 0x3fa285a6, 0x07fe54f9, 0xfde60210,
    0x0200001a, 0x62022c00, 0xc6024001, 0x17000b00, 0x22402500, 0x03040205, 0x61263d82, 0x01010103, 0xb9180034, 0xa2581126, 0x0bdb7d0e, 0x1b155c24,
    0x0382151b, 0x07869f20, 0x1b620229, 0x1c1c1617, 0x871b1716, 0x83588207, 0x8c00216f, 0x1a236f84, 0x64021740, 0x6a820732, 0x45000121, 0x032005ae,
    0x5687628e, 0x00204e89, 0x48057b48, 0x0622056b, 0x0f870b03, 0x02840027, 0x030600c7, 0x240f860c, 0x02cc005b, 0x200f82db, 0x470f860d, 0x062205c7,
    0x0f870e03, 0x024f0124, 0x974700d6, 0x06af470c, 0x37843e20, 0x27881120, 0x12200f85, 0x5b220f86, 0x1f844301, 0x0f861320, 0x22059b46, 0x88140306,
    0x0267221f, 0x207782da, 0x450f8615, 0x06220553, 0x0f851603, 0x2744ff20, 0x03062205, 0x430f861a, 0x0622057b, 0x0f851b03, 0x22068f41, 0x87230306,
    0x8c00230f, 0x4f82c602, 0x00002428, 0x33000100, 0x3748d401, 0x272f4306, 0x0733372e, 0x34531e33, 0xf2f2d401, 0x2800ffff, 0x2206cb74, 0x84b20206,
    0x822f204f, 0x8287204f, 0x0005295f, 0x6406b12d, 0x04224044, 0x08c74a18, 0x25076657, 0x00010102, 0x2d824f01, 0x05000523, 0x07ed4212, 0x3527132f,
    0x3d071533, 0x010d580e, 0x4c4ca6d4, 0x189b83a6, 0x4e09f370, 0x741829f7, 0x8d7e0fd9, 0x02002110, 0x0ceb4018, 0x2221f74e, 0x18141d1f, 0x4e081a6c,
    0x917915f7, 0x8540180d, 0x18929020, 0x2b106640, 0x16000000, 0x03000e01, 0x09040100, 0xa6200b82, 0x0b850382, 0x0a000124, 0x1786a600, 0x0e000224,
    0x0b86b000, 0x30000324, 0x0b86be00, 0x1a000424, 0x0b86ee00, 0x54000524, 0x0b860801, 0x1a000624, 0x0b865c01, 0x90000824, 0x0b867601, 0x60000924,
    0x0b860602, 0x30000b24, 0x0b866602, 0x0b8a0c20, 0x22010d24, 0x17869602, 0x36000e24, 0x0b85b803, 0x00000124, 0x6b860312, 0x9b820120, 0x86000421,
    0x00022417, 0x860a040a, 0x8203200b, 0x8614200b, 0x8204200b, 0x861e200b, 0x8205200b, 0x8628200b, 0x0006240b, 0x86320414, 0x0007240b, 0x86460416,
    0x8208200b, 0x005c360b, 0x006f0043, 0x00790070, 0x00690072, 0x00680067, 0x00200074, 0x22f18232, 0x82340032, 0x82542009, 0x82652011, 0x00472207,
    0x201f8265, 0x201d8473, 0x222b8250, 0x826a006f, 0x84632011, 0x0041220f, 0x20078275, 0x22478268, 0x82730072, 0x8428202b, 0x82742045, 0x00732455,
    0x822f003a, 0x82672001, 0x8274203b, 0x00752615, 0x002e0062, 0x20298263, 0x2015826d, 0x20418276, 0x220d8272, 0x846c0065, 0x22618723, 0x8266002d,
    0x826e2021, 0x822e2053, 0x82692091, 0x00292107, 0x52207f89, 0x67203582, 0x6c227182, 0x87826100, 0x4f823120, 0x3000342a, 0x3b003100, 0x52005600,
    0x4c20cd82, 0x2d890982, 0x13822d20, 0x45826520, 0x63827520, 0x19892f83, 0x198e2020, 0x8d845620, 0xa9827320, 0x6e006f22, 0x598bc582, 0x83822020,
    0x95827420, 0xe9846120, 0xc9826f20, 0x23826920, 0x25827420, 0x76002822, 0x2e227b82, 0x87843800, 0x37002e28, 0x35002d00, 0x03826400, 0x8b006221,
    0x20878fb5, 0x20bd8242, 0x20718273, 0x8503826d, 0x827320e9, 0x82752063, 0x82692039, 0x822c20fb, 0x208f8559, 0x211f8263, 0x0f83006c, 0x71824120,
    0xf1826420, 0x7300e922, 0x42201d82, 0x2006af41, 0x20878461, 0x20218469, 0x209d8247, 0x20418269, 0x201f826f, 0x20378246, 0x22238272, 0x82790065,
    0x84612005, 0x824d201f, 0x82742073, 0x201f8317, 0x200b825a, 0x20038272, 0x206d8267, 0xa107827a, 0x9b7fa18f, 0x8268205f, 0x0b1142dd, 0xff9c6220,
    0x54002f26, 0x69006800, 0x4620e984, 0x22060b42, 0x82530020, 0x82662009, 0x84772047, 0x826520bb, 0x202185e5, 0x2029826c, 0x20d78263, 0x202f826e,
    0x24ff8265, 0x00750020, 0x2007826e, 0x20f98265, 0x202f8220, 0x831b8268, 0x0049223d, 0x2233824c, 0x8470004f, 0x0020212b, 0x4c205989, 0x7d41418c,
    0x0d0d4209, 0x2e003122, 0x93061143, 0x86202077, 0x006122af, 0x229f8276, 0x826c0069, 0x82622005, 0x20a78305, 0x06ff4277, 0x13822020, 0x41227783,
    0x49825100, 0x9b826120, 0x07823a20, 0x200f1b41, 0x43a1866f, 0xdf8d0705, 0x6f002e22, 0xa943d782, 0x0b514105, 0x4e2035a5, 0x20203d82, 0x61227782,
    0x9b826900, 0x41208f83, 0x74200782, 0x61218582, 0x20098700, 0x2009886c, 0x20098852, 0x20098849, 0x20098847, 0x20878261, 0x244f8272, 0x00730077,
    0x41078252, 0x64200775, 0x64204d82, 0x74200f82, 0x6e282988, 0x6d007500, 0x65006200, 0x73233182, 0x84000200, 0x9cff2300, 0x08843200, 0x0321048e,
    0x28108239, 0x01c90024, 0x00030102, 0x083582c7, 0x0401ad86, 0x63000501, 0x9000ae00, 0x26002500, 0xff00fd00, 0x06016400, 0x27000701, 0x09010801,
    0x2800e900, 0x0a016500, 0xca00c800, 0xcb000b01, 0x0d010c01, 0x0f010e01, 0x2a002900, 0x1001f800, 0x12011101, 0x14011301, 0x2b001501, 0x17011601,
    0x18012c00, 0xcd00cc00, 0xfa00ce00, 0x1901cf00, 0x1b011a01, 0x1c012d00, 0x2e001d01, 0x1f011e01, 0x20012f00, 0x22012101, 0x3000e200, 0x23013100,
    0x25012401, 0x26016600, 0x120ead82, 0x00d100d0, 0x01d30067, 0x00280127, 0x00af0091, 0x003300b0, 0x003400ed, 0x01290135, 0x002b012a, 0x002c0136,
    0x01fb00e4, 0x012e012d, 0x0137002f, 0x01310130, 0x00330132, 0x01d40038, 0x00d50034, 0x01d60068, 0x01360135, 0x01380137, 0x00390039, 0x013a013a,
    0x013c013b, 0x003b003d, 0x01eb003c, 0x01bb003e, 0x0040013f, 0x0041013d, 0x014201e6, 0x01440143, 0x01460145, 0x01480147, 0x014a0149, 0x014c014b,
    0x014e014d, 0x0150014f, 0x01520151, 0x01540153, 0x01560155, 0x01580157, 0x015a0159, 0x015c015b, 0x015e015d, 0x0160015f, 0x01620161, 0x01640163,
    0x01660165, 0x01680167, 0x00440069, 0x016a0169, 0x006b006b, 0x016a006c, 0x006d016c, 0x006d006e, 0x004500a0, 0x01fe0046, 0x016f0000, 0x006f016e,
    0x01700147, 0x00ea0001, 0x01700048, 0x00720071, 0x00720173, 0x01730171, 0x01750174, 0x00490076, 0x01f9004a, 0x01780177, 0x017a0179, 0x007c017b,
    0x017d014b, 0x004c007e, 0x007400d7, 0x01770076, 0x0175007f, 0x01810180, 0x00830182, 0x0184014d, 0x00860185, 0x0187014e, 0x014f0088, 0x018a0189,
    0x00e3008b, 0x01510050, 0x018d018c, 0x0178008e, 0x0052008f, 0x007b0079, 0x017a007c, 0x00910190, 0x007d00a1, 0x005300b1, 0x005400ee, 0x01920155,
    0x00940193, 0x00950156, 0x01fc00e5, 0x00970196, 0x01570089, 0x01990198, 0x009b019a, 0x017e0058, 0x0080009c, 0x017f0081, 0x019e019d, 0x01a0019f,
    0x005900a1, 0x01a2015a, 0x01a401a3, 0x005b00a5, 0x01ec005c, 0x01ba00a6, 0x00a801a7, 0x00a9015d, 0x01aa01e7, 0x01ac01ab, 0x01ae01ad, 0x01b001af,
    0x01b201b1, 0x01b401b3, 0x01b601b5, 0x01b801b7, 0x01ba01b9, 0x01bc01bb, 0x01be01bd, 0x01c001bf, 0x01c201c1, 0x01c401c3, 0x01c601c5, 0x01c801c7,
    0x01ca01c9, 0x01cc01cb, 0x01ce01cd, 0x01d001cf, 0x01d201d1, 0x01d401d3, 0x01d601d5, 0x01d801d7, 0x01da01d9, 0x00c000db, 0x00dc01c1, 0x019e009d,
    0x01de01dd, 0x01e001df, 0x01e201e1, 0x01e401e3, 0x01e601e5, 0x01e801e7, 0x01ea01e9, 0x01ec01eb, 0x01ee01ed, 0x01f001ef, 0x01f201f1, 0x01f401f3,
    0x01f601f5, 0x01f801f7, 0x01fa01f9, 0x01fc01fb, 0x01fe01fd, 0x020002ff, 0x02020201, 0x02040203, 0x02060205, 0x02080207, 0x020a0209, 0x020c020b,
    0x020e020d, 0x0210020f, 0x02120211, 0x02140213, 0x02160215, 0x02180217, 0x021a0219, 0x021c021b, 0x021e021d, 0x0220021f, 0x02220221, 0x02240223,
    0x02260225, 0x02280227, 0x022a0229, 0x022c022b, 0x022e022d, 0x0230022f, 0x02320231, 0x02340233, 0x02360235, 0x02380237, 0x023a0239, 0x023c023b,
    0x023e023d, 0x0240023f, 0x02420241, 0x02440243, 0x02460245, 0x02480247, 0x024a0249, 0x024c024b, 0x024e024d, 0x0250024f, 0x02520251, 0x02540253,
    0x02560255, 0x02580257, 0x025a0259, 0x025c025b, 0x025e025d, 0x0260025f, 0x02620261, 0x02640263, 0x02660265, 0x02680267, 0x026a0269, 0x026c026b,
    0x026e026d, 0x0070026f, 0x0071029b, 0x00140013, 0x00160015, 0x00180017, 0x001a0019, 0x021c001b, 0x02730272, 0x02750274, 0x02770276, 0x02790278,
    0x027b027a, 0x027d027c, 0x027f027e, 0x02810280, 0x02830282, 0x02850284, 0x02870286, 0x02890288, 0x028b028a, 0x028d028c, 0x028f028e, 0x02910290,
    0x02930292, 0x02950294, 0x02970296, 0x02990298, 0x029b029a, 0x029d029c, 0x029f029e, 0x02a102a0, 0x02a302a2, 0x00a502a4, 0x02f400bc, 0x00a702a6,
    0x02f600f5, 0x02a902a8, 0x02ab02aa, 0x02ad02ac, 0x02af02ae, 0x02b102b0, 0x02b302b2, 0x02b502b4, 0x02b702b6, 0x02b902b8, 0x02bb02ba, 0x02bd02bc,
    0x02bf02be, 0x020300c0, 0x02c202c1, 0x00c402c3, 0x000f0011, 0x001e001d, 0x000400ab, 0x002200a3, 0x00c300a2, 0x020d0087, 0x000600c5, 0x023f0012,
    0x02c702c6, 0x02c902c8, 0x02cb02ca, 0x02cd02cc, 0x02cf02ce, 0x02d102d0, 0x001000d2, 0x00b300b2, 0x00d30242, 0x000c000b, 0x0060005e, 0x0240003e,
    0x02d502d4, 0x02d702d6, 0x02d902d8, 0x02db02da, 0x02dd02dc, 0x02df02de, 0x00e102e0, 0x00c500c4, 0x00b500b4, 0x00b700b6, 0x00aa00a9, 0x00bf00be,
    0x000a0005, 0x02e202a6, 0x02e402e3, 0x02e602e5, 0x02e802e7, 0x002300e9, 0x00880009, 0x008b0086, 0x00ea028a, 0x0283008c, 0x00ec02eb, 0x00e8005f,
    0x02c20082, 0x02ee02ed, 0x00f002ef, 0x00bd0084, 0x02f10207, 0x02f302f2, 0x00f502f4, 0x00960085, 0x00ef000e, 0x00b800f0, 0x008f0020, 0x001f0021,
    0x00940095, 0x00a70093, 0x00a40061, 0x00920041, 0x00f6029c, 0x0099009a, 0x029800a5, 0x000800f7, 0x02f802c6, 0x02fa02f9, 0x02fc02fb, 0x02fe02fd,
    0x030003ff, 0x03020301, 0x03040303, 0x03060305, 0x03080307, 0x030a0309, 0x030c030b, 0x030e030d, 0x0310030f, 0x03120311, 0x03140313, 0x03160315,
    0x03180317, 0x03b90019, 0x031b031a, 0x031d031c, 0x031f031e, 0x03210320, 0x03230322, 0x03250324, 0x03270326, 0x03290328, 0x032b032a, 0x032d032c,
    0x032f032e, 0x03310330, 0x03330332, 0x03350334, 0x03370336, 0x03390338, 0x033b033a, 0x008e003c, 0x004300dc, 0x00df008d, 0x00e100d8, 0x00dd00db,
    0x00da00d9, 0x03e000de, 0x033e033d, 0x0340033f, 0x03420341, 0x62410643, 0x65766572, 0x696e7507, 0x44433130, 0x616d4107, 0x6e6f7263, 0x676f4107,
    0x6b656e6f, 0x6963430b, 0x6d756372, 0x78656c66, 0x6f64430a, 0x63636174, 0x06746e65, 0x82616344, 0x25068225, 0x74616f72, 0x0d844506, 0x88450a21,
    0x4507211f, 0x45204686, 0x5e834685, 0x42453123, 0x23668543, 0x47064638, 0x0b213184, 0x855d8947, 0x3232231a, 0x4589470a, 0x31239482, 0x85303245,
    0x3445281a, 0x61624804, 0x89480b72, 0x49022433, 0x8649074a, 0x85492069, 0x49062769, 0x646c6974, 0x3a820b65, 0x34303029, 0x30333041, 0x8f4a0b31,
    0x38452165, 0x332a5285, 0x614c0636, 0x65747563, 0x8f844c06, 0x42221586, 0x15854e06, 0x158a4e20, 0x03353435, 0x0d676e45, 0x6e75684f, 0x75726167,
    0x75616c6d, 0x854f0774, 0x5206217c, 0x52202f85, 0x35232f8a, 0x84530636, 0x530b2115, 0x32217e8e, 0x257e8431, 0x45394531, 0xd1825404, 0x8a540621,
    0x32362136, 0x322b8484, 0x55064131, 0x76657262, 0x8c550d65, 0x85552071, 0x55072171, 0x0527ee85, 0x6e697255, 0x84550667, 0x570621f4, 0x57207085,
    0x09327089, 0x65696457, 0x69736572, 0x67570673, 0x65766172, 0x1c89590b, 0x84590621, 0x059c4112, 0x06384623, 0x213e845a, 0x80415a0a, 0x3741330c,
    0x750f4238, 0x3130696e, 0x6c2e4233, 0x4d6c636f, 0x0f854841, 0x87353421, 0x5206270f, 0x3073732e, 0x06410b34, 0x840b8605, 0x200b84d4, 0x213e840c,
    0x0c843635, 0x83490621, 0x0b352206, 0x846c8449, 0x4910210b, 0x10849389, 0x87490e21, 0x210e84b5, 0x9188490f, 0x0b210f84, 0x84b78449, 0x410c200b,
    0x0c8606ff, 0x84051541, 0x420b200c, 0x0b840509, 0x83470621, 0x0b362706, 0x65726247, 0x0b846576, 0x7b421020, 0x8510840a, 0x323221a5, 0x0f200c84,
    0x88098542, 0x4531231c, 0x0c843032, 0x8b410e21, 0x0f38219e, 0x83091743, 0x0e38221e, 0x431e8d45, 0x1e840916, 0x38205a8e, 0x3820ec8d, 0x3822ec8e,
    0x4d8c4f0e, 0x8d550e21, 0x08df410e, 0x0e215b84, 0x201d8c59, 0x09ca410f, 0x13201e84, 0x840d5741, 0x41142013, 0x14850e5c, 0x1484fe8e, 0x5f41082a,
    0x6c642e49, 0x55086769, 0x06210886, 0x0b3c4461, 0x61074522, 0x20069c42, 0x05864161, 0x41630b21, 0x0a2109d7, 0x08c34163, 0x63640628, 0x6e6f7261,
    0x06846506, 0x88650a21, 0x65072118, 0x65203f86, 0x2a0c3544, 0x6e750744, 0x35323069, 0x44670639, 0x67200535, 0x240e5043, 0x0a333231, 0x0cb44267,
    0x32453123, 0x29358431, 0x04354531, 0x72616268, 0x3389680b, 0x2e69092b, 0x6c636f6c, 0x074b5254, 0x20708669, 0x29708569, 0x69746906, 0x0265646c,
    0x3c846a69, 0x37333222, 0x20054744, 0x05474436, 0x778f6a20, 0x84394521, 0x33312b27, 0x616c0637, 0x65747563, 0xca436c06, 0x4333230a, 0x15856e06,
    0x158a6e20, 0x03363427, 0x0d676e65, 0x0cd5436f, 0x87856f20, 0x85720621, 0x8a72202f, 0x3735232f, 0x15847306, 0x8e730b21, 0x3132247e, 0x82740439,
    0x740621db, 0x36212e8a, 0x2b928433, 0x06423132, 0x65726275, 0x750d6576, 0x7520698c, 0x07216985, 0x27f18575, 0x69727505, 0x7506676e, 0x0621f784,
    0x20688577, 0x21688977, 0x3f447709, 0x67772708, 0x65766172, 0x1c89790b, 0x84790621, 0x063f4412, 0x7a063922, 0x20053f44, 0x0c8a417a, 0x38374123,
    0x052f4443, 0x44433321, 0x36200e3f, 0x27083f44, 0x73732e61, 0x610b3130, 0x82081344, 0x08aa430b, 0x99433120, 0x45432105, 0x10212484, 0x0d2c4461,
    0x610e3122, 0x820bf342, 0x081c4438, 0x420c3121, 0x38840690, 0x95420c20, 0x210c8406, 0xf783610a, 0x0b210a84, 0x84fc8461, 0x8406200b, 0x8a322088,
    0x880b8288, 0x8b322088, 0x8f322088, 0x8d322088, 0x88388288, 0x8b322088, 0x410c8288, 0x7183057b, 0x88893220, 0x88883082, 0x6c063222, 0x33211d83,
    0x0556420b, 0x51450b86, 0x85332008, 0x43332188, 0x73241886, 0x6873616c, 0x838d0b84, 0x430f3821, 0x9a440975, 0x44652005, 0x7b430d1f, 0x059a4409,
    0x84094543, 0x6906210f, 0x0e210684, 0x20358c69, 0x083f430e, 0x0c201d84, 0x84063c43, 0x6907220c, 0x2007846a, 0x21068506, 0x398d6f0e, 0x0e8d7520,
    0x84085c42, 0x790e2133, 0x0f201d8c, 0x84094742, 0x4113201e, 0x13920de7, 0x13843220, 0x5f66082c, 0x696c2e66, 0x74086167, 0x0884745f, 0x6e750727,
    0x31343069, 0x20078630, 0x47078631, 0x34210569, 0x05314331, 0x86303421, 0x86392007, 0x87392027, 0x8634201f, 0x8535202f, 0x86302007, 0x8730201f,
    0x85362047, 0x37312117, 0x38200786, 0x1c440786, 0x30342105, 0x2205bf44, 0x85413134, 0x49302017, 0x34220505, 0x0f854231, 0x0f873120, 0x45202787,
    0x46201786, 0xff480785, 0x44342006, 0x342106d1, 0x20978632, 0x20af8632, 0x202f8630, 0x20a78632, 0x20a78632, 0x20978632, 0x20978632, 0x20978632,
    0x87978732, 0x207f865f, 0x208f8632, 0x87a78732, 0x860f8727, 0x87302057, 0x20af8667, 0x20678630, 0x20678630, 0x20678630, 0x874f8730, 0x206f869f,
    0x48bf8630, 0x342106e9, 0x205f8636, 0x20178637, 0x205f8637, 0x20578639, 0x201f8639, 0x201f8641, 0x214f8641, 0x1f413042, 0x86422005, 0x86422017,
    0x8642202f, 0x8643202f, 0x8644201f, 0x8645208f, 0x06fc4927, 0x4545342f, 0x696e750c, 0x36303430, 0x3073732e, 0x200c8635, 0x210c8a37, 0x0c8a3043,
    0x83313021, 0x8b38200c, 0x11382126, 0x33854085, 0x92851e84, 0x86303321, 0x86312007, 0x207a8607, 0x06b24133, 0x07863520, 0x1f863920, 0x0f863920,
    0xfa863320, 0x6a413320, 0x86352006, 0x86352047, 0x86332027, 0x413320e2, 0x3320066a, 0x3320da86, 0x2006aa41, 0x06924135, 0x02413320, 0x41352006,
    0x332006da, 0x20068a41, 0x870f8733, 0x064a4127, 0x9a413320, 0x86342006, 0x8634206f, 0x8634206f, 0x863420b7, 0x8635209f, 0x8634202f, 0x863420a7,
    0x863420a7, 0x86342097, 0x86342097, 0x87342097, 0x865f8797, 0x8634207f, 0x8734208f, 0x872787a7, 0x2057860f, 0x86678735, 0x863520af, 0x86352067,
    0x86352067, 0x87352067, 0x869f874f, 0x8635206f, 0x061447bf, 0x86363421, 0x86372027, 0x863720cf, 0x86392067, 0x8639204f, 0x8641201f, 0x8641201f,
    0x31422147, 0x2005c741, 0x20178642, 0x202f8642, 0x202f8642, 0x20278643, 0x20c78644, 0x48278645, 0x3422061f, 0x36424645, 0x30332505, 0x3073732e,
    0x2005cf46, 0x460c8534, 0x34210553, 0x0b5d4235, 0x4205294b, 0x3521066a, 0x27338337, 0x614c0638, 0x6164626d, 0x33248784, 0x6c063941, 0x32210e88,
    0x05794331, 0x46343222, 0x32238684, 0x83363737, 0x84078226, 0x200782a6, 0x840f8638, 0x200f829e, 0x840f8641, 0x200f82be, 0x200f8643, 0x20078644,
    0x21078445, 0x27854534, 0x30363422, 0x36210f85, 0x20078631, 0x84078632, 0x343223e6, 0x0f863436, 0x07863520, 0x34217f85, 0x277f8536, 0x09383634,
    0x6f72657a, 0x3924c783, 0x656e6f08, 0x07200884, 0x74221284, 0x10830666, 0x742b0682, 0x742e6f77, 0x68740866, 0x82656572, 0x66072408, 0x8472756f,
    0x76692107, 0x06230f83, 0x82786973, 0x7308250e, 0x6e657665, 0x65240883, 0x74686769, 0x07220882, 0x5182696e, 0x85667421, 0x6e642362, 0x62846d6f,
    0x53830884, 0x0a200883, 0x0a835585, 0x57840920, 0x59830985, 0x5b832784, 0x5d852784, 0x5f850a84, 0x61842884, 0xb3840984, 0x6d756e23, 0x84638472,
    0x83638308, 0x83638608, 0x8563850a, 0x84638309, 0x84638327, 0x84638527, 0x8463850a, 0x83638428, 0x75072509, 0x3132696e, 0x82052144, 0x055a4107,
    0x35353126, 0x656e6f09, 0x68212f84, 0x85cd840c, 0x0b73220b, 0x86618266, 0x840c200b, 0x840c865a, 0x38302147, 0x2105ba41, 0xba413830, 0x38302105,
    0x2105ba41, 0xba413830, 0x38302105, 0x30215f85, 0x05ba4138, 0x41383021, 0x302105ba, 0x05ba4138, 0x42383021, 0x3021053a, 0x053a4238, 0x30373022,
    0x30225783, 0x0f844230, 0x4f840782, 0x4f860782, 0x2105bc45, 0x59433032, 0x86078205, 0x8637204f, 0x8637204f, 0x8637204f, 0x3041293f, 0x70796821,
    0x5f6e6568, 0x672c068d, 0x74616572, 0x6c2e7265, 0x1a616769, 0x13201a99, 0x2e8b1a86, 0x332da083, 0x16333030, 0x69726570, 0x6563646f, 0x2a48826e,
    0x6c2e6465, 0x436c636f, 0x850b5441, 0x732e2a16, 0x0a383073, 0x6f6c6f63, 0x240a846e, 0x6d65730e, 0x280e8969, 0x6c6c650d, 0x69737069, 0x261c8473,
    0x6378650b, 0x846d616c, 0x850f200b, 0x6f64220b, 0x26388577, 0x6575710d, 0x86697473, 0x87112046, 0x201f880d, 0x83868e13, 0x8e1b2077, 0x249a8613,
    0x7361632e, 0x831b9765, 0x9a202037, 0x087e4637, 0x48303321, 0x33210551, 0x05894730, 0x39200782, 0x21051341, 0x07863031, 0x07853120, 0x82058948,
    0x8644201f, 0x8641200f, 0x85422007, 0x34312107, 0x35200786, 0x69480785, 0x202f8205, 0x210f8546, 0x07863631, 0x07833720, 0x33453028, 0x656c1046,
    0xca417373, 0x6c2e2506, 0x17616769, 0x178b108a, 0x17911e20, 0x18201e8b, 0xdc411e8b, 0x36322d0f, 0x73093933, 0x656c696d, 0x65636166, 0x46217a83,
    0x06fa4438, 0x37313130, 0x6e696d06, 0x06657475, 0x6f636573, 0x1d83646e, 0x85313221, 0x343221a8, 0x3222f085, 0xe0444333, 0x42302606, 0x72754504,
    0x2124846f, 0xed844230, 0x42303223, 0x200f8644, 0x21078539, 0x07844141, 0xe7483220, 0x42302a06, 0x72610735, 0x75776f72, 0x23178470, 0x0a373931,
    0x72240f84, 0x74686769, 0x38211286, 0x23128409, 0x6e776f64, 0x39201186, 0xb3821185, 0x36202387, 0x62231185, 0x8568746f, 0x70752209, 0x852d8764,
    0x45312182, 0x31229285, 0x45853545, 0x92854120, 0x92863120, 0x02493120, 0x31322105, 0x82059f46, 0x05854307, 0x34423124, 0x8082630e, 0x67616928,
    0x74657265, 0x56867275, 0x0c374522, 0x752b9684, 0x73732e70, 0x750c3730, 0x8232696e, 0x200c84be, 0x8bc3890f, 0x8438201c, 0x880e200c, 0x201b8bcd,
    0x831b8a39, 0x201b8bd7, 0x831b8a36, 0x830e8ae1, 0x840e84e6, 0x433529d3, 0x69630646, 0x656c6372, 0x43230e86, 0x82727407, 0x065d41b8, 0x36423522,
    0x1a410f85, 0x49352006, 0x322105d5, 0x058a4735, 0x37200782, 0xb5413785, 0x43352306, 0xd6820a31, 0x30333026, 0x79632e36, 0x0a821a83, 0x07863820,
    0x6709372f, 0x65766172, 0x626d6f63, 0x75636109, 0x86098474, 0x0b42211b, 0x43243685, 0x746c612e, 0xdb441386, 0x42332005, 0x47820535, 0x17863620,
    0x74094125, 0x8b646c69, 0x8534203d, 0x86312019, 0x36322231, 0x204d840f, 0x08e14e32, 0x8a4b1f85, 0x4b332006, 0x3320068a, 0x2006e749, 0x06d74933,
    0xd7493320, 0x33332106, 0x8205fb47, 0x632e251f, 0x0c657361, 0x33214c84, 0x200c8b37, 0x210c8a38, 0x9a4a3830, 0x30332109, 0x20052f48, 0x0c4b4d0d,
    0x924f0e20, 0x08264408, 0x55323021, 0x3220068e, 0x3006cb45, 0x0c384332, 0x63616c62, 0x7269436b, 0x64656c63, 0x260c8b12, 0x6f727453, 0x8200656b,
    0x00012c00, 0x00ffff01, 0x0001000f, 0x820e0002, 0x00cc240f, 0x82020100, 0x821f200b, 0x82212011, 0x00242203, 0x22058283, 0x82a80085, 0x00a92205,
    0x221982aa, 0x82c000ab, 0x01c2280b, 0x0101002f, 0x825f0131, 0x01602805, 0x01020063, 0x82660166, 0x0168220b, 0x2205826a, 0x8281016c, 0x01832205,
    0x22058296, 0x82980198, 0x019a2205, 0x220582a4, 0x82af01a6, 0x01b12205, 0x220582b3, 0x82b901b5, 0x01bc2205, 0x220582c1, 0x82ca01c3, 0x01cc2205,
    0x220582e0, 0x82e401e3, 0x01e62205, 0x220582e7, 0x82f601ea, 0x01f82205, 0x229482f8, 0x82b802b8, 0x02bc2205, 0x220582bc, 0x82be02be, 0x02c12105,
    0x02283b82, 0x00c502c5, 0x03000301, 0x0323b882, 0x8224030a, 0x000c2a08, 0x00160004, 0x0026001e, 0x21af822e, 0x9f830101, 0x15821d82, 0x3f010124,
    0x07840100, 0x07863720, 0x07864120, 0x07825c20, 0x00000224, 0x03820c00, 0x35821c20, 0x0b03022c, 0x00000f03, 0x17031103, 0x0f820500, 0x18030124,
    0x1b821b03, 0x03820120, 0x001e3e08, 0x0038000a, 0x72656b03, 0x6d50006e, 0x006b7261, 0x6d6b6dce, 0x004a006b, 0x4c464404, 0x63440054, 0x006c7279,
    0x65726748, 0x6c48006b, 0x006e7461, 0x000d00d2, 0x008c0082, 0x003a0032, 0x2c278242, 0x005a0052, 0x006a0062, 0x007a0072, 0x20558496, 0x2105820c,
    0x5d830002, 0x0982d620, 0x0382ca20, 0x03820420, 0xda000123, 0x20078500, 0x200786de, 0x200786e2, 0x200786e6, 0x249d82ea, 0x00010000, 0x200786ee,
    0x200786f2, 0x200786f6, 0x2a0786fa, 0x000200fe, 0x01020008, 0x860c062e, 0x01042609, 0x000600d0, 0x833b8410, 0x820a2077, 0x82032017, 0x00052455,
    0x82070006, 0x8209202b, 0x000b2de5, 0x410a0048, 0x0020455a, 0x54414348, 0x52200583, 0x4b220583, 0x0b825a41, 0x48414d22, 0x4f210583, 0x2205824c,
    0x82444c4e, 0x4f522205, 0x2005824d, 0x22298454, 0x824b5254, 0x0000230b, 0xd584ffff, 0x03200783, 0x022cd184, 0xcc1e0100, 0x0100e424, 0xd8270a1f,
    0xac220b82, 0x0b820421, 0x68205c22, 0x6c220b82, 0x0582de21, 0xd2257222, 0xf8220582, 0x17823c23, 0x222bd222, 0x60210b82, 0x23238220, 0x881f661e,
    0x90220b82, 0x0582be1e, 0xa21ece22, 0x70220582, 0x2382621e, 0x361e2022, 0x30220b82, 0x05826e1e, 0x4e1e3622, 0xbc220582, 0x17829a1e, 0x8c1e9622,
    0x24220b82, 0x05823e1e, 0x301e2a22, 0x54220582, 0x05825e1e, 0x3a1e9222, 0x1a201d82, 0x0037eb82, 0xae1e0b00, 0xb41e0c1f, 0xc01eba1e, 0xcc1ec61e,
    0xd81ed21e, 0x821e021f, 0x8e262185, 0x51241f84, 0x2c211021, 0x10200382, 0x2221038f, 0x2119840a, 0x01872122, 0x0a262183, 0x0a211c21, 0x01864421,
    0x16210a22, 0x19850196, 0x59821c20, 0x3f862c20, 0x0d835f85, 0x15843620, 0x05842c20, 0x4b881020, 0x498b4420, 0x22e22331, 0x22862220, 0x21982342,
    0x0064221c, 0x839c2d02, 0x0e2e25ab, 0x1700e42e, 0x00200182, 0xff2100a3, 0x8b2589ec, 0x22158a0b, 0x83b0ffd8, 0x2105830d, 0x0983c4ff, 0x2b830383,
    0x83f6ff21, 0x83038309, 0x0000230d, 0x0382e2ff, 0x0583f620, 0xff211385, 0x840f84d8, 0x832b8925, 0x8703831b, 0x21078533, 0x5b890000, 0xe2200b82,
    0xff215f89, 0x820f82ce, 0x22058203, 0x8396ffba, 0x21038339, 0x6d84a6ff, 0x0b83f120, 0x7f830397, 0x89831b91, 0x9b87e98d, 0xffecff23, 0x823387f6,
    0x905b9c09, 0x84342057, 0x83a78495, 0x88038509, 0x849c204d, 0x00c4221d, 0x054b4100, 0x038f0d83, 0xff202b83, 0x43413f86, 0x0a002107, 0x0f91258f,
    0x87d0ff21, 0xbcff2113, 0xd8200988, 0x07890987, 0x89baff21, 0xa209840b, 0x204f885b, 0x0d3141f8, 0x1f881787, 0x0983e720, 0xff212389, 0x420f84f1,
    0x0d83081f, 0x73410397, 0x8d218509, 0x079b4169, 0x1f8d4f89, 0x03941783, 0x2983dd82, 0x0941ff20, 0x2195830a, 0x2d93f8ff, 0xff212589, 0x217185fb,
    0x97829cff, 0xb542ec20, 0x20878411, 0x822f82e2, 0x1400215f, 0x03a30d83, 0x2008e342, 0x2c3f84f6, 0xffe2ffb0, 0xff0000e2, 0xffceffe2, 0x05eb41ec,
    0xff96ff23, 0x411182e8, 0x79850831, 0x83054741, 0x42038d33, 0x1684081f, 0xc543b382, 0x1875410b, 0x85e7ff21, 0xf1ff2137, 0x022e8f86, 0x0400942b,
    0x882c0000, 0x3a005431, 0x7f823700, 0xff23f182, 0x820a00f2, 0x43f620fb, 0x0f200827, 0xd8201784, 0x0020f382, 0xec201782, 0xf624b382, 0xdefffeff,
    0x2d821f85, 0x048d8384, 0x88085143, 0x09b5418b, 0x850a6b41, 0x00f62263, 0x82998204, 0x22358829, 0x83baffce, 0x83ff20a9, 0xffce226b, 0x207f82fb,
    0x207982e2, 0x216389e8, 0x0b85ddff, 0xff215585, 0x883985d8, 0x8537823f, 0x0000211f, 0x8209f542, 0x428d86f5, 0x65820d41, 0xe4ffc422, 0x09822f83,
    0x2205b742, 0x420200e9, 0x5d410c77, 0x0000210a, 0x37853d8d, 0x03830583, 0x2309c344, 0x0e00f2ff, 0x00211183, 0x2077820a, 0x821b84e2, 0xf8ff237d,
    0xad82e2ff, 0x6982e820, 0x57820783, 0xf620d782, 0xff215183, 0x0bfd41f4, 0x8211ed42, 0x82bd8437, 0x204d842f, 0x45878200, 0x1582095f, 0x1184f420,
    0xdefff622, 0xc7843b84, 0x230cb741, 0xffceffd8, 0xff211582, 0x204982de, 0x8d2383f0, 0x91838303, 0xecff21db, 0x2016b741, 0x22d582e6, 0x82eaffe8,
    0x8bce2031, 0x20db8435, 0x275983c4, 0xf6ffd0ff, 0xf6ff0000, 0xea202782, 0x71421582, 0x091f4106, 0x03872383, 0x3545ff20, 0x2137830c, 0x25420000,
    0xfff8220a, 0x200f82fa, 0x200382fc, 0x413183e8, 0xe2200c99, 0x21058343, 0x6d84e6ff, 0x0400e022, 0x2d831d8b, 0xc5820383, 0xdb93e220, 0x038f1b83,
    0xec20b182, 0xff201383, 0x210ff144, 0x9386000f, 0x2008b143, 0x11e542e2, 0x03853983, 0x20112542, 0x85418200, 0x2505891b, 0xeeffecff, 0x2b83e2ff,
    0x82051941, 0xfff1220f, 0x226982f0, 0x86a6ff96, 0x83ba2011, 0x0523451f, 0xe0200582, 0xed200d84, 0x7d854183, 0x2105df42, 0x4341ceff, 0x83ff2009,
    0x172947eb, 0x2205f345, 0x83fcff04, 0x84038741, 0x05ad4153, 0x8406f144, 0x8706205b, 0x4407a11f, 0xf78a098f, 0xd582ef88, 0x850e7142, 0x08494125,
    0x0000ec22, 0x6b990b87, 0x438eff20, 0x198d2999, 0x43087b45, 0x238d0cc5, 0x49460db3, 0xff0a2212, 0x15fd41e8, 0x7746dd82, 0x8b2d8514, 0x8c418705,
    0xffea2413, 0x82e2ffd8, 0x82d32001, 0x00962607, 0xffceff00, 0x220582f1, 0x82f6ffe8, 0xffd82401, 0x82f6ffb0, 0x82c4200d, 0x82f6201f, 0xffd82219,
    0x821182de, 0x4641852d, 0x0b870563, 0x43820786, 0x6f463182, 0xf8ff2316, 0x5984feff, 0x3b82f820, 0x2782ee20, 0x3586f420, 0xcd48e220, 0x82d82008,
    0x82f62087, 0x43ec2019, 0x0585052d, 0x05892585, 0x8208074a, 0x437f8d43, 0xf6220cdd, 0x4d82d2ff, 0xe2204983, 0xff232583, 0x84ecffe2, 0xfff62201,
    0x0b0d49fc, 0xce206382, 0x8582e784, 0x820a6342, 0x43158332, 0xf62012dd, 0x42090944, 0xff2105ed, 0x212582ec, 0x4582ffce, 0xffd6ff23, 0x895b85d4,
    0x20738249, 0x084d46cb, 0x2982dd20, 0xe6ffc423, 0x05cf4aff, 0x45064148, 0x7f470b21, 0x822d820d, 0x2005825b, 0x468e82ba, 0x02260b1f, 0x0000f8ff,
    0xc982f8ff, 0xe7fff622, 0x93860982, 0xf1206b82, 0xe983cb84, 0x0985e220, 0x830ffd45, 0x83038f49, 0x49138543, 0xff251369, 0xffb0ffe2, 0x20df82d8,
    0x200382ba, 0x204f82a6, 0x05af41ba, 0x00f6ff23, 0x2617820a, 0x00fdff9c, 0x83c4ff08, 0x830d8239, 0x82882027, 0x05ab4507, 0x2d828820, 0xc4ffc424,
    0x5d830a00, 0x07832182, 0x82ff0621, 0x00002343, 0x3d82e3ff, 0x5b82f620, 0x85050541, 0x850b8221, 0x21498411, 0x5d45ffe7, 0x8583840c, 0x84d82057,
    0x82ce2019, 0x05db4111, 0x5f84ce20, 0x05839c20, 0x5141038f, 0x49b9860d, 0xf4280bbb, 0x0000f1ff, 0xecfffcff, 0x0022cf82, 0x0d83f6ff, 0x3f490f82,
    0x06a94609, 0xfa209782, 0xff215b83, 0x09ff41f1, 0x37410f83, 0x421b890d, 0x31840507, 0x3947ec20, 0x4b0d840d, 0xff210c47, 0x0ca34cb0, 0x0000f626,
    0x0a00ddff, 0x4c13b941, 0x51831579, 0xd3860393, 0x4985fb20, 0x4221794c, 0x598715f1, 0x4c0c1f47, 0x6b8210d1, 0xd8ffba24, 0x0182c4ff, 0xbaffd822,
    0xc4210d82, 0x07b14200, 0xdd860820, 0x1b821420, 0xce203783, 0xba222782, 0xcb9d88ff, 0x79874383, 0x08210788, 0x23008600, 0xd9ffceff, 0x21056141,
    0x7942b0ff, 0x83e22006, 0x60ff230f, 0xb74474ff, 0x82602006, 0x83d82023, 0x20038287, 0x207982ec, 0x832783ce, 0x2507853e, 0x000088ff, 0x2b82fdfe,
    0x13899c20, 0xff000025, 0x8360ff88, 0x2103830f, 0x058474ff, 0x0000e226, 0xe0fffeff, 0xf6244582, 0xe2fff6ff, 0xec206d84, 0x17821983, 0x9b4ef620,
    0x82f62008, 0x82fa20d3, 0xffd8220d, 0x842982f1, 0x8b238525, 0x83818d05, 0x11334e19, 0xff000025, 0x82f0fffa, 0x8205201b, 0x00f6226d, 0x820f830a,
    0x8402820d, 0x00f6222b, 0x210a8219, 0x9582ff00, 0xff1e0023, 0x211382de, 0x009f0002, 0x22854382, 0x39834184, 0x05840e85, 0x2105454a, 0x0782f0ff,
    0x5984e620, 0x2782db87, 0x33846583, 0xf1ffce26, 0xecff0000, 0x45076f47, 0x35830d27, 0x8e14ab42, 0x4a278369, 0x00201dbd, 0xff21d782, 0x835d83d8,
    0x460784fb, 0x3b830623, 0x7d430385, 0x850f8f0f, 0x20058625, 0x82a98502, 0x86fa204d, 0x49068811, 0xf4220863, 0x7782fcff, 0x4796f420, 0x9515894d,
    0x8f5b8815, 0x132f4108, 0x0fa5238f, 0xb385498d, 0x820b4b4b, 0xffe224c9, 0x82e2ffc4, 0x4aec2007, 0x45450857, 0x8f67a50c, 0xf0ff2325, 0x5b84d4ff,
    0xd9204b83, 0xff211d8d, 0x05df43d8, 0x4706b941, 0x2d8306c3, 0x8542278c, 0x82002008, 0x87ff2009, 0x45158443, 0x39820da3, 0xe4ffec24, 0x0182f6ff,
    0xecffea24, 0x0f82baff, 0x05827582, 0x3144ec20, 0x92ff2105, 0x354e6982, 0x84e38205, 0x48b02095, 0xa5440929, 0x4a81850d, 0x0b8305cb, 0x6d924183,
    0x842e2b4b, 0x83ed2049, 0x855f8f05, 0x87fb900f, 0x45079a16, 0x389a1d0d, 0x3d411acc, 0x4658b30b, 0x63b32f71, 0xe1413393, 0x201d8409, 0x0b094a0a,
    0x04a21184, 0x3185438e, 0x8509b542, 0x41059e0f, 0x5e9a3f3f, 0x1b9a3420, 0xff211abe, 0x220182ec, 0x49e2ffce, 0x4f86088d, 0xff9cff23, 0x0e434fb0,
    0x4affce21, 0x26860aff, 0x254906b0, 0x41448413, 0x33842e6d, 0xff2104ce, 0x2750bb88, 0xe2ffecff, 0xe2ff0000, 0xd8220782, 0x0984b0ff, 0x20080547,
    0x411182ff, 0x9f4b0669, 0xffe22405, 0x44c4ffe2, 0xff21152b, 0x558585ec, 0x5d471ad5, 0x23338512, 0xd8ff0000, 0x9a08234d, 0x932d8725, 0x098d4407,
    0x910f2d45, 0xd0ff212d, 0x91091f56, 0x4311c31d, 0x25420e99, 0x0d71476c, 0x4382cdc3, 0x824ebf4d, 0x4602b451, 0x49416d73, 0x10cf4954, 0xdb891087,
    0x4505c144, 0x39574799, 0xaf778717, 0xfbff2107, 0xb596319b, 0x9b2e7f4a, 0x082f4161, 0x211c0b52, 0x0b520000, 0xbf398711, 0x0d614407, 0x41572542,
    0xcd411549, 0x2aa79839, 0x1d541d02, 0x0001005a, 0x821b0301, 0x1d002205, 0x200b8466, 0x280b8410, 0x1d020048, 0x004e1d48, 0x21238303, 0x1382601d,
    0x62010224, 0x15826301, 0x561d5624, 0x33820200, 0x22031c2e, 0x01000000, 0xa9000300, 0x6101aa00, 0x2e0c1960, 0x03180302, 0x1d060019, 0x1d361d30,
    0x84421d3c, 0x1d062c49, 0x1d4c1d46, 0x1d581d52, 0x82641d5e, 0x84062037, 0x01602237, 0x24578461, 0x1d000004, 0x2403864c, 0x1c000052, 0x224f82e6,
    0x600a0303, 0x062a0879, 0x24032303, 0x01000d00, 0xcf82dd02, 0x3a020124, 0x0b822800, 0xe2ff3a22, 0x2a220582, 0x0582ceff, 0xd8ff6d22, 0x03220582,
    0x05840a00, 0x05831420, 0x84c4ff21, 0x00ec2205, 0x20518207, 0x825d82fa, 0x061d21b0, 0x0c200782, 0x12200382, 0x18200382, 0x1e280382, 0x03020200,
    0x6d02c4ff, 0x03264582, 0x1e008302, 0x03828502, 0x4783dd20, 0x020b003b, 0x02030200, 0x02370231, 0x0264023a, 0x02840282, 0x029b029a, 0x1c1e00bc,
    0x21018ad4, 0x01831cda, 0x871ce621, 0x1ce02101, 0xe6220187, 0x0188f81c, 0xec1cec24, 0x0182f21c, 0x0f00f822, 0xc0208d82, 0xc6200382, 0xcc200382,
    0xd2200382, 0xd8200382, 0xde200382, 0xe4200382, 0xea200386, 0xf0200782, 0xf6200382, 0xfc200382, 0x0220a582, 0x08200382, 0x22080382, 0x0001000e,
    0x003f001e, 0x00410040, 0x00430042, 0x00be0085, 0x00c000bf, 0x00ec00eb, 0x00ee00ed, 0x7f0f01ef, 0x3120081f, 0x2c0a617e, 0x01880184, 0x01d101cd,
    0x1c4d00ed, 0x21018696, 0x01831ccc, 0x871ca221, 0x1cd22101, 0x9c21018f, 0x2001871c, 0x221b82a2, 0x84ae1ca8, 0x1ce42101, 0xba210183, 0x2101871c,
    0x01911cde, 0x871cb421, 0x1cba2201, 0x200188ea, 0x247182de, 0x1cc01cd2, 0x204d82c6, 0x200382cc, 0x204982de, 0x203d82d8, 0x222182e4, 0x82f61cf0,
    0x004d23db, 0x2f7c0014, 0x002c2405, 0x8a2e002d, 0x4b2008e9, 0x4d004c00, 0x4f004e00, 0x51005000, 0x53005200, 0x64006300, 0x66006500, 0x85006700,
    0xb700a100, 0x24060941, 0x00d700d6, 0x090f41d8, 0x00f70033, 0x00f900f8, 0x00fb00fa, 0x00fd00fc, 0x01ff00fe, 0x16234100, 0x01592908, 0x017b017a,
    0x0195017f, 0x019e019a, 0x01c401a7, 0x01de01dd, 0x01ec01e3, 0x03f001ed, 0x02010000, 0x001e0097, 0xff450001, 0x0123a982, 0x82b0ffc1, 0x00852a11,
    0x0102000a, 0x02a6ff78, 0x2ab98285, 0xff180002, 0xff0f01ed, 0x870300ec, 0xd2012909, 0x03000000, 0xe7ff3301, 0x9c263182, 0xd8ff9a02, 0x45840200,
    0x17820b20, 0x21001828, 0x2f000b00, 0xf3823800, 0x7200682c, 0x8b001f00, 0x2a009300, 0x01829a00, 0x9c00332e, 0x34009d00, 0xa0009f00, 0xa2003600,
    0x38380182, 0xa700a600, 0xab003900, 0x3b00b600, 0xcc00c200, 0xd9004700, 0x5200e300, 0x6a08d182, 0x015d0000, 0x001e0114, 0x0133015e, 0x01690048,
    0x004e014e, 0x0150017f, 0x01800051, 0x00570153, 0x015a0182, 0x0187005a, 0x005f015e, 0x01660188, 0x018a0066, 0x0070016e, 0x0191018b, 0x018e0092,
    0x00a401a4, 0x01a90190, 0x019100af, 0x00b901b7, 0x01da0198, 0x019b00db, 0x00ee01ee, 0x01f2019d, 0x009e00f6, 0xffcd0005, 0x826001f6, 0x82612003,
    0xff622e03, 0xffa002f6, 0x000800f6, 0x000a0063, 0x20038264, 0x20038265, 0x24038266, 0x010a0067, 0x2003827f, 0x20038294, 0x820f8297, 0xc4ff2321,
    0x03826400, 0x03826520, 0x03826620, 0xc4ff6724, 0x03827f01, 0x03829420, 0x0f829720, 0xec202183, 0xec262182, 0xecff6500, 0x03826600, 0xecff6722,
    0xec222182, 0x07829401, 0x0f829720, 0x65820d20, 0x65821420, 0x65001426, 0x66001400, 0x67200382, 0xe4240382, 0xe5001e00, 0xe6200382, 0xe7220382,
    0x75821e00, 0x94011426, 0x97011400, 0xdc200382, 0x022c1382, 0x01002400, 0x00002100, 0x83002400, 0x85380782, 0x8100a800, 0xc000ab00, 0xc200a500,
    0xbb002f01, 0x5f013101, 0x66012901, 0x58300182, 0x6a016801, 0x6c015901, 0x5c017701, 0x7b017901, 0x7d260f82, 0x6b018101, 0x01828301, 0x85017034,
    0x71018701, 0x93018901, 0x95017401, 0x7f019601, 0x01829801, 0x9a018128, 0x8201a201, 0x0182a401, 0xa6018b2a, 0x8c01af01, 0xb301b101, 0xb52c1f82,
    0x9901b901, 0xc001bc01, 0xc4019e01, 0xa3240182, 0xca01c601, 0xcc342582, 0xa901cc01, 0xd001ce01, 0xd201aa01, 0xad01e001, 0xe401e301, 0x32082782,
    0x01e601e6, 0x01ea01be, 0x02bf01f6, 0x01b802b8, 0x02bc02cc, 0x02cd01bc, 0x01be02be, 0x02c102ce, 0x02cf01c1, 0x01c502c5, 0x030003d0, 0x00d10100,
    0x41630012, 0x00251155, 0x00ceff73, 0x20038274, 0x20038275, 0x20038276, 0x20038277, 0x20038278, 0x220382a3, 0x41ceffa4, 0x01210b75, 0x200f829b,
    0x2017829f, 0x20358217, 0x263582d8, 0xff7500d8, 0x827600d8, 0x82772003, 0x82782003, 0x82a32003, 0x82a42003, 0xffcd2803, 0xff0f01f6, 0x821001f1,
    0x82112003, 0x82122003, 0x82132003, 0x0a0b4203, 0x82630121, 0xff9b240f, 0x829f01d8, 0x82c82003, 0xffd42a0b, 0xffa002f1, 0x000200f6, 0x0883412b,
    0x00382208, 0x003c0021, 0x00360083, 0x00a80085, 0x00ab007e, 0x00a200c0, 0x002f01c2, 0x013101b8, 0x0126015f, 0x22018266, 0x82680155, 0x01562a01,
    0x017b016d, 0x017d0157, 0x3e13827f, 0x01830183, 0x01860169, 0x016a0187, 0x018e0189, 0x0191016c, 0x01720192, 0x01960194, 0x82980174, 0x01772201,
    0x2a01829a, 0x019c0178, 0x017901a1, 0x82a401a3, 0x01a62837, 0x018101a7, 0x82af01a9, 0x01b6283d, 0x018a01b9, 0x82c101bf, 0x01c4223d, 0x223f82c4,
    0x82ca01c6, 0x01cc2843, 0x019701cc, 0x82d001cf, 0x01d52243, 0x284382d5, 0x01d701d7, 0x01da019b, 0x264b82df, 0x01e301e3, 0x82e601a2, 0x01a32201,
    0x2e0182ea, 0x01ec01a4, 0x01a501ee, 0x01f601f0, 0x82f801a8, 0xaf280801, 0xb802b802, 0xbc02b001, 0xb101bc02, 0xbe02be02, 0xc102b201, 0xb301c102,
    0xc502c502, 0x0003b401, 0xb5010003, 0xe017a300, 0x86240190, 0xaa178617, 0xb0210192, 0x21019117, 0x019317e6, 0x8f17b621, 0x84e02001, 0x203f834f,
    0x211b84e6, 0x019317bc, 0xd4178c22, 0xc2220192, 0x0194da17, 0x98179222, 0xc8210194, 0x21019317, 0x019317ce, 0x6f84bc20, 0x98205f89, 0xce213b82,
    0x24ad8517, 0x179e17aa, 0x85f382a4, 0x84aa20cb, 0x202f8509, 0x208f84d4, 0x842b84c2, 0x0100270b, 0x0c005100, 0x42180d00, 0x002f094d, 0x001e001d,
    0x0020001f, 0x00230021, 0x46620054, 0x54080a15, 0x009d009c, 0x00cd00bf, 0x010401ed, 0x01060105, 0x01110107, 0x0120011f, 0x01220121, 0x01240123,
    0x01270126, 0x01290128, 0x012b012a, 0x015b014b, 0x0160015c, 0x01680167, 0x016b0169, 0x016e016c, 0x0170016f, 0x017f0172, 0x018b0189, 0x018d018c,
    0x01980197, 0x5b4418ac, 0x01c82c08, 0x01ca01c9, 0x01e801e4, 0x48f101e9, 0xa0260a1d, 0xb601bc02, 0x018f5018, 0x15fe1529, 0x170416fe, 0x8a761600,
    0x160a2101, 0x17210184, 0x8801919c, 0x84102025, 0x17882209, 0x2101847e, 0x019017a2, 0x00831620, 0x22161c22, 0x58260184, 0x18172216, 0x01832c18,
    0x18281627, 0x172e162c, 0x25018f96, 0x78173416, 0x55823a16, 0x83164021, 0x17462201, 0x25018748, 0x66174c16, 0x0186fa16, 0x56185222, 0x50220194,
    0x01877c16, 0x188a1723, 0x21018944, 0x01868216, 0x5e165824, 0x01846416, 0xa8176a22, 0x1621018f, 0x20018488, 0x23058370, 0x76165018, 0x0582f983,
    0x9628d583, 0x7c165618, 0x82164418, 0x16233383, 0x93ae1788, 0x8e162501, 0x1a18b417, 0x17210189, 0x890183e4, 0x2509890f, 0x5c18fc17, 0x018de816,
    0x83f01721, 0x20182101, 0x16230191, 0x85d217ee, 0xbe162101, 0x94220182, 0x0184a016, 0x05829a20, 0x3585a620, 0x84dc1621, 0x857b8a3b, 0xac16236b,
    0x9382b417, 0x53851420, 0x17b21623, 0x210187cc, 0x4982b816, 0x8516c421, 0x18ca2201, 0x23019302, 0xf416d016, 0x17230187, 0x890818ea, 0x08894101,
    0xdc16d624, 0x01940e18, 0x92181421, 0xf6172101, 0x16210183, 0x200582e2, 0x20a186ae, 0x219b85e8, 0xe5832018, 0x02261382, 0x0818f416, 0x5382fa16,
    0x50181426, 0x06170017, 0x24067f42, 0x180c1772, 0x21018326, 0x01827817, 0x18171226, 0x96177e17, 0x1e260982, 0x2a172417, 0x01823017, 0x36321783,
    0x42173c17, 0x4e174817, 0x5a175417, 0x66176017, 0x25826c17, 0x27827220, 0x44187e2c, 0x8a178417, 0xa2179017, 0x13822618, 0x2805fd41, 0x17a2179c,
    0x18ae17a8, 0x218d8556, 0x0182e417, 0x1a18c624, 0x0382b417, 0xef83ba20, 0x17ea1723, 0x220182c0, 0x83cc17c6, 0xd21727a7, 0xd817f017, 0x1d82de17,
    0x1982e420, 0xc782f020, 0x0218fc22, 0x0e202782, 0x1a20ed82, 0x2630c984, 0x32182c18, 0x3e183818, 0x4a184418, 0x5217d201, 0x1421018f, 0x240182f4,
    0x150015fa, 0x21018a36, 0x018515a8, 0x9015c021, 0x0e162101, 0x1523018b, 0x84441648, 0x15742401, 0x8e741606, 0x16202101, 0x15210182, 0x890183ae,
    0xcc152319, 0x01872e17, 0x16081623, 0x29018f62, 0xea150c15, 0x18151215, 0x01851e15, 0x89021621, 0x24152301, 0x01872a15, 0x94581721, 0x15522201,
    0x2301873c, 0x46175016, 0x15210189, 0x25018542, 0x2e177416, 0x01853015, 0x8f7a1621, 0x48152101, 0x17230189, 0x83361552, 0x83ef82ff, 0x176229d9,
    0x173c1558, 0x16421546, 0xf7823582, 0x92168021, 0x4e152501, 0x0a179816, 0x16210189, 0x21018386, 0x01912217, 0x17541525, 0x8ece165e, 0x16fe2101,
    0x17210182, 0x23019128, 0xd4168a15, 0x15210185, 0x22018e7e, 0x8984155a, 0x87798901, 0x60152909, 0x98169816, 0x6c156615, 0x16210185, 0x230189c2,
    0x78157215, 0x90210188, 0x23019215, 0x96151017, 0x16230187, 0x8a9c15f2, 0x15a22101, 0x7e240185, 0x16178415, 0x1c210194, 0x21019317, 0x01861704,
    0x82801621, 0x172224a3, 0x87ce1622, 0x21e583ef, 0x87820a17, 0x67829620, 0x5382a220, 0x52171c26, 0xae15a815, 0xb42e0182, 0x6e16ba15, 0xc0156e16,
    0xc6153816, 0x01845c16, 0x3e163e38, 0x4416cc15, 0xea156216, 0xd815d215, 0x68166816, 0x5616de15, 0x0182e415, 0x1382ea20, 0x15f02a08, 0x16fc15f6,
    0x16081602, 0x1614160e, 0x1620161a, 0x162c1626, 0x17621632, 0x16381652, 0x1744163e, 0x164a1646, 0x16561650, 0x204f8274, 0x423f8262, 0x6e20050f,
    0x7a240f82, 0x86168016, 0x16248182, 0x92168c16, 0x2006bd41, 0x28af820a, 0x16ec160a, 0x160a17ec, 0x2a038298, 0x1710179e, 0x16f21610, 0x82a416f8,
    0x16aa2c01, 0x16b016aa, 0x16bc16b6, 0x85c816c2, 0xd41629d3, 0xda16fe16, 0xe616e016, 0x10203982, 0x2b833982, 0xff82fe20, 0x0f821c20, 0x3d820a20,
    0x1c171624, 0xfd842217, 0x34172e2e, 0x40173a17, 0x4c174617, 0x37000100, 0x16fd4a18, 0x4a181a20, 0x28080a4f, 0x02690266, 0x026d026c, 0x0270026f,
    0x02760272, 0x027a0278, 0x0280027b, 0x02950294, 0x029c029a, 0x029f029e, 0x02ad02aa, 0x754918c5, 0xd3022b19, 0xd502d402, 0x0200f302, 0x71822300,
    0x0d00fb3b, 0xfc01fc01, 0xfd010200, 0x0600fd01, 0xfe01fe01, 0xff011600, 0x1500ff01, 0x28228202, 0x01020f00, 0x0e000102, 0x37008202, 0x03021300,
    0x12000302, 0x04020402, 0x05020c00, 0x02000502, 0x1a021a02, 0x5e2e0582, 0x01005f02, 0x61026002, 0x62020300, 0x0b826202, 0x66026624, 0xad820800,
    0x0b006922, 0x6c22b182, 0xb5821400, 0x04006d22, 0x6f20b982, 0x70221d82, 0x29827002, 0x72027222, 0x76220b82, 0x29827602, 0x78027828, 0x7a020700,
    0x05827a02, 0x7b027b24, 0xd5821000, 0x11008022, 0x2382d983, 0x9a029a24, 0xdf820500, 0x05829c20, 0x0021e382, 0x22e58209, 0x820a00aa, 0x82ad20e9,
    0x02c5267d, 0x020600c5, 0x20d382f3, 0x20b28204, 0x20d58425, 0x20d58a04, 0x20d58411, 0x20d58415, 0x21d58614, 0x08820202, 0x1320cf84, 0x0420cf84,
    0x6322c998, 0x75826302, 0x65026522, 0xd583a582, 0xd5840920, 0xd5840d20, 0xd5840b20, 0xd5920e20, 0x73027322, 0x75223582, 0x35827502, 0x0921e183,
    0x24d58502, 0x00810281, 0x24d58a12, 0x029b0206, 0x22f3829b, 0x829c029c, 0x029d22c3, 0x830b829d, 0x840a20e1, 0x8a0c20e1, 0x841620e1, 0x000b2ee1,
    0x00280002, 0x00830001, 0x00850000, 0x380782bf, 0x000d01c1, 0x010f01be, 0x010b012f, 0x01690131, 0x016b012c, 0x01650174, 0x22018276, 0x4d78016f,
    0x8630069d, 0x89017c01, 0x7e019201, 0x9d019501, 0x9f018801, 0x91220182, 0x0182a101, 0xa401923a, 0x9301a701, 0xad01ac01, 0xaf019701, 0x9901bf01,
    0xd001c101, 0xd301aa01, 0xba300182, 0xe001d701, 0xe201bb01, 0xc501ef01, 0xf701f101, 0x58081382, 0x01f901f9, 0x02fb01da, 0x02db0101, 0x01050203,
    0x021a02e2, 0x02e5011a, 0x0162025e, 0x026602e6, 0x02eb0166, 0x01690269, 0x026c02ec, 0x02ed0170, 0x01720272, 0x027602f2, 0x02f30176, 0x017b0278,
    0x028002f4, 0x02f80180, 0x01960294, 0x029802f9, 0x02fc0198, 0x01a0029a, 0x21f383fd, 0xf3830402, 0x02050227, 0x02d502c5, 0x21f38306, 0xf3821702,
    0xf382cc20, 0x08000b24, 0x01820c00, 0x0d000722, 0x0e280182, 0x13000e00, 0x14001100, 0x032e0182, 0x17001500, 0x18001e00, 0x07002100, 0x01822200,
    0x23000322, 0x2c280182, 0x2b002400, 0x30000900, 0x0a300182, 0x3b003900, 0x3c000a00, 0x0f003e00, 0x40003f00, 0x41282d82, 0x2d004100, 0x43004200,
    0x4b260b82, 0x03005300, 0x01825400, 0x55000722, 0x21240182, 0x57005600, 0x58221182, 0x61825b00, 0x61005c22, 0x62220b82, 0x75826200, 0x67006328,
    0x68001200, 0x4d827200, 0x78007322, 0x79228b82, 0x53827900, 0x7f007a22, 0x80268582, 0x19008300, 0x01828500, 0x87001824, 0x3b828a00, 0x93008b22,
    0x9422b582, 0x89829900, 0x9a009a26, 0x9b000800, 0x11240182, 0x9d009c00, 0x9e22ad82, 0x17829e00, 0xa100a122, 0xa2225f82, 0x5382a200, 0xa400a322,
    0xa5225382, 0x4782a500, 0xa700a622, 0xa8223b82, 0x2382a800, 0xaa00a922, 0xab2c0b82, 0x0600b500, 0xbd00b600, 0xbf000100, 0x1d240182, 0xcc00c100,
    0xcd3a0b82, 0x2000cd00, 0xd500ce00, 0xd6000200, 0x0400d800, 0xea00e800, 0xeb001000, 0x2f82ec00, 0xed00ed28, 0xee001d00, 0x0b82ef00, 0xf600f022,
    0xf7341d82, 0x01000201, 0x03010301, 0x04010200, 0x13000701, 0x0d010801, 0x0f2e1182, 0x1a001001, 0x11011101, 0x12011d00, 0x0b821301, 0x1e011422,
    0x1f2e2382, 0x05002401, 0x25012501, 0x26011000, 0x0b822b01, 0x2f012c34, 0x31011b00, 0x06003101, 0x3d013201, 0x3e010400, 0x29824801, 0x4b014b22,
    0x4e223b82, 0x17824e01, 0x51014f22, 0x52225382, 0x17825201, 0x59015922, 0x5a220b82, 0x0b825a01, 0x5c015b22, 0x5d224182, 0x41825d01, 0x5e015e22,
    0x5f223b82, 0x17825f01, 0x60016028, 0x62012000, 0x3b826201, 0x63016322, 0x643a7d82, 0x26006501, 0x66016601, 0x67010800, 0x0e006801, 0x69016901,
    0x6b011200, 0x05826c01, 0x6d016d22, 0x6e2e1782, 0x07007001, 0x71017101, 0x72010f00, 0x23827201, 0x76017622, 0x7b340b82, 0x03007b01, 0x7d017d01,
    0x7e012100, 0x11007e01, 0x7f017f01, 0x80283582, 0x0d008101, 0x82018201, 0x83221d82, 0x29828301, 0x85018528, 0x89011600, 0x3b828901, 0x8a018a22,
    0x8b220b82, 0x0b828d01, 0x8e018e22, 0x8f222382, 0x3b828f01, 0x90019022, 0x91220b82, 0x1d829201, 0x95019522, 0x96220b82, 0x0b829601, 0x98019722,
    0x99222982, 0x47829901, 0x9a019a22, 0x9b221782, 0x5f829b01, 0x9d019c22, 0x9f221182, 0x0b829f01, 0xa101a122, 0xa4220b82, 0x2f82a401, 0xa501a522,
    0xa7222382, 0x0582a701, 0xac01ac22, 0xaf22b982, 0xef82af01, 0xb101b02e, 0xb2010100, 0x1300b501, 0xb901b601, 0xba280b82, 0x1000ba01, 0xbb01bb01,
    0xbc280b82, 0x0200be01, 0xbf01bf01, 0xc1221182, 0x0b82c301, 0xc401c422, 0xc5281782, 0x0400c501, 0xc701c601, 0xc8220b82, 0x3b82c801, 0xca01c928,
    0xcb010500, 0x1182cb01, 0xcc01cc22, 0xcd222f82, 0x2f82d001, 0xd301d322, 0xd7220582, 0x1782d901, 0xdb01da22, 0xdd220b82, 0x3b82dd01, 0xde01de22,
    0xdf221182, 0x1182df01, 0xe001e022, 0xe2221182, 0x3582e201, 0xe301e322, 0xe4221782, 0x4d82e401, 0xe601e522, 0xe8221182, 0x0b82e901, 0xea01ea22,
    0xeb220b82, 0x2f82eb01, 0xec01ec22, 0xee222f82, 0x2982ee01, 0xef01ef22, 0xf1221182, 0x2382f101, 0xf201f222, 0xf3221782, 0x1182f301, 0xf401f422,
    0xf7281d82, 0x0800f701, 0xf901f901, 0x3e080582, 0x00fb01fb, 0x01fc0131, 0x011c00fc, 0x00fd01fd, 0x01fe0125, 0x013900fe, 0x00ff01ff, 0x02000238,
    0x02330000, 0x00010201, 0x02030232, 0x02360003, 0x00040204, 0x02050230, 0x021c0005, 0x821a021a, 0x025e2e05, 0x0215005f, 0x00610260, 0x0262021f,
    0x080b8262, 0x66026620, 0x69022900, 0x2f006902, 0x6c026c02, 0x6d023700, 0x22006d02, 0x6e026e02, 0x6f022700, 0x23826f02, 0x70027022, 0x72222f82,
    0x0b827202, 0x76027622, 0x78282f82, 0x28007802, 0x79027902, 0x7a222382, 0x0b827a02, 0x7b027b2e, 0x80023400, 0x35008002, 0x95029402, 0x96282982,
    0x2b009602, 0x98029802, 0x9a2e0582, 0x23009a02, 0x9b029b02, 0x9c022400, 0x0b829c02, 0x9d029d22, 0x9e340b82, 0x2a009f02, 0xa002a002, 0xaa022000,
    0x2e00aa02, 0xad02ad02, 0xc530a782, 0x2500c502, 0xd502c602, 0xf3020b00, 0x2200f302, 0xd422dc82, 0xc5440100, 0x00012a08, 0x0013000e, 0x00140003,
    0x22158215, 0x82170016, 0x0018220b, 0x440b8221, 0x012409c5, 0x2b002400, 0x2c221782, 0x17823800, 0x3b00392c, 0x3c001900, 0x0a004100, 0x01824200,
    0x43000122, 0x2a240182, 0x4a004400, 0x4b221d82, 0x29825400, 0x56005522, 0x57200b82, 0x2108bf44, 0xbf440001, 0x00012409, 0x82670063, 0x00682575,
    0x000b0072, 0x2a09bf44, 0x007a0011, 0x0012007f, 0x82830080, 0x0085228b, 0x4441828a, 0x032209b9, 0x01829a00, 0x9b000722, 0x03240182, 0x9d009c00,
    0x9e221d82, 0x6b829e00, 0xa0009f22, 0xbf440b82, 0x000b2109, 0x2109bf44, 0xbf440015, 0x00032209, 0x220182a9, 0x82aa0007, 0x000b2801, 0x00b600ab,
    0x82b70005, 0x00012801, 0x00cc00b8, 0x82cd0002, 0x44162001, 0xe32008bf, 0xe4285382, 0x1700e700, 0xea00e800, 0xeb250b82, 0x1400ef00, 0x07b94400,
    0x02000023, 0x23008201, 0x02010400, 0x240ec544, 0x01080104, 0x081d820d, 0x0e010e20, 0x0f010100, 0x0f001301, 0x1e011401, 0x1f010900, 0x06002401,
    0x25012501, 0x26011300, 0x0b822b01, 0x2f012c2e, 0x31011800, 0x14003101, 0x32013201, 0x33244d82, 0x05003d01, 0x2206c544, 0x824d0149, 0x014e2241,
    0x2211824e, 0x8252014f, 0x01532253, 0x22118258, 0x82590159, 0x015a220b, 0x2253825a, 0x825c015b, 0x015d2247, 0x2247825d, 0x825e015e, 0x07c54429,
    0x16006226, 0x63016301, 0x642e7d82, 0x22006501, 0x66016601, 0x67010700, 0x41826a01, 0x6c016b28, 0x6d010a00, 0x11826d01, 0x70016e22, 0x712e1182,
    0x11007101, 0x72017201, 0x73012b00, 0x11827401, 0x77017622, 0x79220582, 0x05827a01, 0x2205c544, 0x827d017c, 0x017e300b, 0x0103007e, 0x007f017f,
    0x0180010e, 0x441c0081, 0x11240ac5, 0x84018401, 0x86222382, 0x05828a01, 0x8c018c28, 0x8d011900, 0x6b828d01, 0xb9448e20, 0x010a2408, 0x82940194,
    0x0195223b, 0x22178295, 0x82970197, 0x0198220b, 0x220b8298, 0x82990199, 0x0dbf4483, 0x11829c20, 0x9e019d22, 0xc5444d82, 0x01112409, 0x82a401a3,
    0x0dc54411, 0x1182ad20, 0xaf01af34, 0xb0010500, 0x0200b001, 0xb501b101, 0xb6010400, 0x0b82b901, 0xba01ba28, 0xbb011300, 0x0b82bb01, 0xbf01bc22,
    0xc1281782, 0x1e00c101, 0xc301c201, 0xc4220b82, 0x1782c401, 0xc601c522, 0xc7220b82, 0x0b82c701, 0xc801c82e, 0xc9010f00, 0x0600ca01, 0xcb01cb01,
    0xcc221182, 0x4182cc01, 0xcd01cd22, 0xce282382, 0x0900ce01, 0xd001cf01, 0xd2220b82, 0x0582d301, 0xd401d422, 0xd5222f82, 0x5382d501, 0xd601d622,
    0xd7221182, 0x3582d901, 0xdb01da22, 0xdc280b82, 0x1700dc01, 0xdd01dd01, 0xde22a182, 0x1182de01, 0xe101e122, 0xe2220b82, 0x5382e201, 0xe301e322,
    0xe4222982, 0x6b82e401, 0xe501e522, 0xe6221182, 0x1d82e701, 0xe901e822, 0xea221182, 0x1182ea01, 0xeb01eb22, 0xec227182, 0x1782ed01, 0xee01ee22,
    0xef222f82, 0x4782ef01, 0xf101f122, 0xf2222382, 0xf582f201, 0xf401f322, 0xf5221782, 0xe944f601, 0x072b0806, 0xf901f901, 0xfb010700, 0x1d00fb01,
    0xfc01fc01, 0xfd011a00, 0x3100fd01, 0xfe01fe01, 0xff013500, 0x3400ff01, 0x00020002, 0x82022f00, 0x00230800, 0x0203021a, 0x02330003, 0x00040204,
    0x021a021d, 0x021a001a, 0x005f025e, 0x02600210, 0x021b0061, 0x82620262, 0x6326080b, 0x1f006302, 0x65026502, 0x69022500, 0x2d006902, 0x6c026c02,
    0x6d022900, 0x2e006d02, 0x6e026e02, 0x6f022300, 0x29826f02, 0x70027022, 0x72223582, 0x0b827202, 0x73027322, 0x75223582, 0x35827502, 0x78027828,
    0x79022400, 0x29827902, 0x7a027a22, 0x7b2e0b82, 0x30007b02, 0x81028102, 0x94023200, 0x2f829502, 0x9602962e, 0x97022700, 0x28009702, 0x98029802,
    0x99220b82, 0x0b829902, 0x9a029a2e, 0x9b022000, 0x21009b02, 0x9c029c02, 0x9d220b82, 0x0b829d02, 0x9f029e34, 0xa0022600, 0x1600a002, 0xaa02aa02,
    0xad022c00, 0xbf82ad02, 0xc502c530, 0xc6023600, 0x0800d502, 0xf302f302, 0xee832900, 0x00d8062d, 0x06d80602, 0x000100de, 0x8a12021e, 0x82d82011,
    0x00bc2811, 0x01020000, 0x87d206d4, 0x00002305, 0x1782d206, 0x10ff7128, 0x1a040200, 0x0587cc06, 0x82cc0621, 0x04022217, 0x20058414, 0x2105830e,
    0x5984d206, 0x058a6620, 0x02226583, 0x6b826006, 0x5a060222, 0xde220584, 0x4d83e406, 0x01226582, 0x0583ab00, 0x0112012f, 0x0101005e, 0x003b0268,
    0x019b0001, 0x220b8285, 0x82070109, 0x01302205, 0x2211825c, 0x828d01c2, 0x014f220b, 0x20058263, 0x22ad827c, 0x83210201, 0x66012105, 0x00210583,
    0x261184c2, 0x00c60263, 0x842f0201, 0x84ce2011, 0x84bb2005, 0x84af2005, 0x84582005, 0x84a52005, 0x84512005, 0x84942005, 0x84b52005, 0x84b82005,
    0x84882005, 0x84ca2005, 0x84b22005, 0x84602005, 0x84b62005, 0x845b2005, 0x84c82005, 0x84142083, 0x01ae2295, 0x229b827c, 0x82090196, 0x02af2295,
    0x220b8268, 0x822201cb, 0x01792205, 0x20118295, 0x21238308, 0x2f846902, 0x38026522, 0x72201182, 0xf0200b84, 0x1f202f84, 0x00210583, 0x203584a0,
    0x202f8486, 0x2217841c, 0x827501a6, 0x008728c5, 0x03010000, 0x82180006, 0x832d2005, 0xef012105, 0x00211183, 0x200584b6, 0x200583af, 0x05d75e02,
    0x0b83b220, 0x847d0121, 0x84142011, 0x0191261d, 0x010100fa, 0x201184de, 0x21058303, 0x4183a001, 0x84a40021, 0x84882011, 0x00c92611, 0x01010003,
    0x200b844d, 0x200584fd, 0x26058443, 0x0010ff6e, 0x845b0101, 0x845b200b, 0x8439200b, 0x8475200b, 0xff74260b, 0x0201006a, 0x2011841e, 0x20058436,
    0x8405855e, 0x8447201d, 0x84142005, 0x84392005, 0x84722005, 0x844c2005, 0x844c2023, 0x846f200b, 0x846e2005, 0x84d82011, 0x84182005, 0x846f2005,
    0x84cd2005, 0x83272005, 0xa5002123, 0x11840585, 0x0121f584, 0x20dd84e1, 0x2041847a, 0x20058409, 0x20118427, 0x840585ea, 0x840c2011, 0x8492200b,
    0x8423200b, 0x84862041, 0x8319200b, 0x6c0121b9, 0x9a200584, 0x14205384, 0x54200584, 0x92200584, 0x46200584, 0x7e200584, 0xb7200584, 0x6a200584,
    0x08200584, 0x2e200584, 0xcb200584, 0x9e200584, 0x03210583, 0x21058316, 0x1184f602, 0x77844720, 0x05848b20, 0x11848420, 0x1d84d420, 0x0b846820,
    0x05845a20, 0x05849b20, 0x0584d020, 0x05844520, 0x05846520, 0x05842920, 0x05842f20, 0x05846220, 0x05847120, 0x4d843f20, 0x05848720, 0x1184d520,
    0x05840b20, 0x05842b20, 0x05841920, 0x05848d20, 0x05845220, 0x29840920, 0xe3848220, 0x1184f020, 0x05843720, 0x05842820, 0x05842520, 0x23842320,
    0x0b848620, 0x02001226, 0x1c010100, 0xac201184, 0x07203584, 0x1a201784, 0x1f200584, 0x7a201784, 0x6d200b84, 0x75200584, 0x1f260584, 0x01005c00,
    0x0b844101, 0x05848520, 0x05842020, 0x0584a620, 0x05844e20, 0x3b845920, 0x0b84c720, 0xc6024d26, 0xfd010100, 0x54200584, 0x02210583, 0x200584d8,
    0x2011841e, 0x20058436, 0x2005846e, 0x20058451, 0x2005845a, 0x20058414, 0x2005844c, 0x8405846a, 0x18012135, 0x6d200b84, 0xcd220584, 0x59821202,
    0x05841220, 0x0584b620, 0x0584e120, 0x05831a20, 0x84c40021, 0x0228260b, 0x000100d0, 0x221184c6, 0x829e027a, 0x8423202f, 0x84742017, 0x841c2005,
    0x849a2005, 0x840d2005, 0x84142005, 0x84432005, 0x8448205f, 0x847d2005, 0x84922005, 0x843d2005, 0x84462005, 0x84b72005, 0x84662005, 0x84082005,
    0x842e2005, 0x84cb2005, 0x84452005, 0x83722005, 0x16032105, 0xf620ef84, 0x32201184, 0x74200584, 0x6c200584, 0x00210583, 0x2005848b, 0x20118484,
    0x200584de, 0x200584f1, 0x20058453, 0x2005849b, 0x200584d0, 0x20058450, 0x20058465, 0x20058429, 0x2005842f, 0x2005842a, 0x20058460, 0x20058471,
    0x2005840e, 0x20598440, 0x20058487, 0x201184d5, 0x20dd8416, 0x20058428, 0x20058430, 0x20058459, 0x2005842b, 0x20058419, 0x2005848d, 0x20058424,
    0x21058344, 0x0584d302, 0x11847220, 0x05840120, 0x05841720, 0x05831b20, 0x848a0021, 0x2005850b, 0x2011844f, 0x206b849d, 0x20178422, 0x20058425,
    0x2617842d, 0x00b2027a, 0x84860001, 0x841f201d, 0x840c2017, 0x84092005, 0x841d2005, 0x021f2205, 0x20238210, 0x200b847a, 0x26298682, 0x0101006e,
    0x82b8022d, 0x84852005, 0x84202011, 0x84a62005, 0x844e2005, 0x84592005, 0x84c720e3, 0x01f0220b, 0x26418295, 0x000901ae, 0x840a0201, 0x84392005,
    0x83a420bf, 0x19042705, 0x01000000, 0x05832e04, 0x831f0221, 0x71032105, 0x86200584, 0x00210583, 0x210583ac, 0x0584cf01, 0x2384f520, 0x20051d43,
    0x200b84ae, 0x2029840a, 0x20658371, 0x21c58403, 0x7184ac00, 0x0584cf20, 0xb384f520, 0x9e02f129, 0xae000100, 0x82008e02, 0x8205827d, 0x0835826d,
    0x70000a38, 0x02001800, 0x544c4644, 0x616c1001, 0x14016e74, 0x46012b00, 0x88024e01, 0x60025602, 0x6a025601, 0x5e015601, 0x6e016601, 0x7e017601,
    0x8e018601, 0x9e019601, 0x0182a601, 0x01ae5408, 0x01b601c6, 0x02c601be, 0x02ce0174, 0x01d6017e, 0x01e601de, 0x01f601ee, 0x020602fe, 0x0216020e,
    0x0226021e, 0x0236022e, 0x0246023e, 0x611c004e, 0x02746c61, 0x736163cc, 0x633c0265, 0x02706d63, 0x696c64e6, 0x64420267, 0x026d6f6e, 0x61726648,
    0x82dc0263, 0x02612810, 0x636f6c4e, 0x8454026c, 0x845a2005, 0x84602005, 0x84662005, 0x6e6c2d05, 0x02726d75, 0x64726f72, 0x70d4026e, 0x022d0c82,
    0x6e697378, 0x737e0266, 0x02313073, 0x22058284, 0x828a0232, 0x02332205, 0x22058290, 0x82960234, 0x02352205, 0x2205829c, 0x82a20236, 0x02372205,
    0x220582a8, 0x82ae0238, 0x02392f05, 0x627573b4, 0x73ba0273, 0x02737075, 0x4d8374c0, 0x4802c637, 0x44020000, 0x5a410a00, 0x5c052045, 0x20544143,
    0x52438404, 0x220b8254, 0x825a414b, 0x414d3405, 0xba042048, 0x204c4f4d, 0x4c4e2605, 0xf0042044, 0x824d4f52, 0x8254200b, 0x5c052429, 0x824b5254,
    0x01002923, 0x01000000, 0x03002c06, 0x05210783, 0x240f854a, 0x0200c002, 0x21178200, 0x0f869002, 0x07861820, 0x0786b420, 0x0600e422, 0x5a201f84,
    0x01210f85, 0x200786fe, 0x201786fc, 0x210f8562, 0x07856402, 0x86ea0121, 0x86e82007, 0x86e62007, 0x86e42007, 0x86e22007, 0x85e02007, 0x5a022307,
    0x5f840400, 0x0f850220, 0x86ce0121, 0x85cc2007, 0x26f98207, 0x00080004, 0x820e0201, 0x20078327, 0x21178546, 0x07862203, 0x07853820, 0x86a20121,
    0x85a02007, 0x3e032107, 0x02210785, 0x21078534, 0x07858e01, 0x85ba0421, 0x84012107, 0x10240782, 0x92010100, 0x06207d82, 0x02240382, 0x2e021c02,
    0x0222d384, 0x75823602, 0x50221385, 0x13866202, 0x7c026a22, 0x10260982, 0x84020200, 0x2f829602, 0x3f820020, 0x07821f20, 0x20000122, 0x15200584,
    0x21200584, 0x09200584, 0x0c200584, 0x0b200584, 0x0a200584, 0x0f200584, 0x14200584, 0x1d200584, 0x12280584, 0x01000004, 0xfe032200, 0x23220582,
    0x0582fc03, 0xfa032422, 0x25220582, 0x0582f803, 0xf6032622, 0x27220582, 0x0582f403, 0xf2032822, 0x29220582, 0x0582f003, 0x3b842a20, 0x05841120,
    0x05841320, 0x05821e20, 0x09840220, 0x02000026, 0x1c001a00, 0x03260b82, 0x17001600, 0x09821800, 0x13820420, 0x06000428, 0x00000800, 0x1382ffff,
    0x02367383, 0x04000300, 0x06000500, 0x0d000c00, 0x0f000e00, 0x11001000, 0x61181200, 0x012212dd, 0x2782ec04, 0xdc040128, 0x01000700, 0x2582d604,
    0x4a05012a, 0x01004900, 0x53004405, 0x3e220582, 0x17822a00, 0xceffb822, 0x32220b82, 0x05823400, 0xf6ff2222, 0xe0221182, 0x0b82e0ff, 0x20002022,
    0xde220b82, 0x05825e00, 0x2f00e222, 0xe6220582, 0x05821500, 0x1e009e22, 0x88200582, 0xa0200382, 0x01220d84, 0x07828604, 0x0100d422, 0xf6240582,
    0xd6040200, 0x01226f82, 0x0982f404, 0x90048c22, 0xea200582, 0x3a22c382, 0x1d82e600, 0x0d82e820, 0x84048022, 0xfa360582, 0x20030300, 0x22032103,
    0x02050200, 0x61000400, 0x0d016700, 0x0d821301, 0x04000026, 0x65016401, 0x27820383, 0x0400fe24, 0x29867802, 0xfc04012c, 0xb4040400, 0xbc04b004,
    0x2982ce04, 0xdb821620, 0x86008528, 0x32013101, 0x0f821903, 0x06002830, 0x95009400, 0x97009600, 0x99009800, 0x71820300, 0x03849420, 0x9b820020,
    0x2d820020, 0x05211182, 0x21118234, 0x11890082, 0x04210982, 0x20e78470, 0x20158201, 0x20358407, 0x200f82cc, 0x8523865e, 0x82902011, 0x860c2011,
    0x84192011, 0x00b22423, 0x8bfa0301, 0xf2032111, 0x72202382, 0x1b201186, 0x03212383, 0x201182e0, 0x82118a68, 0x5e03216b, 0x96211382, 0x206b8300,
    0x05cf4303, 0x824c0421, 0x86842011, 0x02200811, 0x0c008204, 0x34013301, 0x36013501, 0x38013701, 0x3a013901, 0x3c013b01, 0xf2013d01, 0x64040200,
    0x3e261d82, 0x40013f01, 0x66184101, 0xf3200ebf, 0x20081d82, 0x000c0072, 0x008c008b, 0x008e008d, 0x0090008f, 0x00920091, 0x01a90193, 0x00ab01aa,
    0x00ffff00, 0x428b8418, 0x0820093f, 0x93204142, 0xb4092035, 0xb40b2035, 0xb40a2035, 0xa0072035, 0x01430835, 0x1f006204, 0x68036203, 0xce036e03,
    0x7a037403, 0x86038003, 0x8c03d603, 0x98039203, 0xa4039e03, 0xb003aa03, 0xbc03b603, 0x4604c203, 0xe6035404, 0xfe03f203, 0x16040a04, 0x2e042204,
    0xde033a04, 0x4400c803, 0x012005e6, 0x02200782, 0x03200382, 0x04240382, 0x05010000, 0x06240382, 0x07010000, 0x25080382, 0x04020008, 0x0036003c,
    0x009b009a, 0x009d009c, 0x009f009e, 0x00a100a0, 0x00a300a2, 0x00a500a4, 0x00a700a6, 0x681801a8, 0xac31236f, 0xae01ad01, 0xf501f401, 0x6f02f601,
    0x71027002, 0xb7651802, 0x02792a0b, 0x0323037a, 0x03320324, 0x24718233, 0x0171003a, 0x43738864, 0x99200711, 0x42061942, 0x00270615, 0x0085003a,
    0x82650186, 0x00872a8d, 0x00890088, 0x0061008a, 0x2e998e67, 0x0150014f, 0x01520151, 0x01550154, 0x6a570156, 0x4d2a06c1, 0x65013201, 0x0d015901,
    0x69181301, 0xac240c13, 0xab01a901, 0x0121a587, 0x596718fc, 0x19671812, 0x2acd8f13, 0x027a023a, 0x02f502f4, 0x18f702f6, 0x840be964, 0x441920df,
    0xe7840509, 0x01000125, 0x83006c02, 0x00672405, 0x832c0401, 0xd9002109, 0x02200582, 0x00257983, 0x04680402, 0x20138478, 0x201d8245, 0x20038228,
    0x20038232, 0x2203820e, 0x82020010, 0x021c2639, 0x00000025, 0x06e95302, 0x58220985, 0x13855b00, 0x02df0223, 0x220982e8, 0x82020001, 0x82e42051,
    0x82cd2005, 0x00022407, 0x84eb00cd, 0x0230223b, 0x261d8239, 0x01010002, 0x850502fc, 0x61012427, 0x83006201, 0x0039222f, 0x360784e4, 0x00680001,
    0x00aa0301, 0x03c80303, 0x00d403ce, 0x03060403, 0x82d203f8, 0x03032c1b, 0x031e031c, 0x0404001f, 0x82fe030e, 0x82ee2015, 0x00042813, 0x0166005f,
    0x8412010b, 0x0001260b, 0x00ab004b, 0x210b83f7, 0x2d866e02, 0x0400012a, 0x0f01cd00, 0xcd027b02, 0x3a20f384, 0xab206586, 0x4b200784, 0x01202d84,
    0x052a7b84, 0x48004200, 0xf400ee00, 0x6d841803, 0x82066545, 0x022634f3, 0x0000002f, 0x00060001, 0x00250024, 0x00280027, 0x182a0029, 0x2012534e,
    0x207d8202, 0x242882b5, 0x00af01af, 0x201f820b, 0x20338204, 0x300f82aa, 0x00ae0166, 0x01f701aa, 0x01f300f8, 0x00fb01fb, 0x381782f5, 0x002f000c,
    0x00320031, 0x00340033, 0x00360035, 0x01380037, 0x01920191, 0x223782a4, 0x829e0098, 0x008e2205, 0x2805829f, 0x00a0008f, 0x01340102, 0x2205823f,
    0x82400135, 0x01362205, 0x22058241, 0x82420137, 0x01392205, 0x22058244, 0x8245013a, 0x013b2205, 0x22058246, 0x8247013c, 0x013d2205, 0x223b8248,
    0x825301de, 0x01e62205, 0x22118258, 0x824c0131, 0x01aa2205, 0x300582ad, 0x00f301f2, 0x02780202, 0x01030079, 0x01330164, 0x2807823e, 0x01430138,
    0x0203004e, 0x2c17826e, 0x02050077, 0x02510247, 0x02280232, 0x280b821e, 0x02520248, 0x02290233, 0x280b821f, 0x02530249, 0x022a0234, 0x280b8220,
    0x0254024a, 0x022b0235, 0x280b8221, 0x0255024b, 0x022c0236, 0x280b8222, 0x0256024c, 0x022d0237, 0x280b8223, 0x0257024d, 0x022e0238, 0x360b8224,
    0x0258024e, 0x022f0239, 0x02060025, 0x024f0245, 0x02260230, 0x821a021c, 0x4634080d, 0x31025002, 0x1d022702, 0x01001b02, 0x29001f00, 0x34003300,
    0xac00ab00, 0xae00ad00, 0xb000af00, 0xb200b100, 0xb400b300, 0xd900b500, 0xee00e400, 0xaf019201, 0x22142943, 0x826e0267, 0x00362841, 0x00130006,
    0x861d001c, 0x004e2e49, 0x0077006c, 0x0083007d, 0x008f008e, 0x264f8298, 0x00c600bd, 0x82d300c7, 0x00dd264d, 0x00e100de, 0x2e5582e3, 0x011801fa,
    0x01290123, 0x0138012f, 0x82700143, 0x01aa2863, 0x01da01b9, 0x185e02db, 0x2a10276a, 0x0378026e, 0x030c030b, 0x82260325, 0x8271206f, 0x21718703,
    0x23420024, 0x412a2005, 0xdd4106e1, 0x39003506, 0x48004200, 0x4e004b00, 0x59005800, 0x5b005a00, 0x66005f00, 0x9587978e, 0xeb309387, 0xed00ec00,
    0xf400ef00, 0xfa00f700, 0x12010b01, 0x9123a18e, 0x8701a401, 0x021c21a3, 0x11516b18, 0x133d6b18, 0x6c29cb8f, 0xdf027802, 0xe102e002, 0x9b691802,
    0x20dd840c, 0x05454318, 0x022be583, 0x000300b8, 0x005e02f7, 0x820200a9, 0x83aa20d9, 0x63012505, 0x0f010200, 0x3120fb82, 0x00200382, 0x10200384,
    0xdb200582, 0x01210d89, 0x22278260, 0x826101cd, 0x01d92205, 0x26058262, 0x005d02eb, 0x82cc0202, 0x82eb2021, 0x00012103, 0x00220583, 0x0b820d00,
    0x0f843f20, 0x002c0583, 0x5c020e00, 0x7b020300, 0xa202cc02, 0x7b242d82, 0x04005b02, 0x0f830d82, 0x1786a520, 0x0784a320, 0xa4027b22, 0x7b211986,
    0x20008300, 0x82048301, 0x82282003, 0x64022403, 0x86676e6c, 0x7304210b, 0x2c2c0b85, 0x03000000, 0x6e74614c, 0x00727943, 0x8d42fa05, 0x000011b5,
};

// File: 'Geist-Medium.ttf' (112800 bytes)
// Exported using binary_to_compressed_c.cpp
static const unsigned int GeistMedium_compressed_size = 74091;
static const unsigned int GeistMedium_compressed_data[74092 / 4] =
{
    0x0000bc57, 0x00000000, 0xa0b80100, 0x00000400, 0x00010025, 0x82120000, 0x043a0804, 0x44472000, 0x65474645, 0x01002040, 0x00000c63, 0x50472801,
    0xbf28534f, 0x01009ac4, 0x00003464, 0x5347ee46, 0x924c4255, 0x0100582f, 0x000024ab, 0x534f4a0d, 0x693e322f, 0x2b82966f, 0x4582a820, 0x6d63603c,
    0x1a547061, 0x0000e0a7, 0x0000ec0e, 0x7663ee07, 0xcb232074, 0x00007411, 0x1f82c025, 0x7066a02c, 0x2f626d67, 0x00007f03, 0x2382dc16, 0x61670c24,
    0x17827073, 0x6f821020, 0x07820420, 0x6c67083c, 0x06786679, 0x0000d82d, 0x0100d42c, 0x6568cc13, 0xe62e6461, 0x000040f7, 0x1f822c01, 0x82683621,
    0x4a0c2310, 0x0f82920c, 0x0f826420, 0x68242808, 0x3778746d, 0x00339526, 0x00080200, 0x6ce40c00, 0xd161636f, 0x003e1944, 0x00602600, 0x6d740600,
    0x04707861, 0x822f0f97, 0x8288202f, 0x6d202b2f, 0x67617465, 0x00c2c3b3, 0x7783b801, 0x616e2f3b, 0x0ab2656d, 0x0100f5ca, 0x0000a040, 0x6f709e05,
    0x3ff07473, 0x0100104c, 0x2d738246, 0x7270c11c, 0xbe7e7065, 0x00000b94, 0x3f82e824, 0x0100d622, 0x012d0582, 0x2584a866, 0x0f5f2c85, 0x0f00f53c,
    0x24178303, 0xa129e300, 0x2c1982e7, 0xab3fe400, 0xff38ff10, 0x0322090c, 0x230f82b2, 0x00020006, 0x012e0085, 0xed030000, 0x0000d9fe, 0x38ff6009,
    0x1f8238fd, 0x1c853784, 0x03220583, 0x23830039, 0x72003928, 0x57001000, 0x39820500, 0x07822a20, 0x1b828d20, 0x0c0e8d24, 0x1d820400, 0x51020424,
    0x1982f401, 0x8a020024, 0x17825802, 0x07854b20, 0x005e0125, 0x823f0132, 0x2702880f, 0xff0200a1, 0xfbe50150, 0x56291087, 0x004c4352, 0xfb2000c0,
    0x27838502, 0x0601f403, 0x97000020, 0x02231f83, 0x82c60214, 0x00202207, 0x24538204, 0x00b10228, 0x2303a014, 0x021100b3, 0x03210382, 0x262b82e3,
    0x025600b0, 0x942c00c9, 0x82c12003, 0x2603851b, 0x00c10210, 0x82610210, 0x2003a30f, 0x204f82d8, 0x83579a53, 0x82f4206f, 0x82cc2023, 0x00cc2323,
    0x0782020c, 0x00180127, 0x00650356, 0x23078356, 0xf9ff1801, 0x00210385, 0x200f8255, 0x2003820e, 0x20038201, 0x24138225, 0x005f02ea, 0x2003883d,
    0x873f8290, 0x82472003, 0x22038d0b, 0x827a030f, 0x96e92013, 0x82ef2003, 0x21039e7f, 0x23824b04, 0x3f829120, 0x43847320, 0xa8022c22, 0x038b0782,
    0x36008e23, 0x20039302, 0x202782c4, 0x8fd78238, 0x00b62303, 0x03a70247, 0x1400b026, 0x2600c803, 0x0227038f, 0x020e0079, 0x94faff52, 0x00312303,
    0x038a021c, 0x82c10021, 0x844720bf, 0x025622bb, 0x8a0782b0, 0xb9012303, 0x039f2c00, 0x82bf0221, 0x2403933f, 0x021400b1, 0x421b82c9, 0x0b82070b,
    0xff180129, 0x001801f5, 0x82ef0254, 0x83e38217, 0x82a384b7, 0x8367878f, 0x6a042b4f, 0x6f041400, 0x35024700, 0x03a72a00, 0x82a40321, 0x0060242b,
    0x8233024b, 0x20039307, 0x20178260, 0x222384b0, 0x824c022a, 0xa9402007, 0x9c012503, 0x5f023700, 0x03972f82, 0x1b827b20, 0x7b824f20, 0x06004f2a,
    0xeeff4f02, 0x49000001, 0x4b200382, 0xff230385, 0x880001ed, 0x82022013, 0x82f5200b, 0x82192017, 0x02de2207, 0x2327820c, 0x01fcff1c, 0x0221038a,
    0x22478261, 0x83edff61, 0x1a012307, 0x03844b00, 0x07865620, 0x05001a24, 0x67847503, 0x85024b21, 0x83078d6f, 0x21039ed7, 0xab82cb03, 0x43826020,
    0x03825d20, 0x2a006026, 0x4b008a01, 0x3d200386, 0x37220782, 0x1f821c02, 0x62200393, 0x9a232782, 0x83013200, 0x86a02003, 0x210b8207, 0x47824a02,
    0x302403a7, 0x3d031600, 0x02270391, 0x022f005f, 0x94160029, 0x00342303, 0x038a0239, 0x41fa0021, 0xff84050b, 0x25003b23, 0x8203a702, 0xa60220eb,
    0x16012303, 0x03845600, 0x07845720, 0x0b824220, 0x35020c22, 0x42065742, 0x5f2a0737, 0x00012a00, 0x00014800, 0x0785e9ff, 0x02190023, 0x240f820c,
    0x02fcff1c, 0x222b824c, 0x834b004a, 0x83d384eb, 0x83a783bf, 0x00d0247f, 0x828e0237, 0x82a42003, 0x00dc2903, 0x009b0132, 0x00ac0128, 0x20059345,
    0x067f439b, 0x07824b20, 0x0e200383, 0x80260782, 0x36034200, 0x57453200, 0xc1032b0b, 0x99020e00, 0xe5023100, 0x03885200, 0x2b828e20, 0x03250382,
    0x033d0002, 0x200b827a, 0x240382cc, 0x022c00ef, 0x200782c4, 0x20038291, 0x269382c4, 0x02000048, 0x83140034, 0x4c032103, 0x79241b82, 0x0f030e00,
    0x93281b82, 0xa7032700, 0xf2035600, 0x56212784, 0x21878202, 0x0b826f03, 0x4200e828, 0x3d006804, 0x5b844704, 0xea023624, 0x6f823300, 0x1c012c2a,
    0x18015a00, 0x5f02fbff, 0x04246b82, 0xf1030c00, 0x3a2ab784, 0x0c000603, 0x3800eb02, 0x9f82bf02, 0x5f82ef20, 0x1400e324, 0x0b82e703, 0x1f82aa20,
    0x0382fb20, 0xfaff5228, 0x01009302, 0x1382af02, 0x2700cd22, 0x56220b82, 0x17821801, 0x2b82d820, 0x3383cb83, 0x73449f82, 0x82f7830b, 0x83f5206b,
    0x35022113, 0x6020c382, 0x59242b82, 0xe9014b00, 0xbb280386, 0x1a024b00, 0xc2023700, 0xd3434f82, 0x8803290a, 0x20022f00, 0x45022800, 0x03871f82,
    0x0b826420, 0xa5200383, 0xd9202f82, 0x2006b742, 0x06bb434c, 0x20073b44, 0x425f8237, 0x9c20078b, 0x5f201b82, 0xa1204782, 0x69242b82, 0x30034b00,
    0x7c200382, 0x20067f43, 0x200b824e, 0x240b8234, 0x0337008e, 0x200382f3, 0x200b8297, 0x202f821c, 0x44038544, 0xff2b0503, 0xff1c01ee, 0x004f02fc,
    0x82280306, 0x8259201f, 0x82742003, 0x82ab207b, 0x82d22003, 0x247b8357, 0x0316005d, 0x200b8292, 0x201b8273, 0x2303829d, 0x02160030, 0x82200383,
    0xab201382, 0x01246b85, 0x02560016, 0xc783db83, 0xe7824f20, 0x4f429f83, 0x82178207, 0x01482a6b, 0x02e9ff00, 0x021400ae, 0x20bf82e7, 0x24078251,
    0x02320094, 0x242b8252, 0x013100a3, 0x2c078296, 0x023b0076, 0x02300071, 0x021c0075, 0x200b8281, 0x2003827c, 0x20278213, 0x261b8271, 0x033b007e,
    0xa42a0035, 0x206f8203, 0x2003a203, 0x26778302, 0x020c00a5, 0x82260064, 0x026d2403, 0x823a0065, 0x82282007, 0x82162003, 0x8436200b, 0x006e2203,
    0x2007822a, 0x2e038217, 0x00940135, 0x00ff0028, 0x00640114, 0x82580129, 0x00542807, 0x0065010a, 0x827d0128, 0x82312003, 0x006a220f, 0x200b821e,
    0x2927a729, 0x38ffa800, 0x14002f03, 0x03822403, 0x02215382, 0x200b86ef, 0x20078230, 0x20038235, 0x2403826a, 0x03280077, 0xcf5b8225, 0x00f3367b,
    0x00f30000, 0x00600900, 0x0008073e, 0x00b0043e, 0x00d5003e, 0x2303832a, 0x56002e01, 0x02210383, 0x230f8264, 0x003100e4, 0x02230382, 0x832a003a,
    0x201f8403, 0x24ff8249, 0x012a00ab, 0x30138278, 0x01faff03, 0x012500ee, 0x002400d6, 0x001200a4, 0x201782e3, 0x823f823c, 0x73022103, 0x0f823f82,
    0x3f881383, 0x67830f83, 0xfeff8a28, 0x2200d300, 0x4382a201, 0x2a005024, 0x07828c03, 0x07822e20, 0x3f825620, 0x2c002228, 0x0e002201, 0x07828b01,
    0x07828b20, 0x4f826920, 0x07826920, 0x1b826e20, 0x68200383, 0x03830782, 0x07828320, 0x02210382, 0x823b822c, 0x86012103, 0x03830f82, 0x07828220,
    0x27860383, 0x8b20b384, 0x8f201382, 0x03824f82, 0x00da0023, 0x8403832c, 0x82402093, 0x825c20cb, 0x2003831b, 0x2c178269, 0x022c00ba, 0x02370005,
    0x04560095, 0x051b41b0, 0x42072341, 0x02250753, 0x03080058, 0x2427829d, 0x0227008a, 0x2407826a, 0x03360038, 0x2007823a, 0x21038580, 0xaf828303,
    0xfb829c20, 0x2800e224, 0x03826f01, 0x0f821220, 0x02230382, 0x83560049, 0x87042103, 0x58240782, 0x62034e00, 0x58242f82, 0x33023300, 0x7320bf82,
    0x83240b82, 0xe4023600, 0xae200382, 0xd1280382, 0xb2022800, 0x24035600, 0x6f202b82, 0x52240f82, 0x3202faff, 0x10201382, 0x03200382, 0x24200382,
    0x20200382, 0x22240386, 0x22023200, 0x32211384, 0x20178302, 0x200b821e, 0x2103850b, 0x7f82f801, 0x2800b622, 0x2836bb82, 0x04009301, 0x14008a02,
    0x0c006c02, 0x1c001802, 0x1600ac02, 0x07461c02, 0x002a2406, 0x829f042a, 0x82c6200b, 0x00722487, 0x821e032c, 0x82742007, 0x820f8303, 0x820f8407,
    0x1b042117, 0x8a201386, 0x9d200782, 0x91200386, 0x03830782, 0x07829620, 0x99200387, 0x03250b85, 0x01140039, 0x200b82b4, 0x2003825a, 0x8f0785fc,
    0x4f03250f, 0xb5012c00, 0x4a207382, 0x02210389, 0x2f0b8228, 0x0314005a, 0x03560030, 0x03faff26, 0x03160032, 0x00230f8e, 0x962a0000, 0x96322003,
    0x202f9717, 0x202f8274, 0x20038214, 0x83038628, 0x840b870f, 0x79012933, 0xc2002a00, 0x02012a00, 0x94200386, 0x7a200782, 0x76200386, 0x12200782,
    0x97200382, 0x6a200382, 0x41200382, 0x14200382, 0x21058342, 0x3782c600, 0x3500da28, 0x2800fe00, 0xd382ba00, 0x2a003524, 0xb7844003, 0x00000224,
    0x77840300, 0x01000322, 0x04220784, 0x0782da07, 0x00f0f608, 0x00060080, 0x002f0070, 0x007e0039, 0x011301ac, 0x0137012b, 0x0148013e, 0x017e014d,
    0x0192018f, 0x02e901ce, 0x0237021b, 0x02b90259, 0x02c802bc, 0x030403dd, 0x030c0308, 0x03280312, 0x039b0338, 0x03bb03a9, 0x041a04c0, 0x043a0423,
    0x045f0443, 0x046b0463, 0x04930475, 0x049b0497, 0x04b304a3, 0x04bb04b7, 0x04cf04c0, 0x04e304d9, 0x0eef04e9, 0x1e211e3f, 0x1e9e1e85, 0x1ef31ebd,
    0x201420f9, 0x201e201a, 0x20262022, 0x20332030, 0x2044203a, 0x20792070, 0x20aa2089, 0x20b420ac, 0x21bd20b9, 0x21172107, 0x21552122, 0x2199215e,
    0x21aa219d, 0x21b521b1, 0x22e721e5, 0x22062202, 0x2212220f, 0x221e221a, 0x2248222b, 0x23652260, 0x240c24ce, 0x24ea2468, 0x25b325ff, 0x25bd25b7,
    0x25cc25c1, 0x273a26cf, 0x3003307e, 0x30173011, 0xf88ca71c, 0xff02fbff, 0x34f982ff, 0x00300020, 0x00a0003a, 0x011601ae, 0x0139012e, 0x014a0141,
    0x24f18450, 0x02e401cd, 0x28f18818, 0x03d802c6, 0x03060300, 0x22f1820a, 0x88350326, 0x04003cf1, 0x0424041b, 0x0444043b, 0x046a0462, 0x04900472,
    0x049a0496, 0x04ae04a2, 0x84ba04b6, 0x04d826f1, 0x04e804e2, 0x22f182ee, 0x82801e20, 0x1ebc2cf1, 0x20f81ef2, 0x20182013, 0x8420201c, 0x203222f1,
    0x22f18439, 0x8c802074, 0x821620f1, 0x215324f1, 0x8290215b, 0x21a926f1, 0x21b321b0, 0x20f188e4, 0x20f18a11, 0x22f18264, 0x8460240b, 0x25b228f1,
    0x25bc25b6, 0x82ca25c0, 0x273922f1, 0x22f18276, 0x82143008, 0x828b20f1, 0x830120f1, 0xcc0121f1, 0x028ef582, 0x0193fe23, 0x2712850e, 0x73feaefe,
    0x78007c00, 0x05840d85, 0x00000530, 0x5cfee7ff, 0x3efe4ffe, 0x00003afe, 0x03825dfd, 0x19848620, 0xfc230490, 0x871efde4, 0x62f42114, 0xe1210983,
    0x230583c4, 0x69e20000, 0x3c2a0786, 0x80e2aee2, 0xf6e163e2, 0x0182dfe1, 0x19e2c534, 0x0ce213e2, 0x04e209e2, 0x0000f4e0, 0x00008ee1, 0x0782e6e0,
    0x43e14c30, 0x3de13ee1, 0x0ce106e1, 0xd1e0d9e0, 0x1782c9e0, 0xb7e0c034, 0x89e0abe0, 0x00006be0, 0x0000ecde, 0x26ddb1dd, 0x558507dd, 0xdd270583,
    0xda6ddc2f, 0x8367d291, 0x63d23f0b, 0xa9090000, 0x01006006, 0x0000f000, 0x94010c01, 0x7602ac01, 0xb202a002, 0xca02bc02, 0x2383d002, 0x03280325,
    0x8334032a, 0x2d038309, 0x36033203, 0x48034003, 0x00004c03, 0x11834e03, 0x03210385, 0x200f8248, 0x3403827a, 0x03da03a4, 0x03de03dc, 0x03ea03e4,
    0x03ee03ec, 0x03fa03f0, 0x832383fc, 0xfe032207, 0x2b0a8204, 0x02040004, 0x0a040000, 0x0e040c04, 0x0e250782, 0x16041204, 0x24009a00, 0x0000fe03,
    0x83038203, 0x8b268f3b, 0xf8032113, 0x03822782, 0x03252383, 0x03f603f4, 0x847b87f8, 0x04f82211, 0x836d830a, 0x00850c0b, 0x02590200, 0x029e0263,
    0x02be026b, 0x02aa02dd, 0x0280029f, 0x02690281, 0x025f02c6, 0x025e027b, 0x0260026c, 0x02cd0261, 0x02cc02ca, 0x00a90265, 0x000d0001, 0x0014000e,
    0x00230018, 0x002c0024, 0x0039002f, 0x003f003c, 0x00450044, 0x0055004b, 0x00580057, 0x0063005c, 0x00730068, 0x00790074, 0x0280007a, 0x026d0284,
    0x02d40285, 0x0027037e, 0x00b700ab, 0x00be00b8, 0x00cd00c2, 0x00d600ce, 0x00e400d9, 0x00eb00e8, 0x00f100f0, 0x010101f7, 0x01040103, 0x010f0108,
    0x011f0114, 0x01250120, 0x022c0126, 0x02b40282, 0x02d20283, 0x0264025a, 0x02c402bc, 0x02c502bd, 0x03ac02b5, 0x01ad0225, 0x029a0264, 0x03ae02d3,
    0x02b1022f, 0x025102d0, 0x02280352, 0x02ab02dc, 0x02300367, 0x02650150, 0x023e029b, 0x023f023b, 0x00070066, 0x00050002, 0x0006000b, 0x000c000a,
    0x001e0011, 0x001b0019, 0x0035001c, 0x00320031, 0x00170033, 0x004f0049, 0x004d004c, 0x024e0053, 0x005200c8, 0x0069006d, 0x006c006b, 0x0156007b,
    0x00b1000e, 0x00af00ac, 0x00b000b5, 0x00b600b4, 0x00c800bb, 0x00c500c3, 0x00df00c6, 0x00dc00db, 0x00c100dd, 0x00fb00f5, 0x00f900f8, 0x02fa00ff,
    0x01fe00c9, 0x01150119, 0x01180117, 0x01020127, 0x00080029, 0x000300b2, 0x000900ad, 0x000f00b3, 0x001200b9, 0x001300bc, 0x001000bd, 0x001500ba,
    0x001600bf, 0x001f00c0, 0x001d00c9, 0x002000c7, 0x001a00ca, 0x002700c4, 0x002500d1, 0x002900cf, 0x002800d3, 0x002e00d2, 0x002d00d8, 0x003800d7,
    0x003600e2, 0x003700e0, 0x003400e1, 0x003000da, 0x003b00e3, 0x003e00e7, 0x004000ea, 0x004200ec, 0x004100ee, 0x004300ed, 0x004600ef, 0x004800f2,
    0x004700f4, 0x004a00f3, 0x005100f6, 0x005000fd, 0x015400fc, 0x01590000, 0x015b0005, 0x015a0007, 0x015d0006, 0x01600009, 0x015f000c, 0x015e000b,
    0x0166000a, 0x01650012, 0x01640011, 0x01720010, 0x016f001e, 0x016a001b, 0x01710016, 0x016e001d, 0x0170001a, 0x0176001c, 0x017c0022, 0x007d0028,
    0x002d0181, 0x002f0183, 0x002e0182, 0x00ae0004, 0x00d5002b, 0x00d00026, 0x00e9003d, 0x000d0161, 0x03130167, 0x032b032a, 0x032c0336, 0x032d0326,
    0x032e0331, 0x030d0329, 0x0311030e, 0x03160315, 0x030c0313, 0x0314030b, 0x0312030f, 0x031a0318, 0x016f011b, 0x01970170, 0x018f016a, 0x0191018e,
    0x01930192, 0x018d018c, 0x01770194, 0x01810175, 0x01660188, 0x01680167, 0x016d0169, 0x0171016e, 0x01730172, 0x01760174, 0x01830182, 0x01850184,
    0x01870186, 0x018a018b, 0x01900189, 0x01960195, 0x01b001af, 0x01b201b1, 0x01b701b6, 0x01bb01ba, 0x01bd01bc, 0x01cb01bf, 0x01cd01cc, 0x01cf01ce,
    0x01d401d0, 0x01d201d3, 0x01de01d9, 0x01b801df, 0x01e001b9, 0x01d801b3, 0x01da01d7, 0x01dc01db, 0x01d601d5, 0x01c001dd, 0x01ca01be, 0x019801d1,
    0x019901e1, 0x019a01e2, 0x019b01e3, 0x016b01e4, 0x016c01b4, 0x019c01b5, 0x019d01e5, 0x019e01e6, 0x019f01e7, 0x01a001e8, 0x01a101e9, 0x01a201ea,
    0x01a301eb, 0x01a501ec, 0x01a601ee, 0x01a701ef, 0x01a801f0, 0x002a00f1, 0x017800d4, 0x01750024, 0x01770021, 0x00210023, 0x017e00cb, 0x017f002a,
    0x0298022b, 0x02940299, 0x02970296, 0x02b60295, 0x026802b7, 0x02af02b8, 0x023d023c, 0x02e50240, 0x02e102df, 0x02e702e3, 0x02e602e8, 0x02e202e0,
    0x02d902e4, 0x02cf02c7, 0x02bb02ce, 0x030203b9, 0x03030306, 0x03040307, 0x03050308, 0x02010309, 0x020003ff, 0x02870286, 0x028d028c, 0x028b028a,
    0x02910290, 0x02890288, 0x028f028e, 0x00930292, 0x00300184, 0x2c00b000, 0x5500b020, 0x20594558, 0x00b84b20, 0xb04b510e, 0x585a5306, 0xb01b34b0,
    0x66605928, 0x58558a20, 0x612502b0, 0x080008b9, 0x23636300, 0x21211b62, 0xb05900b0, 0x44234300, 0x000100b2, 0x2d426043, 0xb02c01b0, 0x2d666020,
    0x232c02b0, 0x2d212321, 0x202c03b0, 0x1403b364, 0x43420015, 0x204313b0, 0xb1426060, 0x42431402, 0x430325b1, 0x544302b0, 0x0cb02078, 0x2a088223,
    0xb0646143, 0xb2785004, 0x82020202, 0x21b02446, 0x83211c65, 0x0eb22615, 0x1c420115, 0x250a8220, 0x13b24223, 0x1b821301, 0x00b02329, 0x59655850,
    0x830116b2, 0xb02d2a29, 0x03b02c04, 0x4315b02b, 0x236f8358, 0x434316b0, 0x1b3e2086, 0xb0206420, 0x04b050c0, 0x28b25a26, 0x45430d01, 0x06b04563,
    0xb0215845, 0x52592503, 0x9c82585b, 0x588a1b26, 0x5050b020, 0x40251282, 0xb0201b59, 0x24098338, 0x20595938, 0x822d85b1, 0x82282091, 0x220d8612,
    0x8230b020, 0x30b0210c, 0xc02e2983, 0x66205850, 0x618a8a20, 0x500ab020, 0x3b826058, 0x1b832020, 0x09830a20, 0x09833620, 0x1b603635, 0x59595960,
    0x2502b01b, 0x63430cb0, 0x585200b0, 0x834b00b0, 0x8221202c, 0x4b1b230f, 0x25831eb0, 0x614b1e26, 0x630010b8, 0x632f1182, 0x620005b8, 0x61645959,
    0x2b01b059, 0x85235959, 0x205922e2, 0x2dcf8264, 0x2d594223, 0x202c05b0, 0x04b02045, 0xd3826125, 0x5043072e, 0x2307b058, 0x2308b042, 0x21211b42,
    0x60243282, 0x2c06b02d, 0x0328fe84, 0xb164202b, 0x20426207, 0xee831c83, 0xbe851b20, 0xb0280583, 0x63456005, 0x212a05b0, 0x43241c82, 0x8a208a20,
    0xb1386b82, 0xb0250530, 0x58512604, 0x611b5060, 0x23585952, 0x20592159, 0x585340b0, 0x1b231b82, 0x8740b021, 0xb02d2a8a, 0x09b02c07, 0x00b22b43,
    0x05e64102, 0x0e820820, 0x2342233a, 0x2300b020, 0x02b06142, 0x01b06662, 0x6001b063, 0x2d2a07b0, 0x202c09b0, 0x0e26ad83, 0x04b86343, 0x22826200,
    0x4022af82, 0x22835960, 0x82446021, 0xb02d2c24, 0x09b22c0a, 0x4543000e, 0x42212a42, 0x0b210838, 0x0d48422c, 0x45850c20, 0x232b0122, 0xfa821782,
    0x45206032, 0x2061238a, 0x20b02064, 0xb0215850, 0x30b01b00, 0x20215782, 0x87a4821b, 0x03b025a5, 0x44612325, 0x0d206285, 0xb0213e96, 0x82358224,
    0x8bda883c, 0x2c0e2134, 0xb325d084, 0x03000c0d, 0x35658245, 0x5921231b, 0xb02d212a, 0x02b12c0f, 0x64b04502, 0xb02d4461, 0xc2822c10, 0xb0202029,
    0xb04a430f, 0x82585000, 0x42232408, 0x8310b059, 0x8252200d, 0x8210200d, 0xb02d220d, 0x21488211, 0xf1836210, 0x04b82024, 0xb8826300, 0x11b02708,
    0x8a206043, 0x11b02060, 0x2d234223, 0x4b2c12b0, 0x04b15854, 0x24594464, 0x23650db0, 0x13b02d78, 0x58514b2c, 0x1485534b, 0x82211b21, 0x84132017,
    0x2c143c17, 0x431200b1, 0x12b15855, 0x01b04312, 0x11b04261, 0x00b0592b, 0x2502b043, 0x830fb142, 0x82102004, 0x01b02404, 0x82202316, 0x58502dc9,
    0x430001b1, 0x2504b060, 0x208a8a42, 0x10237683, 0x8223212a, 0x200b8736, 0x831f851b, 0x25022332, 0x1d82b061, 0xc9825920, 0xbf824720, 0xb0604723,
    0x0dac4102, 0x41b02021, 0x410814c2, 0x130000b1, 0x01b04423, 0x3e00b043, 0x010101b2, 0x2d426043, 0x002c15b0, 0x450200b1, 0x12b05854, 0x45204223,
    0x42230eb0, 0xb0230db0, 0x20426005, 0x1818b760, 0x00110001, 0x42420013, 0x20608a42, 0x1b8214b0, 0xb161012e, 0xb02b0814, 0x221b2b8b, 0x16b02d59,
    0x1527e382, 0x17b02d2b, 0x8301b12c, 0x2c182307, 0x078302b1, 0xb12c1923, 0x23078303, 0x04b12c1a, 0x1b230783, 0x8305b12c, 0x2c1c2307, 0x078306b1,
    0xb12c1d23, 0x23078307, 0x08b12c1e, 0x1f230783, 0x8309b12c, 0x2c2b2407, 0x41b02023, 0xb02e057f, 0x544b6006, 0x2e202358, 0x1b5d01b0, 0x6c822121,
    0x1c8a2c20, 0x1c881620, 0x1c857120, 0x1c8a2d20, 0x1c882620, 0x1c857220, 0x002c2025, 0x982b0fb0, 0x01b023e7, 0xea85b561, 0xdf8be783, 0xdf822120,
    0xdf822020, 0xdf822220, 0x23200783, 0x0783df82, 0xdf822420, 0x25200783, 0x0783df82, 0xdf822620, 0x27200783, 0x0783df82, 0xdf822820, 0x29200783,
    0x0783df82, 0xdf822a20, 0x2e320783, 0xb03c202c, 0xb02d6001, 0x60202c2f, 0x206018b0, 0x0e822343, 0x02b04324, 0x07826125, 0x2a2eb035, 0x30b02d21,
    0x2b2fb02c, 0x2d2a2fb0, 0x202c31b0, 0x41204720, 0x232716cd, 0x20233861, 0x9c58558a, 0x211b2521, 0x32b02d59, 0x3407e241, 0x45060eb1, 0x1601b042,
    0xb12a31b0, 0x45150105, 0x1b593058, 0x20208222, 0x0a1e4133, 0x34232397, 0x8435202c, 0x823520b9, 0x2047854d, 0x11264445, 0x2b01b022, 0x83147b42,
    0x16002317, 0x008300b4, 0x233e4427, 0x0134b138, 0x23eb8315, 0x3c202c36, 0x3394c082, 0x00b0602f, 0x2d386143, 0x2e2c37b0, 0xb02d3c17, 0x232a9f38,
    0x634301b0, 0x33082e82, 0x02b12c39, 0x20251600, 0xb047202e, 0xb0422300, 0x8a492502, 0x4723478a, 0x58206123, 0x59211b62, 0x422301b0, 0x010138b2,
    0x2d2a1415, 0xb02c3ab0, 0x17b01600, 0x04242682, 0x2504b025, 0xb12f2684, 0xb042000c, 0x652b430b, 0x20232e8a, 0x828a3c20, 0x8d3b2053, 0x2e202126,
    0x20242884, 0x422306b0, 0x203e2d87, 0x585060b0, 0x5140b020, 0x2004b358, 0xb31b2005, 0x1a052604, 0x23424259, 0x430ab020, 0x7f828a20, 0x23258182,
    0x06b06046, 0x0fae4343, 0xb0206024, 0x95462b01, 0x43043005, 0xb0236460, 0x64614305, 0x04b05850, 0x821b6143, 0x5960240b, 0x8f2503b0, 0x82612033,
    0x04b0289a, 0x61462326, 0x82231b38, 0x82462061, 0x840682e7, 0x924f8297, 0x22888264, 0x82232b01, 0x8260207e, 0x05b0236d, 0x03826125, 0x5182558f,
    0xb0206124, 0x84832504, 0x05820320, 0x89064945, 0x2d59236b, 0x0b413cb0, 0x20202507, 0x2605b020, 0x25060b41, 0x2d383c23, 0x1a883db0, 0x230ab023,
    0x221f8242, 0x82472346, 0x6123216c, 0x3e201b82, 0x83084241, 0x056941cc, 0x5400b029, 0x3c202e58, 0x831b2123, 0x850220bd, 0x41548214, 0xb022088a,
    0xa5822506, 0xbb484920, 0x05c4410b, 0x21117942, 0xad412360, 0x21232106, 0x3f20a482, 0x4320898a, 0x2025a286, 0x6020b060, 0x41f28f66, 0x402507e2,
    0x2e20232c, 0x35698246, 0x4317b046, 0x521b5058, 0x3c205859, 0x30b12e59, 0x2d2b1401, 0x1d8c41b0, 0x501b5222, 0x42201d8c, 0x3b871d8c, 0x318f4f8b,
    0xb02c4324, 0x709b2b3a, 0xb02c442e, 0x208a2b3b, 0x06b03c20, 0x388a4223, 0xb0252a99, 0xb02e4306, 0x20a28230, 0x24f28445, 0x04b02504, 0x05794126,
    0x0cb06124, 0xa9424223, 0x0bb02205, 0x246d8243, 0x232e203c, 0x2ad08638, 0x0ab12c46, 0xb0422504, 0x83b01600, 0x42252032, 0x47202dd2, 0x2447c542,
    0x462502b0, 0x26dd8261, 0x1b38233c, 0x42202021, 0x2121082f, 0x25a78659, 0x00b12c47, 0x86412b3a, 0x82482007, 0x2b3b230d, 0x17412321, 0x41cd8606,
    0x49240802, 0x1500b02c, 0x2d05f643, 0x010100b2, 0x2e131415, 0x2d2a36b0, 0x17964ab0, 0xb12c4b28, 0x13140100, 0x238237b0, 0xb02c4c23, 0x20068239,
    0x292a824d, 0x20234516, 0x8a46202e, 0x2d416123, 0x2c4e3007, 0x42230ab0, 0x2d2b4db0, 0xb22c4fb0, 0x82460000, 0x82502008, 0x83012008, 0x2c512308,
    0x118401b2, 0x08825220, 0x53201184, 0x00211a82, 0x20238247, 0x20088254, 0x20088301, 0x841a8255, 0x82562011, 0x26118408, 0x00b32c57, 0x82430000,
    0x82582024, 0x84012009, 0x2c592309, 0x138501b3, 0x09825a20, 0x5b201385, 0x00221d82, 0x27824301, 0x09825c20, 0x09840120, 0x1d825d20, 0x5e201385,
    0x13850982, 0x6a825f20, 0x82450021, 0x82602026, 0x83012008, 0x82612008, 0x2011846a, 0x84088262, 0x82632011, 0x4800211a, 0x64202382, 0x01200882,
    0x65200883, 0x11841a82, 0x08826620, 0x67201184, 0x44209784, 0x68202482, 0x09839784, 0x97846920, 0x6a200983, 0x09839784, 0x97846b20, 0x6c200983,
    0x09839784, 0x97846d20, 0x6e200983, 0x09839784, 0xb12c6f24, 0xc0413c00, 0x84702008, 0x40b0210d, 0x71205e82, 0x41200a85, 0x72240a82, 0x1600b02c,
    0xb0212683, 0x250d8242, 0x01b12c73, 0x23842b3c, 0x0a857420, 0x75202383, 0x18832384, 0x76202383, 0x3d203c82, 0x77205588, 0x31840d84, 0x0a857820,
    0x47824120, 0x0a857920, 0x7a202e83, 0x3d204782, 0x7b205285, 0x20830a85, 0x0a857c20, 0x7d202083, 0x3e202b82, 0x7e204f88, 0x4f840d84, 0x0a857f20,
    0x80202e83, 0x42200a85, 0x81205a82, 0x3e203982, 0x82204f85, 0x20830a85, 0x0a858320, 0x84202083, 0x3f202b82, 0x85204f88, 0x4f840d84, 0x0a858620,
    0x44824120, 0x0a858720, 0x88202e83, 0x3f203982, 0x89204f85, 0x20830a85, 0x0a858a20, 0x21082083, 0x0bb22c8b, 0x50450300, 0x1b06b058, 0x030204b2,
    0x21235845, 0x5959211b, 0x08b02b42, 0x2403b065, 0xd0477850, 0x002d2e07, 0xc800b84b, 0x01b15852, 0xb0598e01, 0x05f24d01, 0x00b1702d, 0x00b64207,
    0x212e3d00, 0x832a0005, 0x0c402d0c, 0x0442044a, 0x06260832, 0x0a050718, 0x4e291286, 0x3a024602, 0x1f042c06, 0x30128405, 0x12be420c, 0x0cc010c0,
    0x06c009c0, 0x00050040, 0x2426820b, 0x00be4211, 0x83018840, 0x00b92f13, 0x44000003, 0x880124b1, 0x40b05851, 0x0f835888, 0xb1446423, 0x220f8328,
    0x850008b8, 0x44002510, 0x27b11b59, 0xba291283, 0x01008008, 0x63884004, 0x82298454, 0x82592018, 0x40210800, 0x44024c0c, 0x28063402, 0x05051a04,
    0x01b82a0e, 0x04b085ff, 0x0002b18d, 0x6405b344, 0x44440006, 0x3c00ad00, 0x006e006e, 0x025c005c, 0x020000c6, 0xff000014, 0xffd6026a, 0xff2002f0,
    0x006afff4, 0x23018518, 0xc602d602, 0x07871b83, 0x33893182, 0x35821984, 0x3582c620, 0x3786c620, 0x4d004d2e, 0x42004200, 0x9cff2001, 0x94ff2701,
    0x0f840d82, 0x01c60227, 0x01ce0243, 0x0ca0823b, 0x860046b0, 0xaa009800, 0xce00bc00, 0xf200e000, 0x10010401, 0x34012201, 0xf4019201, 0x80026e02,
    0x9e029202, 0xc202b002, 0x14030203, 0x34032403, 0x88037603, 0xac039a03, 0xd003be03, 0xf403e203, 0x12040004, 0xc6048a04, 0x82057005, 0xa6059405,
    0xc405b205, 0x7406d605, 0xc006b006, 0xf606d206, 0x14070207, 0x38072607, 0x5c074a07, 0x7a076e07, 0xd4078c07, 0xf807e607, 0x46083408, 0x7e085208,
    0x9c089008, 0xba08a808, 0x2c09f608, 0x50093e09, 0x6e095c09, 0x1c0aba09, 0x400a2e0a, 0x640a520a, 0x900a7e0a, 0xae0a9c0a, 0xc00b7a0b, 0x9e0c0e0c,
    0x0c0dfa0c, 0x2a0d1e0d, 0xcc0dba0d, 0xea0dde0d, 0x080efc0d, 0x940e640e, 0xb20ea00e, 0xca0ebe0e, 0x1e0f0c0f, 0x420f300f, 0x660f540f, 0x920f800f,
    0xb60fa40f, 0xfa0fc80f, 0x4a103810, 0x6e105c10, 0xbc108010, 0x0211f010, 0x26111411, 0x4a113811, 0x9a118811, 0xbe11ac11, 0xe611da11, 0x4412f211,
    0x68125612, 0xb0127412, 0xd412c212, 0xf812e612, 0x1c130a13, 0x3a132813, 0xcc13ba13, 0xea13de13, 0x0e14fc13, 0x32142014, 0x56144414, 0x7a146814,
    0x9e148c14, 0xc214b014, 0xe614d414, 0x0a15f814, 0x28151c15, 0x00163415, 0x18160c16, 0x30162416, 0x48163c16, 0x60165416, 0x78166c16, 0xb0173217,
    0x0618fa17, 0x1e181218, 0x36182a18, 0xc018b418, 0x3019d218, 0x94198219, 0xb819a619, 0xdc19ca19, 0x001aee19, 0x8c1a7a1a, 0x261bde1a, 0xd01bc41b,
    0xe81bdc1b, 0x001cf41b, 0xc41c0c1c, 0x1c1d0a1d, 0x3a1d2e1d, 0x6a1d5e1d, 0x821d761d, 0x9a1d8e1d, 0xb41da61d, 0xd41dc01d, 0x061ee01d, 0x1e1e121e,
    0x6c1e5a1e, 0xaa1e781e, 0xc81ebc1e, 0xe41ed41e, 0xaa1f521f, 0xc21fb61f, 0xda1fce1f, 0x8c204a20, 0xa4209820, 0xbc20b020, 0xd820cc20, 0xf420e820,
    0x66210021, 0x1e22bc21, 0x66225a22, 0x7e227222, 0xe822dc22, 0x0023f422, 0x18230c23, 0xde239223, 0xa0243c24, 0xb824ac24, 0x1c251025, 0x34252825,
    0x4c254025, 0x68255c25, 0x80257425, 0xbc258c25, 0x0626fa25, 0x1e261226, 0x64262a26, 0xba26ae26, 0xd226c626, 0xea26de26, 0x34272827, 0x4c274027,
    0x76276a27, 0x08288227, 0x20281428, 0x38282c28, 0x50284428, 0x68285c28, 0x80287428, 0x16290a29, 0x2e292229, 0x46293a29, 0x5e295229, 0x76296a29,
    0xa6298229, 0xca29b829, 0xe629d629, 0xfe29f229, 0x222a102a, 0x3a2a2e2a, 0x522a462a, 0x742a602a, 0x8c2a802a, 0xa42a982a, 0xbc2ab02a, 0xd42ac82a,
    0xf02ae02a, 0x082bfc2a, 0xdc2ba02b, 0x302ce42b, 0x642c382c, 0xaa2c762c, 0x422dea2c, 0x5c2d4a2d, 0xba2d6e2d, 0x742e422e, 0x1a2fd22e, 0x662f542f,
    0xae2fa62f, 0xbe2fb62f, 0xf62fee2f, 0x0630fe2f, 0x5e304c30, 0xc030b830, 0x4a310431, 0xcc318231, 0x50320a32, 0xf832a832, 0xb8335a33, 0x3034c033,
    0xa834a034, 0xc234ba34, 0x94351235, 0x4236e635, 0x08379e36, 0xc4378437, 0x66381e38, 0xb838b038, 0x4839fc38, 0xe2399c39, 0xf239ea39, 0x6c3a043a,
    0x863a7e3a, 0xa03a983a, 0xc43ab23a, 0xde3ad63a, 0xb43b503b, 0xee3be23b, 0x723c323c, 0xd43ccc3c, 0xf83ce63c, 0xa03d3c3d, 0xe03dd43d, 0x243eec3d,
    0x6e3e303e, 0xe23eaa3e, 0x1c3fea3e, 0x2c3f243f, 0x643f5c3f, 0xca3f703f, 0x1640d23f, 0x94405c40, 0x1a41de40, 0xb0415e41, 0x0842fc41, 0x62425a42,
    0x0a43b642, 0x22431643, 0x40432e43, 0x1644c243, 0xe0448444, 0xba454845, 0x4a46f845, 0xd8469046, 0x2e47fc46, 0xca477647, 0xda47d247, 0x38482c48,
    0x96488a48, 0xa6489e48, 0xc448b848, 0xf448d048, 0x80494049, 0x184ab449, 0xae4a7a4a, 0xb64b1c4b, 0x724cfc4b, 0x324dfa4c, 0x5a4eca4d, 0x124fc64e,
    0x00507e4f, 0xd0505c50, 0x9a514c51, 0x9c521e52, 0xc052ae52, 0xe452d252, 0x0853f652, 0x2c531a53, 0xde533e53, 0x90545054, 0x3255f254, 0x42553a55,
    0x52554a55, 0x62555a55, 0x72556a55, 0x92558255, 0xb255a255, 0xd255c255, 0xf255e255, 0x5a560256, 0x6a566256, 0x7a567256, 0x8a568256, 0x9a569256,
    0xfa56a256, 0x36572057, 0x62574c57, 0x8e577857, 0xba57a457, 0xe657d057, 0x0c58fc57, 0x2c581c58, 0x4c583c58, 0x6c585c58, 0x8c587c58, 0x2a59e458,
    0x96595059, 0x485a165a, 0xf45a9a5a, 0x7c5b1c5b, 0x0183d45b, 0x045cf409, 0x645c345c, 0xba5c885c, 0xde5ccc5c, 0x325dee5c, 0x025e825d, 0x7c5e6e5e,
    0xda5ea25e, 0x885f025f, 0xb85fa25f, 0xea5fc65f, 0x0e60fc5f, 0x5a601e60, 0x2661b460, 0xaa619c61, 0xc861ba61, 0xf461d861, 0x2c621062, 0x94624c62,
    0xd862b862, 0x70632463, 0xba639463, 0xfa63dc63, 0x30641464, 0x74645264, 0xac648064, 0xda64c464, 0x40650c65, 0xa0657065, 0xbe65a865, 0x1c660466,
    0x5e664e66, 0x9a668e66, 0xe066bc66, 0x2c670c67, 0xf6678667, 0x4e682268, 0xb8687a68, 0xfe695a69, 0xe86a366a, 0xe46ba06b, 0x246d8e6c, 0x246eaa6d,
    0xb26e6a6e, 0xd86ecc6e, 0x206ff46e, 0xa86f5a6f, 0x8e704470, 0x1071d070, 0x20729c71, 0x48739472, 0x3474da73, 0x02758474, 0xea758e75, 0x2e761276,
    0x94764a76, 0x1877c076, 0x44772e77, 0x9c777277, 0xfe77e877, 0x7e785c78, 0x1879a478, 0x7e795079, 0xde79aa79, 0x627a0c7a, 0x7e7bc47a, 0x907c6a7c,
    0xe87cb87c, 0x347d107d, 0x8c7d607d, 0xee7db47d, 0x6a7e147e, 0xd27ea07e, 0x927f307f, 0xe67fbc7f, 0x36801280, 0x98806080, 0xdc80c480, 0x18810081,
    0x5c814481, 0x98818081, 0xea81c281, 0x64821682, 0x90836683, 0xb883a883, 0xe083ce83, 0x1e840684, 0x5e844484, 0x90846684, 0xd084b084, 0xfc84f084,
    0x3e851885, 0x94856085, 0x4886d685, 0xa4866886, 0xe686de86, 0x82874487, 0xc287a287, 0xf087d287, 0x1c880c88, 0x7a884288, 0xa6889e88, 0xb688ae88,
    0xca88be88, 0xda88d288, 0xea88e288, 0xfa88f288, 0x0a890289, 0x1a891289, 0x42893a89, 0x94896889, 0x0500e689, 0x00002800, 0xc6023502, 0x06000300,
    0x0c000900, 0x3b000f00, 0x0c0f3840, 0x0708090b, 0x02030705, 0x00004c01, 0x03020105, 0x00670200, 0x03010103, 0x03030057, 0x82045f01, 0x014d0809,
    0x0004044f, 0x040d0e00, 0x00060406, 0x11030003, 0x2b170606, 0x11211133, 0x05131301, 0x13331311, 0x03210111, 0xfe0d0228, 0xfecfd02a, 0xd129d14b,
    0x9f014bfe, 0xfdc602cf, 0xfea2023a, 0x1c2201de, 0x2301bafd, 0x4602ddfe, 0x22019efd, 0x26008200, 0x00140002, 0x829d0200, 0x00073a8b, 0xb54d000a,
    0x0004010a, 0xb04b4c01, 0x4058502f, 0x00040015, 0x02040102, 0x22278268, 0x82054d34, 0x35012497, 0x931b4e01, 0x382d0817, 0x40594e01, 0x0900000e,
    0x00070008, 0x11111107, 0x2b190906, 0x01330133, 0x07212723, 0x14033313, 0x01890001, 0xfe417300, 0xdf6240de, 0x278f8370, 0x1b01b9b9, 0xffff4401,
    0x033b7f85, 0x0026028c, 0x01000001, 0x000e0307, 0x00b200ff, 0x0102b108, 0x35b0b2b0, 0x8800002b, 0x88902023, 0x00132223, 0x2023969d, 0x22238891,
    0xa09b0012, 0x98112023, 0x887c2023, 0x000b2247, 0x2047859c, 0x208f8f02, 0x22238892, 0x96b0000d, 0x8872206b, 0x00162223, 0x252391a4, 0xc0022cff,
    0x2385c602, 0x03070025, 0x84d6011b, 0x00113bef, 0x039a0200, 0x002600b2, 0x0100fd01, 0x00140307, 0x00b400cc, 0x0202b108, 0x1341b4b0, 0x20238507,
    0x22238893, 0x85810015, 0x86012023, 0x02002f23, 0x00001400, 0xc602ae03, 0x13000f00, 0xd4417200, 0x82282005, 0x03260816, 0x67030209, 0x06000900,
    0x67060904, 0x01010108, 0x00005f00, 0x004d3400, 0x5f050404, 0x0502070a, 0x4e053505, 0x2aa5401b, 0x4e05382b, 0x00144059, 0x11121300, 0x21688210,
    0x0085110f, 0x1d090b27, 0x2101332b, 0x08018815, 0x0721352a, 0x33032301, 0x027c0114, 0x01bdfe16, 0x01c9fe37, 0xfe49fe4b, 0x6d015ff2, 0x02dbab30,
    0x60cf63c6, 0xb9b963d1, 0xb4fe6602, 0x03268c82, 0x00005600, 0xbb827502, 0x16000e2b, 0x63001f00, 0x050108b5, 0x07994202, 0xc4821e20, 0x02040527,
    0x03006705, 0x22bb8903, 0x82065f01, 0x013521cb, 0x209bba82, 0x82013821, 0x00123db0, 0x191d1f00, 0x11141617, 0x000e000f, 0x0907210d, 0x11332b17,
    0x15163233, 0x16070614, 0xab820583, 0x35363225, 0x82232334, 0x08078215, 0x2323262f, 0x8280ff56, 0x554d3e46, 0x91b97882, 0x91954e47, 0x4b4b43b6,
    0xc602b643, 0x513d645c, 0x475c0909, 0x97016261, 0xfd673136, 0x343537fc, 0x08c3823a, 0x2c000122, 0xa202f0ff, 0x1d00d602, 0xb04b9500, 0x4058501f,
    0x03020025, 0x05020305, 0x04050080, 0x7e040503, 0x0133bf82, 0x01010061, 0x04004d34, 0x06610004, 0x3b000001, 0x411b4e00, 0x232005aa, 0x01262c8f,
    0x01020300, 0x2a8c6903, 0x25a04020, 0x003e2208, 0x4059594e, 0x1b000113, 0x1016181a, 0x090b0c0e, 0x011d0007, 0x1609071d, 0x2622052b, 0x36343526,
    0x08f78236, 0x26071747, 0x06222326, 0x16141506, 0x36323316, 0x06061737, 0x92607001, 0x62925152, 0x71169284, 0x41515c0e, 0x6035355f, 0x0d5e563f,
    0x109b1471, 0x7273a659, 0x74855ba7, 0x42544806, 0x7a55557a, 0x06505b40, 0xff008f79, 0x33f385ff, 0x26028c03, 0x00000e00, 0x0e030701, 0xb2001601,
    0x01b10800, 0x260acf43, 0x02f0ff2c, 0x889103a2, 0x82122023, 0x24239121, 0x02a20220, 0x262385d6, 0x1a030700, 0x8900c700, 0x203b895f, 0x833b9411,
    0x887d205f, 0x010c225f, 0x2f838d0e, 0x56000200, 0x95020000, 0x0800c602, 0x48000f00, 0x20057041, 0x0a4e4216, 0x01020224, 0x4e42045f, 0x21189307,
    0xf2440138, 0x0d0f2305, 0x4482090b, 0x05210722, 0x3d0a4242, 0x32332723, 0x23231035, 0xb4a7e456, 0x787ea4b1, 0x0278ebeb, 0xaaabb9c6, 0x01ff63b8,
    0xc7840001, 0x03207f84, 0x1428c783, 0x07010000, 0x87001203, 0x20101f44, 0x82a38510, 0x242383c7, 0x9c200306, 0x0519450e, 0x35b00e26, 0x00ffff2b,
    0x00211f9c, 0x20e38401, 0x22e3822c, 0x8558000b, 0x821e20e1, 0x040325f8, 0x00670302, 0x210df443, 0xf3430106, 0x21209b06, 0xf1850538, 0x000b0024,
    0x0083110b, 0x1b090725, 0x4311332b, 0x152b08e1, 0xfece0156, 0xfe56019e, 0x436a01aa, 0xa38206cf, 0x2c22e783, 0xc3828c03, 0xe7841820, 0xe6000e22,
    0x880d8b41, 0x88912023, 0x00122223, 0x2023a082, 0x20239811, 0x2047887c, 0x4523870b, 0x8f850abb, 0x23887d20, 0xde000c22, 0x92206b96, 0x0d222388,
    0x23969600, 0x23887220, 0x8a001622, 0xff252391, 0x024f022c, 0x252385c6, 0x1b030700, 0xfb416501, 0x032c2108, 0x1522ef89, 0x3b8d7200, 0x00020036,
    0x02f0ff2c, 0x00d602ac, 0x00200019, 0x0113b583, 0x4c010201, 0x39054444, 0x0001001e, 0x05010405, 0x02020067, 0x03006103, 0x064d3403, 0x00040401,
    0x3d440061, 0x001c280b, 0x01020003, 0x87690203, 0x20238c2d, 0x441e9940, 0x6b08052f, 0x1e1a1b0f, 0x1b201a1d, 0x15232520, 0x1a090723, 0x0614012b,
    0x2e222306, 0x21353502, 0x2223022e, 0x36270706, 0x16323336, 0x36320116, 0x16162137, 0x9456ac02, 0x58703d5e, 0x060f0233, 0x3a385e3b, 0x20721a5d,
    0x9363699a, 0x55b9fe52, 0x66fe0a76, 0x6301670d, 0x2d57a577, 0x3459875a, 0x4136684a, 0x76650940, 0x7dfea65a, 0x6d6b6a6e, 0xab42b782, 0x02232605,
    0x000900c6, 0x05ab424d, 0xab421920, 0x82052011, 0x043524e6, 0x96401b4e, 0x0438251b, 0x0d40594e, 0x09234e82, 0x82110900, 0x82062000, 0x08a042b7,
    0x01561130, 0x019ffecd, 0x02b1fe4f, 0x60d863c6, 0x2782d5fe, 0xa3450020, 0x98240805, 0x2400d602, 0x22b5e200, 0x01050401, 0x10b04b4c, 0x27405850,
    0x06030200, 0x80060203, 0x05000600, 0x67050604, 0x220eab45, 0x41020807, 0x1f20076e, 0x2b202e82, 0x07222e9a, 0xdf453507, 0x45082005, 0x29200cdf,
    0xd8453288, 0x90698707, 0x9b402030, 0x8938202b, 0x003e3c5c, 0x5959594e, 0x00011740, 0x1e1f2021, 0x17191c1d, 0x0c0d0f11, 0x24000709, 0x45092401,
    0x16200df0, 0x080ef145, 0x23373646, 0x23112135, 0x01060627, 0x4c90656d, 0x5766914e, 0x710e4779, 0x4a54540c, 0x5f2d2d5e, 0x2f543a4a, 0x2501be02,
    0x781b054a, 0x6ca75f10, 0x3e61a86b, 0x4106456c, 0x4b7c4a51, 0x32477a4e, 0xfe5b3456, 0x473a7196, 0x2e08a345, 0x02900398, 0x00240026, 0x03070100,
    0x42b60013, 0x27460ddf, 0x03982206, 0x22238891, 0xa0b40012, 0x94112023, 0x020c2423, 0x85d60298, 0x07002547, 0x01011803, 0x7d20838a, 0x0c225f88,
    0x5f961101, 0x23887220, 0xbd001622, 0x1f42238d, 0x02cd2606, 0x002a00d6, 0x057e43c0, 0x02003035, 0x02030803, 0x08008008, 0x08060700, 0x01096707,
    0x42010a06, 0x0b201322, 0x200cee41, 0x4137882e, 0x3f9107ee, 0x00040423, 0x20358761, 0x3230ab40, 0x594e003e, 0x011d4059, 0x26272800, 0x20212225,
    0x471c1d1f, 0x2a230aee, 0x410c2a01, 0xfc410dfd, 0x2337240e, 0x82363335, 0x214b0804, 0x33071415, 0x06062315, 0x906a7001, 0x69924d4a, 0x7115917c,
    0x4c54520c, 0x5e2d2c5f, 0x184e3748, 0x0106b799, 0x082501be, 0x8920503d, 0x68a76310, 0x8263a968, 0x533f066d, 0x4e4b7c4a, 0x2326467b, 0x521d1946,
    0x462c312b, 0x46005854, 0x7624067f, 0x0b00c602, 0x38096147, 0x03040001, 0x02670401, 0x34000001, 0x0205064d, 0x03350303, 0x16401b4e, 0x21189100,
    0x6f460338, 0x11332614, 0x11331121, 0x3b058223, 0x48016c56, 0xb8fe6c6c, 0xd0fec602, 0x3afd3001, 0xccfe3401, 0xffff0000, 0x00000c00, 0x2806574b,
    0x0100002c, 0xf81d0306, 0x05814807, 0x37470720, 0x82562005, 0x0376251f, 0x00260291, 0x07241f83, 0xa9001103, 0x8210f741, 0xc2002123, 0x0322bb82,
    0x8f443000, 0x82548205, 0x480220b2, 0x0e890713, 0x82013821, 0x000a28a7, 0x00030000, 0x48031103, 0x11260505, 0xc6026c56, 0x8b823afd, 0xf0ff5624,
    0x47821e03, 0x2f002622, 0x07242282, 0x06013900, 0x5f82a384, 0x030b0123, 0x8283828c, 0x07012517, 0x33000e03, 0xff27838d, 0x00f9ffff, 0x841f0100,
    0x222385a7, 0x96cfff11, 0x887c2023, 0x870b2047, 0x0af34623, 0x79825520, 0x7d03c322, 0x0c222388, 0x478f2b00, 0x820e0021, 0x03c22223, 0x22238892,
    0x90e4ff0d, 0x82012023, 0x0317228f, 0x22238872, 0x90d7ff16, 0xff252623, 0x02e5002c, 0x242385c6, 0x1b030600, 0x825882fb, 0x82ea20cb, 0x8a2e203b,
    0xff1522cb, 0x2d3b8dc0, 0x3d000100, 0x1802f0ff, 0x1100c602, 0x73414f00, 0x00193305, 0x03020301, 0x00800201, 0x4d340303, 0x00020200, 0x54430461,
    0x96402006, 0x003e321b, 0x0f40594e, 0x0c0d0001, 0x04050709, 0x11011100, 0x06fa4205, 0x37273008, 0x32331616, 0x33113536, 0x06061411, 0x6a472a01,
    0x016e013b, 0x443e3c42, 0x106a3b6c, 0x064b7341, 0x5156534f, 0x34fecc01, 0x00417851, 0x84ffff00, 0x0362228f, 0x20cb828c, 0x23bd8239, 0x010e0307,
    0x8311e347, 0x054b42b3, 0x11222385, 0xd7902601, 0x00005624, 0xd7828202, 0x41000b2a, 0x090a0940, 0x02040306, 0x2108654f, 0xd082010e, 0x044d342b,
    0x02020203, 0x1b4e0235, 0x21108b40, 0xcc820238, 0x00000c28, 0x0b000b00, 0xc9821212, 0x332b1922, 0x2108be82, 0x01013301, 0x15070323, 0x2b016c56,
    0x01f0fe83, 0x56eb7f22, 0xadfec602, 0xcafe5301, 0x440170fe, 0x634ae460, 0x03822209, 0x20bf8291, 0x22bf843c, 0x8d910012, 0x23e3829b, 0x020cff56,
    0x23859b82, 0x03070025, 0x47eb0018, 0x1c20088f, 0x0522b382, 0x8b413b00, 0x82112005, 0x4d342816, 0x02010100, 0x86010360, 0x84138eab, 0x820b20ae,
    0x00052727, 0x04111105, 0xad841809, 0xa7832120, 0xc6025a25, 0x83639dfd, 0x0000256f, 0x8c031c02, 0x3f206f82, 0xf7429384, 0x56002112, 0x02212383,
    0x822385c6, 0x01102493, 0x86000058, 0x889382ab, 0x00182217, 0x201784c6, 0x302f8b0f, 0x21030601, 0x0900f1e7, 0xb80101b1, 0x35b0f1ff, 0x448f822b,
    0x032c058b, 0x00c60224, 0xb742000c, 0x0303080b, 0x20098141, 0x0581410f, 0x82040521, 0x05824114, 0xd484118c, 0x44820d20, 0x0c000c26, 0x11121112,
    0x33055448, 0x33131333, 0x03112311, 0x56110323, 0x94d3d394, 0xbf78bf6c, 0xb92ce282, 0x3afd4702, 0xf9fd0802, 0xf8fd0702, 0x20084741, 0x26778293,
    0xb63e0009, 0x41020308, 0x09222ff8, 0x73820900, 0x19090528, 0x3311332b, 0x73821101, 0x56110129, 0x6c480189, 0x82bdfe8e, 0x02bd226f, 0x226f8243,
    0x4acafd36, 0x93260857, 0x26028c03, 0x5b414500, 0x27012105, 0x2511ef41, 0x93020000, 0x23889103, 0xc3001222, 0xff222391, 0xb382020c, 0x00252385,
    0x01180307, 0x895f8a02, 0x4715203b, 0x00250f8f, 0xff560001, 0x303b8366, 0x56001200, 0x03110b40, 0x0e000402, 0x02040301, 0x0544424c, 0x6b411720,
    0x04013106, 0x004d3504, 0x60020303, 0x39020200, 0x401b4e02, 0x3820198a, 0xd049198b, 0x00122405, 0x41232112, 0x012d087b, 0x14113311, 0x35232306,
    0x35353233, 0x06104123, 0x70485139, 0xfe253c64, 0xfdc602bd, 0xfd4202be, 0x58504333, 0x3502083a, 0x8200cbfd, 0x054f4b00, 0xd602c328, 0x1b000f00,
    0xc9476b00, 0x49172005, 0x052109d2, 0x0b5b4401, 0x1520ab85, 0x0324cd82, 0x69030102, 0x40201c8d, 0x7e471792, 0x11133105, 0x17000110, 0x111b1015,
    0x0007091b, 0x060f010f, 0x080d7447, 0x1415163b, 0x32270606, 0x26343536, 0x15062223, 0x77011614, 0x50509467, 0x95686794, 0x68954f4f, 0x67757567,
    0x10757566, 0x7373a659, 0xa75a5aa7, 0x59a67373, 0x80808f63, 0x80809191, 0x08d3488f, 0x8c03c326, 0x4b002602, 0x2006df41, 0x10334e1e, 0xf0ff2c26,
    0x9103c302, 0x11222388, 0x2396ba00, 0x23887c20, 0xbb000b22, 0x8510e352, 0x88922047, 0x000d2123, 0x53057b46, 0x23850b97, 0x002d8f86, 0x000e0327,
    0x01b200d8, 0x010e0307, 0x204f826a, 0x07c35310, 0x4f03b121, 0xc3220efb, 0x57887203, 0xc2001622, 0x02219f95, 0x252385d6, 0x22030600, 0xff8a0022,
    0x1522db89, 0x3b8dab00, 0x2905374d, 0xd6021504, 0x2a001a00, 0xca4b1601, 0x0b0a2c05, 0x18010301, 0x02060001, 0x83401b4c, 0x1809230c, 0x0c820801,
    0x1e855920, 0x0400233d, 0x04060500, 0x01096705, 0x61010303, 0x01010102, 0x080b4d34, 0x00060602, 0x4b0a0761, 0x33200ce5, 0x00232a87, 0x51010909,
    0x033906b8, 0x005f0203, 0x4d340202, 0x07060600, 0x0707005f, 0x010b4d35, 0x61000808, 0x0cfe490a, 0x01003128, 0x01030900, 0x42886909, 0x402038a0,
    0x382033a2, 0x3e206c8a, 0x3c05fd4b, 0x011b1c1f, 0x1b222400, 0x172a1c2a, 0x13141516, 0x0f101112, 0x090c0d0e, 0x011a0007, 0x0f074a1a, 0xbe4f3520,
    0x35212909, 0x32270606, 0x34353636, 0x08090a52, 0x67760143, 0x934f4f94, 0x27744c68, 0xbcfeb001, 0xc8fe3801, 0x48fe4c01, 0x4a4c7427, 0x62303162,
    0x30604a4b, 0x5c106130, 0xa7706fa7, 0x5a33375d, 0xd160cf63, 0x38325a63, 0x4f7b4563, 0x47477c4e, 0x7b4f4f7b, 0x057f4345, 0x00005628, 0xc6026102,
    0xdd470a00, 0x0003290b, 0x01030201, 0x04040067, 0x2006c653, 0x07594605, 0x94001921, 0x02382b1b, 0x0f40594e, 0x0f110000, 0x4a820b0d, 0x21240a2a,
    0x2b180906, 0x32211133, 0x2208e982, 0x11232306, 0x35323311, 0x56232334, 0x89790901, 0x9a9d7989, 0x029a9595, 0x686875c6, 0x01f6fe77, 0x897a7d6c,
    0x8243208b, 0x000c248b, 0x435c0013, 0x1d3105ec, 0x01070100, 0x04010504, 0x00050067, 0x02050302, 0x232a8267, 0x01064d34, 0x9a06a04a, 0x0338211f,
    0x14229382, 0x95840d0e, 0x130e132a, 0x0c000c00, 0x08112124, 0x2105b345, 0x9a863315, 0x23131522, 0x353a0b82, 0x816c5634, 0x79878779, 0x80808081,
    0x80c60291, 0x72666672, 0xebe30196, 0x9b857576, 0xbdff2c39, 0xd602bd02, 0x28001400, 0x0c40a200, 0x0302181b, 0x02011304, 0x4f020300, 0x242906fe,
    0x03050400, 0x80030405, 0x24158206, 0x05008602, 0x06894205, 0xab820720, 0x50620021, 0x22200c04, 0x38502b8e, 0x8c692005, 0x9f402029, 0x003e3224,
    0x4059594e, 0x00151615, 0x1a202200, 0x16281519, 0x2b9d8228, 0x08232614, 0x052b1809, 0x23060627, 0x2c094654, 0x06141516, 0x32251707, 0x33273736,
    0x0c494217, 0x2a024808, 0x24411839, 0x4c4e9367, 0x926b6993, 0x5a41454c, 0x1f13e3fe, 0x4467650b, 0x4a602f56, 0x302f6049, 0x0b4a4360, 0x69a7620c,
    0x6363a968, 0xa06268a9, 0x04967132, 0x485a7f05, 0x4b7c4a99, 0x494a7c4b, 0x00004a7c, 0x82560002, 0x026e3204, 0x001300c6, 0x405e001c, 0x0201080a,
    0x01010e04, 0x07604602, 0x04001a2b, 0x04010200, 0x05006702, 0x06534205, 0xb9580620, 0x2b1c9708, 0x594e0138, 0x00001040, 0x14161a1c, 0x13265882,
    0x07211923, 0x56421909, 0x16072808, 0x23171716, 0x42262627, 0xd683055f, 0x23232e08, 0x711b0156, 0x31324785, 0x6d130537, 0x3b340311, 0x473db1bc,
    0x02a84449, 0x3e6274c6, 0x3c080f59, 0x2bc1cf37, 0x01ebfe29, 0x39393c78, 0x06f7483d, 0x8c036e26, 0x58002602, 0x2105bb45, 0xbb44fb00, 0x2023880d,
    0x22238891, 0x91970012, 0x0cff2223, 0x85ff8202, 0x07002623, 0xee001803, 0x29508200, 0xf0ff3600, 0xd6025802, 0x6b562d00, 0x05043009, 0x01040501,
    0x02010080, 0x7e020105, 0x52050500, 0x0022062d, 0x6b560202, 0x262c8e11, 0x04050003, 0x8c690503, 0x2340222a, 0x42259e00, 0x1330052a, 0x1e200001,
    0x16181b1c, 0x04050709, 0x2d012d00, 0x4b076b56, 0x34250781, 0x2e272626, 0x06795602, 0x08078850, 0x16141558, 0x021e1716, 0x06061415, 0x7d555601,
    0x0a6f0648, 0x4c455059, 0x554e511d, 0x6e3b2d66, 0x4274514d, 0x51086f08, 0x1d473e49, 0x6c5c454b, 0x1074412f, 0x07496e3e, 0x3234504a, 0x13272f1e,
    0x374b3314, 0x3c345d3d, 0x3d064368, 0x1f2f394e, 0x15101f28, 0x3f34523d, 0x3b46325d, 0xff362a05, 0x035802f0, 0x0026028c, 0x067f415c, 0xf748e220,
    0x20238510, 0x22238891, 0x927e0012, 0x02202423, 0x85d60258, 0x07002923, 0xa3001a03, 0xffff0000, 0x20057f41, 0x203b8903, 0x203b9411, 0x223b8c0c,
    0x4adb0018, 0x8a2c0823, 0x1d00c602, 0x18b66300, 0x05010206, 0x2007e858, 0x07164f1f, 0x2609cd42, 0x02030300, 0x4c06075f, 0x219c072d, 0x82072d45,
    0x221d3158, 0x12242124, 0x1c090823, 0x3411332b, 0x15213336, 0x2206e658, 0x48333523, 0x2f080591, 0x23373523, 0x56111522, 0x2d016874, 0x8b7878c5,
    0x44828278, 0x6549554f, 0x0170a9c4, 0x697468ea, 0x5b6a08b3, 0x40637766, 0x573f3a39, 0x16fe79b7, 0x0c249a82, 0x2c020000, 0x0722b782, 0x45453e00,
    0x02122c05, 0x01000001, 0x0101005f, 0x45044d34, 0x148f073a, 0x4c033821, 0x072406d4, 0x11110700, 0x3106d44c, 0x15213523, 0xdae61123, 0x02da2002,
    0xfd636363, 0xc74f009d, 0x2a5f8206, 0x63002602, 0x06000000, 0x82ed2003, 0x21178706, 0x17859103, 0x03070125, 0x415f0012, 0x0c2210a7, 0x9b8320ff,
    0x1a213b88, 0x213b8671, 0x178a0cff, 0x18030724, 0x1882a900, 0x4700012c, 0x6f02f0ff, 0x1300c702, 0xcb864100, 0x83010321, 0x0d744ec6, 0x148e1220,
    0x29076d4e, 0x090b0e0f, 0x13000506, 0x6d4e1301, 0x11352407, 0x4e141133, 0x5b370b6f, 0x6c437c55, 0x58505058, 0x107c436c, 0x01527841, 0x5134fecc,
    0x83515757, 0x78522307, 0xd7820041, 0x03218384, 0x21b3828c, 0x3b590068, 0x90022005, 0x202385d7, 0x22238890, 0x96a00013, 0x88912023, 0x00112223,
    0x2023969e, 0x2223887c, 0x859f000b, 0x0a375023, 0x92206b85, 0x0d222388, 0x4796b300, 0x0025b386, 0x000e0327, 0x06034abc, 0x2b824e20, 0xf7591020,
    0x0ccf5d07, 0x72205785, 0x16225788, 0x5792a600, 0x6f022e24, 0x2388c702, 0x06011b24, 0xc5510200, 0xb0022105, 0x8506175e, 0x88b02047, 0x00142223,
    0x41c396d2, 0x1522090b, 0x6b8d8f00, 0x00010030, 0x02000014, 0x00c6029c, 0xb53a0006, 0xa24d0103, 0x4c0d2009, 0xee4e05ad, 0x080f8a08, 0x4e02382a,
    0x000b4059, 0x00060000, 0x04111206, 0x212b1809, 0x13133301, 0x14010133, 0xd17300ff, 0xfffe73d1, 0xb2fdc602, 0x3afd4e02, 0x63822482, 0x00002624,
    0x6382a303, 0x42000c28, 0x03060bb7, 0x01500303, 0x020f2108, 0x00247282, 0x04054d34, 0x8c070d53, 0x03382111, 0x2406d456, 0x110c000c, 0x06034d12,
    0x6b830320, 0x03306e82, 0xe2030323, 0x8a8a73bc, 0x75898a6e, 0x84847ebd, 0xcf237482, 0x83fd3102, 0x023a2903, 0x00fafd06, 0x00ffff00, 0x03257b84,
    0x0026028c, 0x06574274, 0x03418b20, 0x2023880d, 0x20238891, 0x123b4e11, 0x7c204785, 0x0b202388, 0x33422387, 0x2023850a, 0x22238892, 0x8d3c010d,
    0x0100276b, 0x00000e00, 0x0f516b02, 0x04072208, 0x350f5101, 0x05122c08, 0x332b1909, 0x13330313, 0x13033313, 0x0e030323, 0xaf7feaec, 0xedea7eac,
    0x01b0b07f, 0xfe620164, 0xfe0e01f2, 0x019afea0, 0x82eefe12, 0xfaff21f8, 0x59207782, 0x08237782, 0x82b73c00, 0x41032075, 0x082a2de9, 0x12120800,
    0x2b180904, 0x72851133, 0xf9f31137, 0x7cb4b37c, 0x011d01fa, 0x01c3fea9, 0xfe57fe3d, 0xff0000e3, 0x256785ff, 0x26028c03, 0x6f417a00, 0xd0002105,
    0x880d0341, 0x88912023, 0x00112223, 0x2023966c, 0x2223887c, 0x426d000b, 0x6b860fdf, 0x23889220, 0x81000d22, 0x6b894796, 0x5d001522, 0x0030238d,
    0x001c0001, 0x02150200, 0x000900c6, 0x0106b64e, 0x210aa750, 0xd2450016, 0x02002408, 0x455f0302, 0x189308d7, 0x2408db45, 0x12090009, 0x05a04111,
    0x2101353b, 0x01152135, 0x011c1521, 0x01a0fe6e, 0x0190fee0, 0xff01647b, 0x01fe6463, 0x215b8263, 0x7b85ffff, 0x828c0321, 0x418020c3, 0xc820062f,
    0x23889f8d, 0x2385c383, 0x64001222, 0x7d202396, 0x0c214788, 0x11635400, 0x57012c24, 0xe7829500, 0x19000525, 0x60021640, 0x012108fc, 0x378a824e,
    0x12050005, 0x2b170903, 0x33352713, 0x0c380715, 0x57010d69, 0xf07f7ff0, 0x201b7b52, 0x0f2b5156, 0x82ff0021, 0x05a74a49, 0x67827620, 0x16000d29,
    0x08b55900, 0x47040201, 0x854a07d4, 0x01352417, 0x97401b4e, 0x07a24a1c, 0x10141629, 0x000d000e, 0x4a16110d, 0x13240da2, 0x11230323, 0x3c09aa60,
    0x887a0901, 0x76a6474a, 0x479aa39b, 0x9a474e4e, 0x6773c602, 0xfe156749, 0xfe1601d9, 0x0c934aea, 0x8c037626, 0x87002602, 0x20067741, 0x116f4af6,
    0x85082b57, 0x00122223, 0x22239192, 0x82020cff, 0x264785eb, 0x18030700, 0x8200dc00, 0x2c002150, 0x8d250482, 0x0b00c602, 0x06fe5100, 0x01031824,
    0x2e4f0101, 0x01042506, 0x5f050000, 0x9508795e, 0x15735e1a, 0x11333522, 0x2f052f48, 0x7b2c1533, 0x74550175, 0x0002637a, 0x00fe6363, 0x84064f42,
    0x20d78477, 0x20d7868b, 0x102b4284, 0x91202385, 0x2385b382, 0x20001122, 0x7c202396, 0x0b202388, 0xef442387, 0x2047850a, 0x2223887d, 0x967c000c,
    0x88922047, 0x000d2223, 0x20239634, 0x22238872, 0x91280016, 0x2cff2523, 0xc602b101, 0x00232385, 0x611b0307, 0xe5820713, 0x89038d21, 0x001522cb,
    0x5a3b8d10, 0x982606c7, 0x2100d602, 0xfd529a00, 0x5c262005, 0x04241ab1, 0x07610004, 0x200cbe50, 0x18ac5c24, 0x40202b8b, 0x224c26a1, 0x01152605,
    0x1c1d1e00, 0x0890621b, 0x21012123, 0x0d2c5308, 0x5a0ea15a, 0x985a069d, 0x543e2715, 0x01be032d, 0x915a9b25, 0x55312611, 0xa12b5b36, 0x086f5cae,
    0x2602902c, 0x00009400, 0x13030701, 0x2341b700, 0x0c935c0d, 0x11222385, 0x2392b500, 0x6f5c0c20, 0x55238206, 0x2c260a1b, 0x9802f0ff, 0x5f887d03,
    0x12010c22, 0x23833b92, 0x23887220, 0xbe001622, 0x14262390, 0x9d020000, 0x37668003, 0x4e232008, 0x73420703, 0x206b820b, 0x632384a2, 0x24220563,
    0x47900d01, 0x47825620, 0x23842c20, 0xef841820, 0x8f4c2320, 0x8f478a07, 0x00242223, 0x854790dd, 0x208f83d7, 0x22478424, 0x8f0f0124, 0xf5ff2123,
    0x23201982, 0x2f206b84, 0x23222384, 0xa746cbff, 0x5400250f, 0xc6000000, 0x2422238a, 0x478f2a00, 0x4f540020, 0x546b8305, 0x232205df, 0x9754b600,
    0x05f34910, 0x234b2383, 0x00232205, 0x486b909a, 0x23830583, 0x2205ef48, 0x8f230123, 0x06374723, 0xa3472383, 0x00232205, 0x46238f68, 0x23830697,
    0x22057346, 0x91bf0024, 0x20f182b3, 0x44d7848d, 0x23200547, 0xb2243582, 0x01b10800, 0x83102344, 0x22238547, 0x917b0024, 0xf0ff2347, 0x47849802,
    0x21057b42, 0xc3430124, 0xffff360e, 0x00001400, 0xc6023e04, 0x01002600, 0x07000000, 0xb1028b00, 0x06374c00, 0x02430423, 0x201782c7, 0x20178668,
    0x080782b6, 0x2a000225, 0x2402f4ff, 0x20002002, 0x16012b00, 0x5014b04b, 0x250c4058, 0x02040207, 0x0002191e, 0x1b4c0204, 0x821bb04b, 0x850f2013,
    0x06012a13, 0x00011904, 0x1b4c0306, 0x20118b40, 0x21118205, 0x3d855959, 0x00212108, 0x01040102, 0x00800402, 0x61030101, 0x3d030300, 0x0206084d,
    0x61000404, 0x00020705, 0x4e003e00, 0x2c205286, 0x00202891, 0x4d242689, 0x06060108, 0x2f20338c, 0x29208682, 0x05253394, 0x05050061, 0x20318635,
    0x83f78207, 0x9a402064, 0x8d38202b, 0x5927082b, 0x19405959, 0x00012122, 0x2b222b21, 0x16181a1c, 0x0c0d0f11, 0x2000080a, 0x09092001, 0x22172b16,
    0x36343526, 0x62343737, 0x153509d2, 0x33161415, 0x23061533, 0x06272622, 0x36322706, 0x06073535, 0x08148206, 0x6353e047, 0x73b75753, 0x6d0b3a33,
    0x6c5f770f, 0x130f0d71, 0x362d190e, 0x2d621406, 0x309c5248, 0x4c0c2f27, 0x114e4445, 0x2b2e7b23, 0x735c5007, 0x0f13cf68, 0x2f260354, 0x5254342a,
    0x091e223f, 0x25221e27, 0xff000000, 0x069741ff, 0x2602da24, 0x1082ab00, 0x0e030724, 0x178ac300, 0x1786de20, 0x13030623, 0x202f8b61, 0x211788df,
    0x17955f12, 0x178c1120, 0x2f88ca20, 0x8b600b21, 0x88e0202f, 0x740d2117, 0xc020178b, 0x16211788, 0x24178767, 0x0248022c, 0x22a78820, 0x8a5e011b,
    0x88fe20a7, 0x00142217, 0x89178a93, 0x501521a7, 0x00214782, 0x08ef8303, 0x027b0340, 0x002c0020, 0x003e0033, 0x141240b6, 0x08030101, 0x38020901,
    0x2a090501, 0x04070601, 0x1eb04b4c, 0x33405850, 0x09010200, 0x80090201, 0x06050700, 0x80060705, 0x05000900, 0x67050907, 0x3182010a, 0x0104612f,
    0x4d3d0303, 0x06020b0d, 0x08610006, 0x0671420c, 0xa33e4021, 0x89002035, 0x0d4d2433, 0x890b0b01, 0x59230840, 0x34352340, 0x3e340001, 0x30323e35,
    0x26282d2e, 0x1f212324, 0x16181c1d, 0x0e0f1113, 0x2c000a0c, 0x420e2c01, 0x36240829, 0x26263737, 0x29082b42, 0x33363617, 0x15161632, 0x35692115,
    0x05354208, 0x84211321, 0x36012125, 0x08083c42, 0x6750e189, 0xb72f4d2e, 0x333c3801, 0x0f6d093a, 0x38825c77, 0x493a5e20, 0x81fe3e6d, 0x2f3f4c04,
    0x156f0c3e, 0x6c48587c, 0xd16f1c20, 0x47050e01, 0xfe493937, 0x9c503cfa, 0x0c322334, 0x4236474a, 0x441b0724, 0x0728313f, 0x264f5c50, 0x597e4329,
    0x2b4e4e1b, 0x5a4b0726, 0x3d35363c, 0x44474701, 0x03c8fe47, 0x161b4549, 0x231c2b07, 0x02000027, 0xf4ff4b00, 0xc6023602, 0x1e001200, 0x0b409a00,
    0x03050108, 0x01034c01, 0x434b0104, 0x1d2005ca, 0x5405b358, 0x3d290614, 0x0401074d, 0x01610004, 0x08c64306, 0x58502f24, 0x248e2140, 0x01010023,
    0x20298635, 0x078a4306, 0x38202392, 0x5937238d, 0x14174059, 0x1a000113, 0x141e1318, 0x070a0c1e, 0x00040506, 0x47120112, 0x272506f1, 0x33112307,
    0x06494115, 0x080f215b, 0x5538542f, 0x6a630316, 0x45375414, 0x66373766, 0x47483d56, 0x4b4c433d, 0x502c300c, 0x23fdc602, 0x557d4434, 0x5c447d55,
    0x62585664, 0x64565862, 0x22008200, 0x822a0001, 0x021428fb, 0x001b0020, 0x6b38403b, 0x03270f45, 0x00610103, 0x6b3d0101, 0x3e280972, 0x00014e00,
    0x14161819, 0x22061d6b, 0x6b1b011b, 0x1521151d, 0x081b6b14, 0x4c262c08, 0x723e3e72, 0x0d80614c, 0x3344086f, 0x434b4b43, 0x6f084433, 0x450c7f0d,
    0x7d54547d, 0x065c6545, 0x57633734, 0x3a396258, 0x436d5c06, 0x142607f3, 0x2602da02, 0xf343b800, 0x43cd2006, 0x14220833, 0x1786df02, 0x12030623,
    0x211e8269, 0xc382ffff, 0x82022021, 0x211788c3, 0xab437b1a, 0x202f8b09, 0x202f8811, 0x202f82f4, 0x225f88cb, 0x46c6000c, 0x15200803, 0x26090742,
    0x0105010b, 0x42104c01, 0x15411207, 0x05074206, 0x07420320, 0x22248616, 0x42030300, 0x23891907, 0x5a1c0742, 0x07420693, 0x088a6c09, 0x11333523,
    0x06794523, 0x3708295d, 0x36644408, 0x37446436, 0x636a1656, 0x1c591603, 0x41464641, 0x0c4c4c40, 0x3005ff41, 0xfdfd292e, 0x302c503a, 0x5958625c,
    0x55576361, 0x092b4165, 0xfb82c820, 0xbe002622, 0x07241082, 0x15021003, 0x23087341, 0x02c60257, 0x01341784, 0x001c0307, 0x001401a7, 0x0102b109,
    0xb01401b8, 0x00002b35, 0x3d053b47, 0x00d20229, 0x0028001c, 0x093b403e, 0x01010301, 0x1516174c, 0x0e101114, 0x0a0b0c0d, 0x1e5e4a01, 0x003e3211,
    0x011d1e4e, 0x1d222400, 0x07281e28, 0x011c0005, 0x06025e1c, 0x36343535, 0x17163233, 0x27072726, 0x37272637, 0x37171616, 0x82160717, 0x0d0f5e4d,
    0x75264308, 0x25758787, 0x2b161c41, 0x334c197b, 0x623d1b44, 0x69198826, 0x75872e34, 0x444a4a44, 0x0c4b4b43, 0x88757688, 0x29431215, 0x151d412e,
    0x24065306, 0x2742331c, 0x8266af3f, 0x55565b8c, 0x4d555347, 0xbb86564d, 0x20021626, 0x1e001700, 0x0032bb83, 0x02030204, 0x00800304, 0x04020005,
    0x00670205, 0xa3410606, 0x05e84b09, 0x0128b982, 0x191b1d00, 0x12141518, 0x0925df82, 0x01170007, 0x0e914b17, 0x200ce644, 0x06e04403, 0x714e263c,
    0x4c703d3d, 0xfe3d6e48, 0x404b0482, 0x6e0d3d2f, 0x01e67b15, 0x3648050e, 0x0c434939, 0x0aae4406, 0x47470123, 0x05236844, 0xf4ff2a34, 0xd8021602,
    0xc2002602, 0x07010000, 0xcd000e03, 0x8341feff, 0xfeff2405, 0x432b35b0, 0x16220733, 0x2386dd02, 0x12030623, 0x41218c69, 0x238b08cb, 0x23981120,
    0x4788c820, 0x846a0b21, 0xb8022147, 0x478a6985, 0x8f88c920, 0xc6000c22, 0xde208f96, 0x0d214788, 0x208f977e, 0x212388be, 0x238e7216, 0x00020025,
    0x822cff2a, 0x002036fb, 0x0034002d, 0x2c544057, 0x21030001, 0x22000501, 0x03050601, 0x08ad414c, 0x02000730, 0x67020704, 0x06000500, 0x00650605,
    0xb4410808, 0x4509200b, 0x0129057e, 0x2f313300, 0x2024262e, 0x08b8411e, 0x2d012d23, 0x0d4a4d0a, 0x210bb841, 0xcb483307, 0x32332605, 0x06061737,
    0x06fd4823, 0xce410620, 0x200d341a, 0x10125503, 0x141b0c10, 0x1c340c19, 0x1618332f, 0x419f1006, 0x303816e0, 0x23166725, 0x0d0e100f, 0x2e0f0b3e,
    0x18342028, 0x47010208, 0xff474447, 0x4105f348, 0x15210ba7, 0x1317415a, 0x4202f421, 0x032a0cb7, 0x02040302, 0x00020080, 0xed710605, 0x07612606,
    0x3d000001, 0x07c2424d, 0x4e013e22, 0x2515b742, 0x16163201, 0xe1841415, 0x35352622, 0x2405ac42, 0x36362707, 0x05a94713, 0x4d1a0123, 0x06b74272,
    0x047e0134, 0x3e2f404b, 0x7b166f0c, 0x05f2fee6, 0x49393648, 0xc5452002, 0x7f422105, 0x21086747, 0xc682b9fe, 0x01000024, 0x04823700, 0xc6027826,
    0x57001200, 0x21052758, 0xc85f001d, 0x82052008, 0x5f01309b, 0x01010104, 0x01074d37, 0x06350606, 0x9a401b4e, 0x0638211f, 0x8205cd5e, 0x1112264c,
    0x11232112, 0x059f5911, 0x3335232c, 0x33363435, 0x22231533, 0x05821515, 0x4a811137, 0x5e4f4a4a, 0x85853d50, 0x2956b701, 0x3f574e42, 0x49fe5623,
    0x05a74400, 0x14025e36, 0x1e002002, 0xbb002a00, 0x01190a40, 0x010b0706, 0x4c020603, 0x2005e647, 0x07416728, 0x06010939, 0x06010300, 0x07006903,
    0x05610407, 0x3d040401, 0x0202004d, 0x82086100, 0x00392ab4, 0xb04b1b4e, 0x4058502a, 0x232f912c, 0x4d370505, 0x00203484, 0x40213390, 0x202e9129,
    0x23508202, 0x00650002, 0x073d368c, 0x4059594e, 0x011f201b, 0x1f242600, 0x1b2a202a, 0x0f15171a, 0x0406080d, 0x011e0003, 0x06af421e, 0xa0672720,
    0x5e352006, 0x172c0c52, 0x14113335, 0x36320306, 0x23263637, 0x08053663, 0x785f2143, 0x370b6e11, 0x14474238, 0x68433354, 0x4266393a, 0x66135739,
    0x4b3e7183, 0x3f4c0101, 0xa2494741, 0x22074554, 0x4d393826, 0x75413029, 0x42754c4c, 0xfe542c34, 0x016a6216, 0x4e4f5a17, 0x4e4d5b5a, 0x055f445b,
    0x14025e2e, 0x2602de02, 0x0000ce00, 0x13030600, 0x83084b47, 0x88df2017, 0x4b122017, 0x178d080f, 0x178b1120, 0x86180321, 0x0307242f, 0x44c20017,
    0x2f830653, 0x1788cb20, 0xe74b0c20, 0x20178308, 0x215f88c0, 0x7e826f16, 0x00020039, 0x025eff2a, 0x00200258, 0x00310022, 0x190a40e1, 0x0b0b0601,
    0x41080301, 0x322007cb, 0x35076c41, 0x0906010a, 0x06080701, 0x010d6707, 0x01030008, 0x00690308, 0xd5410b0b, 0x410c200c, 0x36200cd5, 0x0523399b,
    0x844d3705, 0x09df413e, 0x40213d87, 0x23389b33, 0x00010c02, 0x8308e941, 0x3740837f, 0x59594e0b, 0x23242340, 0x2b2d0001, 0x26272829, 0x31243123,
    0x1c1d1e1f, 0x230af141, 0x0e220122, 0x4105a144, 0x152418f1, 0x15231533, 0x2305f541, 0x26333523, 0x2b1ef841, 0x71834444, 0xad0a4735, 0x384907af,
    0x0816fc41, 0xc94cd525, 0x17016a62, 0x3f4c3b43, 0x4e4d5b48, 0x0000005b, 0x004b0001, 0x02040200, 0x001200c6, 0x0103b44f, 0x434b0103, 0x172005d1,
    0x34221c82, 0x284a004d, 0x04052108, 0x94076d5d, 0x02382119, 0x2506a059, 0x22120012, 0x20682313, 0x05d14a07, 0x11152908, 0x23341123, 0x11150622,
    0x53156a4b, 0x6a5c5734, 0x02453b65, 0x2b2effc6, 0xaafe5971, 0x498d3a01, 0x00c8fe46, 0x0600ffff, 0x02318b85, 0x00d60026, 0x03070100, 0x0192ff1c,
    0xb1090014, 0x07934801, 0xffffff23, 0x212383ee, 0x23887d03, 0xc4ff1124, 0x135b9e00, 0xb09e2105, 0x2006135b, 0x22bc8249, 0x82cb02b7, 0x82da2023,
    0x03062309, 0x06821f0c, 0x0024eb85, 0x001402b5, 0x220ccf6c, 0x6c024d37, 0x0e850bcf, 0x2514cf6c, 0x14026a4b, 0xa782ecfd, 0x4e824b20, 0xda02ff22,
    0x0e215f88, 0x28108327, 0x00edffff, 0x02130100, 0x211788df, 0x1785c311, 0x0123b382, 0x88ca0214, 0xc40b2117, 0x00201784, 0x5f82a794, 0x00000226,
    0xe002b500, 0x0d212f88, 0x212f84d8, 0x5f82f5ff, 0xc0020b22, 0x16211788, 0x251784cb, 0x2cff1900, 0xef88d900, 0xef842620, 0x1b030628, 0xffff00ef,
    0x3382deff, 0x938a2220, 0x85b41521, 0xff492a33, 0x02c3016a, 0x002600cb, 0x851082da, 0x00272433, 0x82f000e5, 0x0307240d, 0x822b010c, 0x82002007,
    0xfffc243f, 0x84d3006a, 0x41e5205b, 0x3b20054b, 0x00220682, 0x1783ff01, 0x1402d12d, 0x1f000b00, 0x01001c40, 0x824d3701, 0x62022817, 0x02020103,
    0x824e0239, 0x000b2a0b, 0x0421130a, 0x072b1809, 0x08716c35, 0x30042332, 0x456b1f1b, 0x18579650, 0xfd190222, 0x00404de3, 0x01256386, 0x02da021b,
    0x257f8226, 0x03060000, 0x3f82430e, 0x01217b85, 0x85bb842f, 0xdf11217b, 0x2708c741, 0xc6023202, 0x49000b00, 0x20074b6c, 0x07595801, 0xb8421220,
    0x6c908305, 0x148f094f, 0x3c16536c, 0x13073313, 0x15072723, 0x86ef6a4b, 0xa57ad8d0, 0xfec6025e, 0xe0070147, 0x64f2ccfe, 0x268f828e, 0x020000ed,
    0x826f0332, 0x00e82aa7, 0x03070100, 0x00c3ff12, 0x057b4290, 0x7b429020, 0xff4b2207, 0x859b830c, 0x07002523, 0xbb001803, 0x01229182, 0x31824b00,
    0xb3820420, 0x3d000a22, 0x21056143, 0x5a5f0011, 0x03622907, 0x35000001, 0x401b4e00, 0x2c08138e, 0x594e0038, 0x00010d40, 0x04050709, 0x0a010a00,
    0x2b160904, 0x35262233, 0x14113311, 0xbf153333, 0x256a3f35, 0x023b362a, 0x24b5fd55, 0x05974257, 0x03040123, 0x207b826a, 0x246d82eb, 0x000e0307,
    0x829f9127, 0x826e2019, 0x00262187, 0x9f822382, 0x9f831020, 0xff223b83, 0x9f82010c, 0x00243b85, 0x38180306, 0x1782b682, 0x2f820520, 0x01251788,
    0xdd1e0306, 0x20f18509, 0x84f18309, 0x29032fd7, 0x21002002, 0x09b67900, 0x04030203, 0x75474c01, 0x06163605, 0x00040401, 0x02010261, 0x4d370000,
    0x03050708, 0x03350303, 0x06d8794e, 0x83001a21, 0x68228315, 0x3d20056d, 0x4020218a, 0x38261c97, 0x59594e03, 0x3a821040, 0x21002136, 0x13221323,
    0x09112324, 0x332b1d09, 0x36173311, 0x16323336, 0x6f440585, 0x11232109, 0x08053c4d, 0x614b112f, 0x324e1402, 0x1211513b, 0x5c54394f, 0x3c32656a,
    0x33362d65, 0x5b14023c, 0x343a3730, 0x61693935, 0x3c01aafe, 0xfe434c8b, 0x433801c8, 0x4507834c, 0x2029081b, 0x6c001400, 0x020103b5, 0x27da8703,
    0x03030013, 0x01016100, 0x1845c283, 0x09374508, 0x37453720, 0x22199018, 0x824e0238, 0x820d20d1, 0x001424d1, 0x45142314, 0xc8850838, 0xc9841620,
    0x3a452620, 0x02613405, 0x3b375615, 0x2f6a2950, 0x02453938, 0x32375d14, 0x823a5b35, 0x463627b5, 0xfe464b4b, 0xff4100ca, 0x04022705, 0x2602da02,
    0x5182f100, 0x0e030725, 0x8900cf00, 0x86df2017, 0x03062317, 0x1e826b12, 0x8205f341, 0x8820202f, 0x0018222f, 0x212f94b5, 0x2f825c15, 0x00010025,
    0x836aff4b, 0x1c00272f, 0x03b58800, 0xea410501, 0x001c2308, 0x0f410404, 0x01062307, 0xd66c0505, 0x005f2505, 0x02390202, 0x2007f041, 0x21428220,
    0x28824d37, 0x79500120, 0x20279105, 0x6d229340, 0x4a860507, 0x40595923, 0x2746820e, 0x251c001c, 0x11232621, 0x41057b79, 0x162306fa, 0x6d141115,
    0x3621050e, 0x0af54135, 0x25053341, 0x4b584854, 0x3841221d, 0x40a4270c, 0x1e235350, 0x3d413801, 0x08275006, 0x2002222a, 0x1b000f00, 0x2a402d00,
    0x6d0afd46, 0x3e22081a, 0xe16c4e00, 0x06275130, 0x4e052d51, 0x452507c4, 0x7c55557c, 0x28058545, 0x5758625c, 0x58576363, 0x06234c62, 0xda022226,
    0xf7002602, 0x45102351, 0x178305c7, 0x50030621, 0x22220bf3, 0x2f86ca02, 0x0b030623, 0x09f74f6a, 0xe0022222, 0x0d211788, 0x87178b7e, 0x0327245f,
    0x8587000e, 0x19012167, 0x2208034e, 0x88c00222, 0x72162137, 0xf2223787, 0x01822202, 0x012c9784, 0x161f0306, 0xb1080002, 0x02b00102, 0x22054f74,
    0x82f4ff2a, 0x88df201d, 0x5a152137, 0x03246f88, 0x002002a1, 0x00253784, 0x01c20007, 0x2618828b, 0xff4b0002, 0x8236026a, 0x00122e17, 0x406c001e,
    0x0401030a, 0x02011105, 0x07e74904, 0x05001d23, 0x07524205, 0x04010734, 0x00610204, 0x4d3e0202, 0x03030106, 0x1b4e0339, 0x4e422140, 0x05052105,
    0x8d0ab251, 0x40592523, 0x00131414, 0x2b067053, 0x12001200, 0x08112326, 0x172b1909, 0x4d072c44, 0x2724071b, 0x36323715, 0x08088f6e, 0x02644b2e,
    0x4e355517, 0x65313165, 0x1654334e, 0x4949408a, 0x4a4a4040, 0x51aa0296, 0x7e4d2f2e, 0x4d7e4b4b, 0xe6de272d, 0x62585862, 0x5e5c5c5e, 0x3322cb88,
    0x6482c602, 0x42002228, 0x01033f40, 0xcb850105, 0x9a058b46, 0x25a183a4, 0x22131a1c, 0xa18d2214, 0x0a541520, 0x22232209, 0x6aa18426, 0x4b3f0c49,
    0x364c166c, 0x3232654d, 0x4c344d65, 0x3e328218, 0x323e1c1c, 0x1d1d3d31, 0x5c03963d, 0x852523ee, 0x212538a8, 0x5434e9d0, 0x3455312f, 0x2f305535,
    0x00003553, 0xff2a0002, 0x4115026a, 0x65290677, 0x01100a40, 0x01020504, 0x08774101, 0x05001c2b, 0x03610205, 0x3d020201, 0x059d454d, 0x01010024,
    0xc8824d3e, 0x4e00392a, 0x0020401b, 0x4d370303, 0x00202384, 0x59242294, 0x13140f40, 0x2905e454, 0x10232613, 0x2b1a0907, 0xcc4c2305, 0x3337220e,
    0x0a704103, 0x6a150225, 0x41335416, 0x35300570, 0x64021755, 0x4a4a40f4, 0x49494040, 0x2d27de96, 0x2f2cc785, 0x3cfe512e, 0x5e5c5c5e, 0x62585862,
    0x2c059745, 0x14026101, 0x45000d00, 0x030103b5, 0x09fb4702, 0x42020221, 0xa2610734, 0x82122008, 0x61148ba8, 0x0d24089e, 0x23210d00, 0x22067a67,
    0x4e361733, 0x0636056b, 0x614b1115, 0x313f0f03, 0x3c3d3333, 0x34651402, 0x3f3c5f31, 0xcb42c6fe, 0x004b2a05, 0x02610100, 0x012602da, 0x23108204,
    0x770e0306, 0x3d261785, 0x63010000, 0x1788df02, 0x85131221, 0xff372217, 0x202f820c, 0x21178814, 0x17820d18, 0x2a2cbf82, 0xf201f4ff, 0x2a002002,
    0x38403b00, 0x200f4f6a, 0x05a26a05, 0x994e3d20, 0x50062005, 0x1e2e07e3, 0x16191a1c, 0x04060814, 0x012a0003, 0x3b4c072a, 0x084c6a0d, 0x16323322,
    0x6a0a4b6a, 0x4608074a, 0x06787018, 0x3d3d076d, 0x36133a32, 0x255b4f35, 0x5d45676d, 0x076d0736, 0x3233323a, 0x5e534135, 0x0c623826, 0x2c054f65,
    0x13232034, 0x0e09131b, 0x482c3d2a, 0x314f2f5d, 0x28332906, 0x0a232320, 0x2b3d280e, 0x44254632, 0xbb82071f, 0xd382da20, 0x37440820, 0xb2002105,
    0xdf20178a, 0x06231786, 0x554e1203, 0x2f8208c3, 0x17882020, 0x2f4e1a20, 0x82f42008, 0x202f8917, 0x202f8811, 0x242f8a0c, 0x00180307, 0x08a74c9f,
    0xd0023d29, 0x88002600, 0x48010ab5, 0x2f310566, 0x1f405850, 0x03000400, 0x69030402, 0x00050500, 0x05704361, 0x0102022f, 0x02060761, 0x01350101,
    0xb04b1b4e, 0x20269f31, 0x21268238, 0x3b821d40, 0x00040524, 0x50886905, 0x1f824688, 0x40595923, 0x2820820f, 0x24260026, 0x2a212421, 0x05a45023,
    0x18363421, 0x6a0c2e43, 0x33200a47, 0x0808e142, 0x7e4b1135, 0x3c74686c, 0x88554734, 0x4940407d, 0x2e50504e, 0x3941392b, 0x01453b38, 0x667b6ce9,
    0x10503755, 0x5e456110, 0x39395f6a, 0x395e3e39, 0x49372b30, 0x8417fe3f, 0x00322af3, 0x027a0100, 0x00130091, 0x0867515d, 0x85030234, 0x01010105,
    0x01045f02, 0x4d370202, 0x00060600, 0x3f4a0760, 0x001d2207, 0x311f9703, 0x594e0038, 0x00011540, 0x0c0d1012, 0x08090a0b, 0xec820607, 0x1301132b,
    0x2b160908, 0x35262221, 0x08bc8211, 0x15333527, 0x11231533, 0x33331614, 0x4c170115, 0x6a515148, 0x21208d8d, 0x014b454c, 0x7d7d572d, 0x25dbfe57,
    0x0100571c, 0x22978700, 0x8570001b, 0x84272097, 0x01062a77, 0x020a0b00, 0x07000807, 0x2ba28c67, 0x60090808, 0x35090900, 0x401b4e09, 0x382129a4,
    0x2aab8209, 0x00000014, 0x181b001b, 0x86112316, 0x090c2700, 0x35372b1f, 0xa9883533, 0x8305214f, 0x822320ad, 0x333522c1, 0x21b08450, 0xb2828484,
    0x484c6325, 0x83784bfa, 0x4b7822b4, 0x22b58262, 0x826a4b45, 0x0200214f, 0xae28bb84, 0x03000103, 0x7c001700, 0x2922bd85, 0xd4820500, 0x8001053e,
    0x01090000, 0x01000401, 0x03010767, 0x065f0403, 0x37040401, 0x0808004d, 0x010a6002, 0xa606ed77, 0x0238212b, 0x1c2ac182, 0x00000405, 0x10111416,
    0x73410e0f, 0x17042305, 0x78821705, 0x0b11032a, 0x012b1709, 0x03073337, 0x24137841, 0x35601e30, 0x097c4162, 0xd72a0225, 0x41d6fdd7, 0xff340d82,
    0xff3200ff, 0x027a0120, 0x01260291, 0x0000000f, 0x481a0306, 0x17840682, 0x178a0c20, 0x18030723, 0x82d68200, 0xff4b2fde, 0x02ff01f4, 0x00120014,
    0x0111b570, 0xcb4a0102, 0x01032308, 0xe5820101, 0x00020225, 0x5a050462, 0x17200cf9, 0x04241a86, 0x004d3504, 0x05201f83, 0x21058c44, 0x1989401b,
    0x198c3820, 0x40595925, 0x83000111, 0x080a21ef, 0x1223fc82, 0x5c061201, 0x096c0635, 0x2324080b, 0x51fa0627, 0x33326a5e, 0x636a413a, 0x6a0c2b01,
    0xfe560160, 0x4b4448c5, 0xfd380144, 0x006357ec, 0x00ffff00, 0xda20af85, 0x1420df82, 0x20066744, 0x20178ac9, 0x231786de, 0x67130306, 0x2f881e82,
    0x1788df20, 0x8b651121, 0x88ca2017, 0x8c0b2017, 0x88e02017, 0x7a0d2117, 0x77872f8b, 0x0e032724, 0x7f858200, 0x37590120, 0x20978505, 0x213788c0,
    0x37876d16, 0x22022c24, 0xaf881402, 0x38011b22, 0xfe20af8a, 0x14221788, 0x178a9900, 0x1521af89, 0x2947824b, 0x16000100, 0x1b020000, 0x876b1402,
    0x4d372115, 0x850d876b, 0x11876b0f, 0x9c693320, 0xc2d82e05, 0x72919171, 0xfe1402c3, 0xfda80158, 0x846082ec, 0x2703215f, 0x836b5f82, 0x6b372017,
    0x11861083, 0x2c20836b, 0x726fa2b8, 0x73756475, 0x7077a26f, 0x23738270, 0xfea00160, 0xfd250382, 0xfe7c01ec, 0x82f38484, 0x247b82db, 0x012602da,
    0x06534120, 0x178a4620, 0x1788df20, 0xe2001122, 0xca20178a, 0x0b201788, 0xe020178c, 0x0d221788, 0xdb84f700, 0x00002f24, 0xdb823002, 0x41000b26,
    0x070a0940, 0x2011536b, 0x0f637c37, 0x38201086, 0x6b0c637c, 0x28080853, 0x03333717, 0x07272313, 0x76b9c12f, 0xb7797f83, 0x8a8976bf, 0x04011001,
    0xfafebfbf, 0xcbcbf2fe, 0x00010000, 0x026aff16, 0x25738214, 0xb5530010, 0x4418010a, 0x172109a1, 0x059f4503, 0x35010123, 0x339c824d, 0x01056004,
    0x04390404, 0x1a401b4e, 0x00020100, 0x80000102, 0x00212186, 0x221c8800, 0x820d4059, 0x0010322b, 0x1311120f, 0x1a090621, 0x3335172b, 0x37373632,
    0x05cf4123, 0x06062108, 0x1b416923, 0x2111071a, 0x8b9270c0, 0x3f10d471, 0x10579638, 0x04022c13, 0xa2015efe, 0x2a2eaefd, 0x85058b42, 0x02da2493,
    0x41260126, 0x00210567, 0x054f41bc, 0xdf20ab84, 0x06231786, 0x8b581103, 0x88ca202f, 0x590b2117, 0xe020178b, 0x0d201788, 0x8506eb42, 0x2147895f,
    0x2f824915, 0x00010029, 0x01000039, 0x6b1402fc, 0x37211a3f, 0x163f6b4d, 0x3f6b188a, 0x0139321c, 0x01c9fe41, 0x01bcfeb1, 0x5e015f4c, 0xa2fe5f57,
    0x85ab8557, 0x20f3837b, 0x0c4f622c, 0xab831785, 0x06231783, 0x8b5f1203, 0x82cb202f, 0x202f85db, 0x07a7510c, 0x006b0123, 0x1f1b6baf, 0x33350330,
    0x0d580315, 0x6b010d64, 0x57570401, 0x4f4ffcfe, 0x0d435108, 0x674f2620, 0x0200361a, 0xf4ff2500, 0x2002f001, 0x23001800, 0x1db79f00, 0x05030716,
    0x07974502, 0x02002027, 0x02010501, 0x0a666405, 0x05010726, 0x04610005, 0x200d965e, 0x24279124, 0x35040400, 0x602c854d, 0x269508a1, 0x268d3820,
    0x4059592d, 0x01191a17, 0x1a231900, 0x64141523, 0x18230624, 0x61081801, 0x246408fa, 0x08a25e0d, 0x20061c64, 0x0e1c64db, 0x14035e24, 0x16642c63,
    0xbbfe2414, 0x64362c56, 0xff210912, 0x060b41ff, 0x2602da24, 0xbf413301, 0x00b72206, 0x20178800, 0x231786de, 0x55130306, 0x17881e82, 0x1788df20,
    0x95531221, 0x8c112017, 0x88ca2017, 0x540b212f, 0xe0202f8b, 0x0d211788, 0x20178b68, 0x211788c0, 0x17875c16, 0x13022c24, 0xa7882002, 0x29011b22,
    0xfe20a78a, 0x14221788, 0x178a8700, 0x1521a789, 0x25478244, 0x2a000200, 0x874df4ff, 0x00222206, 0x053153a8, 0x010b0a29, 0x01100105, 0x7b020504,
    0x052105a3, 0x660c8502, 0x192a0678, 0x01050500, 0x01010261, 0x5b623d01, 0x12a16006, 0x844d3721, 0x05dc6125, 0x8e16a160, 0x16a16023, 0x6005964e,
    0x994e23a1, 0x0138080c, 0x31634a08, 0x3a4c6230, 0x636a1752, 0x21551503, 0x1a1a3b32, 0x3e30323b, 0x0c3e1d1e, 0x4c4d7e4b, 0x292e4c7e, 0x52ecfd4b,
    0x345c322c, 0x55323056, 0x32553333, 0x00355530, 0x2606fb50, 0x02da0215, 0x423e0126, 0xcb200603, 0x22089350, 0x86de0215, 0x5a062017, 0xf4240aa3,
    0xdf021502, 0xa35a1788, 0x5a178d09, 0x178309a3, 0x2f88ca20, 0xeb410b20, 0x058b4106, 0x1788e020, 0x507c0d21, 0x5f8208bb, 0x1788c020, 0x666f1621,
    0x38220913, 0xa7882002, 0x4e011b22, 0xfe20a78a, 0x14221788, 0x178a9b00, 0x1521a789, 0x23478258, 0x56000100, 0xc0200682, 0x3a5f4518, 0xc6026a24,
    0x33793afd, 0x0a012305, 0x77828c03, 0xf7554920, 0x69322006, 0x6b82105b, 0x826f0121, 0x0126216b, 0x10242385, 0xfeffbc00, 0x60055b59, 0x4226086b,
    0xc2000cff, 0x4785c602, 0x03060024, 0x6b761818, 0x0b012108, 0x01241787, 0xe41e0306, 0x670a0356, 0xce2008cb, 0x21083b67, 0x3f415b23, 0x02142109,
    0xb8201783, 0x07241082, 0xc4002403, 0x22080f41, 0x60cc0216, 0x2321081f, 0x178b6065, 0x3b842387, 0x21128b60, 0x5f85025e, 0x5f86ce20, 0x2005735c,
    0x200d8248, 0x597784ba, 0x242105ff, 0x258f841e, 0x0000e9ff, 0x178a1701, 0x84bf2321, 0x96002017, 0x0657592f, 0x6f59ce20, 0x03262106, 0x57594783,
    0x48002706, 0xc6016aff, 0x3f59ce02, 0x591b8308, 0x2422093f, 0x5a822a01, 0xffff0028, 0x6afffcff, 0x7384d600, 0x1182e520, 0x24030623, 0x091b413a,
    0x17842220, 0x2005cf53, 0x0c974a23, 0x01217382, 0x212f8414, 0x2f856123, 0x83053b49, 0x053b4917, 0xde002322, 0x830ad347, 0x85262017, 0x4654202f,
    0x17830bdf, 0x2205df46, 0x44ba0024, 0x17830a8f, 0x2f853320, 0x8f894f20, 0x8f831520, 0x853e0121, 0x85632017, 0x00372617, 0x02ac0200, 0x20e782c6,
    0x241082cd, 0x01cd0007, 0x83478434, 0x02452217, 0x241786cb, 0x01da0027, 0x231f838d, 0xad010c03, 0x8e201f88, 0xeb22378a, 0x17848a01, 0x4f823220,
    0x9102bd23, 0x05b74c00, 0x0f010724, 0x37824301, 0x2800023b, 0x7d017801, 0x2100d602, 0xb2002a00, 0x502eb04b, 0x260c4058, 0x02040207, 0x06a76b1f,
    0x06230e8a, 0x6b594c02, 0x1d3e05b6, 0x04010200, 0x08720201, 0x05040206, 0x04000207, 0x01006500, 0x00610301, 0x014e0303, 0x47851b4e, 0x24851e20,
    0x96800421, 0x24402125, 0x00292087, 0x04010604, 0x01087e06, 0x204c8306, 0x2d4c8c06, 0x19405959, 0x00012223, 0x2a232a22, 0x436b1b1d, 0x090b2a05,
    0x21012100, 0x2b160b09, 0x06456213, 0x2326342a, 0x36270722, 0x16323336, 0x6b07436b, 0x45080d44, 0x369f1415, 0x6d353a41, 0x0a331b1f, 0x4251095f,
    0x09094c4c, 0x0c130309, 0x0c052a1b, 0x2f241a3a, 0x78012f4d, 0x312e2b2f, 0x2120160b, 0x38370430, 0x0e774447, 0x0201400b, 0x211a2318, 0x1424293e,
    0x24220a11, 0x2f410000, 0x02842e05, 0x000b00d6, 0x402a0017, 0x02010527, 0x05895e04, 0xdb670320, 0x034e3305, 0x010c0d4e, 0x0c111300, 0x07170d17,
    0x010b0005, 0xa788060b, 0x1805b550, 0x240b8643, 0x5e5e50d6, 0x39038350, 0x26292926, 0x01282827, 0x4f505f78, 0x504f6060, 0x3237465f, 0x30393831,
    0x0f423831, 0x82142005, 0x029d267c, 0x000602c6, 0x08e37301, 0xc6026126, 0x13000c00, 0x0b615118, 0x02040529, 0x01006705, 0x825f0001, 0x4d1a3025,
    0x03040400, 0x0301065f, 0x4e031b03, 0x821c401b, 0x02012413, 0x18670100, 0x8708c354, 0x031d211e, 0x2305857e, 0x0d0f1113, 0x0b2d5282, 0x07111121,
    0x332b1907, 0x21152111, 0x2eb58515, 0x32332723, 0x23233435, 0xfeea0156, 0x18799d82, 0x2809e140, 0x6876ab63, 0x77637466, 0xa745187b, 0x84752008,
    0x7c0d20a7, 0x4020085f, 0x0522a782, 0x7f5b3900, 0x259d8609, 0x02020103, 0x9882021b, 0x98870f20, 0x1d211183, 0x06de7802, 0x05000527, 0x07041111,
    0x20868518, 0x22788411, 0x7b63c602, 0x562b059f, 0x40020000, 0x26028c03, 0x65006901, 0xf22005c3, 0x450d7b45, 0x022705e7, 0x00610303, 0x85440007,
    0x8216207b, 0x85012414, 0x86020200, 0x41042080, 0x14200719, 0x00261885, 0x00030200, 0x16836802, 0x297c1d20, 0x050d410e, 0x15333523, 0x27888221,
    0xbffe6c41, 0xfe9bc602, 0x7c828a82, 0x82420021, 0x23f38237, 0x51000d00, 0x1b2b6785, 0x05010104, 0x01060001, 0x63006700, 0x1a2706a1, 0x0601074d,
    0x18061b06, 0x23074150, 0x67030201, 0x1b832589, 0x91631d20, 0x000d2207, 0x0579510d, 0x1c070822, 0x2321fb82, 0x06864135, 0x1123153b, 0x0149498b,
    0xed82feea, 0x621701ed, 0xea634d01, 0x00e9fe62, 0xff320002, 0x2065826a, 0x227f82c6, 0x85680013, 0x00253581, 0x5f010707, 0x1a010100, 0x0202064d,
    0x5f040000, 0x1b040400, 0x03280b85, 0x0205085f, 0x031e0303, 0x23208b82, 0x0724f882, 0x67070100, 0x1d202589, 0x5928258f, 0x00001240, 0x0e0f1011,
    0x99836082, 0x21123a08, 0x2b1b0709, 0x32333517, 0x11211337, 0x35231533, 0x21371521, 0x06032311, 0x0f492632, 0x58c70134, 0x5707fe6c, 0x2af84a01,
    0x84f9960a, 0x9dfddf01, 0xf99696f9, 0x7afe0002, 0x1b4a1850, 0x022c2609, 0x000602c6, 0x08334218, 0x18032c21, 0x200bf352, 0x0dcb419b, 0x22056b47,
    0x18032c02, 0x791a5f53, 0x033105db, 0x00c602b3, 0x40490011, 0x0a0d100b, 0x06010407, 0x08eb7a03, 0x0102102b, 0x1a000002, 0x0405064d, 0x06104303,
    0x03211285, 0x2212855f, 0x5a4e031d, 0x112305e8, 0x83121100, 0x82072000, 0x013324e6, 0x18013301, 0x0807f74a, 0x23110122, 0x010e0111, 0x8decfe1e,
    0x016c0601, 0xecfe8d05, 0xfe8d1e01, 0xf0fe6cf1, 0x63016301, 0x5001b0fe, 0x9d260384, 0x51019dfe, 0x0383affe, 0x97820020, 0xf0ff312c, 0xd6026802,
    0x86002d00, 0x435527b5, 0x002e210a, 0x05237882, 0x18800406, 0x2f086a4c, 0x01030004, 0x00670304, 0x61070505, 0x1f070700, 0x25092665, 0x1b4e0020,
    0x30902c40, 0x05000724, 0x3b550706, 0x20388405, 0x06556502, 0x82002221, 0x01173ccb, 0x1d202200, 0x13181a1c, 0x090e1011, 0x00040507, 0x092d012d,
    0x052b1607, 0x62262622, 0x342807ff, 0x07232626, 0x36161735, 0x2a068b59, 0x023e2707, 0x16163233, 0x66071415, 0x4c0805c6, 0x7e514d01, 0x056f034a,
    0x5c4f4b5d, 0x4928482f, 0x293d2049, 0x4f40444f, 0x46077006, 0x754c4772, 0x55508d42, 0x34107f48, 0x34063d5e, 0x2b3a433e, 0x5c011a37, 0x31160101,
    0x2e322b2a, 0x51340728, 0x37532f2d, 0x6214237a, 0x365f3e47, 0x2e008200, 0x00520001, 0x028f0200, 0x000900c6, 0x8207b636, 0x084858b1, 0x01030d2b,
    0x4d1a0202, 0x00000101, 0x84ef831b, 0x5f00210f, 0x1d200f83, 0x2608d082, 0x121112b6, 0x1a070410, 0x1123212b, 0x33112301, 0x02330111, 0xbdfe6c8f,
    0x48016c8e, 0xfd360289, 0xfdc602ca, 0x824302bd, 0x85022063, 0x92032d63, 0x17000d00, 0x15b66500, 0x06040210, 0x3e07ae58, 0x0101031c, 0x00850102,
    0x00010802, 0x69000206, 0x06060107, 0x01054d1a, 0x041b0404, 0x93401b4e, 0x6004211e, 0x1d211e83, 0x05544104, 0x1416173a, 0x0f111213, 0x080a0b0e,
    0x00030406, 0x090d010d, 0x012b1607, 0x33272622, 0x23058b6f, 0x13060633, 0x012fa288, 0x034e406e, 0x21280543, 0x43052821, 0x87e04d03, 0x0b032bb0,
    0x1f233f48, 0x483f231f, 0xbc8bf5fc, 0x5a82bb89, 0xb6540025, 0x7902060b, 0x162309c0, 0x55060000, 0x9083052b, 0x454d1a21, 0x188d0842, 0x455f0221,
    0x12370849, 0x0c0d0000, 0x0708090a, 0x03000405, 0x07110300, 0x012b1707, 0x8a173327, 0x5a4024a0, 0x89fa3f70, 0x87872196, 0x012f908c, 0x00005600,
    0xc6028002, 0x3f000a00, 0x180609b7, 0x250bbf4c, 0x0001010e, 0xdd511a00, 0x021b2405, 0x84401b4e, 0x5f022710, 0x02020304, 0xdd511d02, 0x000a2907,
    0x1112120a, 0x2b190705, 0x08414e18, 0x56110137, 0x882c016c, 0x3d01cdfe, 0x02cafe88, 0x01a5fec6, 0xfe9dfe5b, 0x2005829d, 0x081344a5, 0x8c038027,
    0x76012602, 0x05df4500, 0x1344fd20, 0x0100230d, 0x97823d00, 0x9782ac20, 0x47000f22, 0x2305f544, 0x03030017, 0x2006f544, 0x221b8200, 0x8204055f,
    0x20978486, 0x242e8215, 0x03010003, 0x84178967, 0x820d209e, 0x0f43080f, 0x11110e00, 0x07062113, 0x35332b1a, 0x37363233, 0x23112113, 0x06032311,
    0x3a3d2306, 0x2e031e1b, 0xfc6bcb01, 0x45450627, 0x02212763, 0x023afd1b, 0x4739fe63, 0x00ffff55, 0x03000056, 0x02c60224, 0x88440006, 0x847620b3,
    0x842c200f, 0xff2c260f, 0x02c302f0, 0x201f82d6, 0x080b474b, 0xaf826e20, 0x3c000722, 0x1220af85, 0x290a8a46, 0x01010203, 0x1b4e011b, 0x2b821040,
    0x00010225, 0x83046702, 0x011d2112, 0x0db14218, 0x2b190725, 0x82211133, 0x1121299f, 0x6c180256, 0xc602c0fe, 0xfd219183, 0x218f859d, 0x7f846102,
    0x7f845520, 0x7f822a20, 0xd602a02a, 0x0e000600, 0xffff00fe, 0x00225782, 0x7f822002, 0x63000629, 0x010000f4, 0x85001400, 0x000e260f, 0x0109b553,
    0x08864301, 0x200c2953, 0x0946531a, 0x82041b21, 0x0317219e, 0x02212882, 0x07304785, 0x200a1943, 0x2560820d, 0x120d000e, 0x4b411211, 0x09425308,
    0x515b233a, 0x25180d29, 0x929672c1, 0x6020df72, 0x023e2561, 0x015efe02, 0x5892fda2, 0x8b84ab84, 0x02900325, 0x82800126, 0x0307229a, 0x10277e13,
    0x2c000325, 0x83030000, 0x001532bf, 0x0023001c, 0x210d403f, 0x14191a20, 0x0801090c, 0x08e54501, 0x00000c27, 0x024d1a00, 0x064c4101, 0x01210e83,
    0x250e835f, 0x594e011d, 0x1d820a40, 0x00154008, 0x07031a15, 0x35212b17, 0x3435022e, 0x35373636, 0x021e1533, 0x06061415, 0x14011507, 0x06111716,
    0x26340506, 0x36361127, 0x92627201, 0x62925252, 0x52936267, 0xfe629352, 0x646472c3, 0x83130272, 0x084b2605, 0x4d4d784b, 0x22068278, 0x834a094b,
    0x4a220809, 0x63014b09, 0x010a604b, 0x4b600a6a, 0xfe0b5f4b, 0x005f0b96, 0x0e00ffff, 0x6b020000, 0x0602c602, 0x7b827900, 0x56000126, 0xcd026aff,
    0x0c175b18, 0x0101032b, 0x044d1a01, 0x00020201, 0x20228260, 0x2b0a841b, 0x01066005, 0x051e0505, 0x1e401b4e, 0x8805ae44, 0x8d1d2020, 0x05b24620,
    0x08175b18, 0x2b1b0728, 0x11213505, 0x03831133, 0x02153335, 0x6cf5fd61, 0x5f6c4001, 0xc6029696, 0x63029dfd, 0x84f99dfd, 0x82272087, 0x823d2097,
    0x00132687, 0x0101b54c, 0x08fb4100, 0x02001528, 0x02040000, 0x96856900, 0x8c081545, 0x5f042117, 0x32080e45, 0x0000000d, 0x13130013, 0x06231323,
    0x212b1a07, 0x5a060611, 0xb0720514, 0x35353f05, 0xd1011133, 0x70416719, 0x45456c79, 0x016c6450, 0x7a352b4e, 0x42eaf668, 0xe93f4e4a, 0x8b843afd,
    0x00005624, 0x8b825103, 0xa7490b20, 0x04142707, 0x00000202, 0x83834d1a, 0x24050941, 0x1b4e051b, 0x22168440, 0x89850001, 0x051d2116, 0x0fa75518,
    0x3320ff82, 0x0387fd82, 0xdb6c5625, 0x876cdb6d, 0x28fe82fa, 0x0001003a, 0x036aff56, 0x226f82b0, 0x4360000f, 0x21200587, 0x052c6f86, 0x01010203,
    0x01086007, 0x4d1b0707, 0x06260c84, 0x06060060, 0x7c82061e, 0x7c822384, 0x1d20238a, 0x5929238d, 0x00001040, 0x0f000f00, 0x23008511, 0x2b1d0709,
    0x33238b8b, 0x85352315, 0x8b5f208f, 0xf99d2291, 0x21938596, 0x93826e02, 0x2c0daf7e, 0x02004d1a, 0x04600002, 0x1b000001, 0x0811424d, 0x11421820,
    0x201a8805, 0x421a871d, 0x2320130b, 0x29060b42, 0x2c011523, 0x40016cd6, 0x0a42d66c, 0x963a2108, 0x0023af82, 0x18560002, 0x180a1f4d, 0x2708015b,
    0x04010501, 0x67040103, 0x85822282, 0x02030323, 0x266f8260, 0x1b4e021b, 0x82001940, 0x008521af, 0x1b862088, 0x2e054f45, 0x110b0b0b, 0x2422100b,
    0x07061021, 0x82132b1a, 0x322708ff, 0x06141516, 0x15132123, 0x34353233, 0x9d6c5623, 0x79898979, 0x9a6cf7fe, 0xc6029595, 0x6877f6fe, 0x5a017568,
    0x827d7af7, 0x03002168, 0x03238b83, 0x82c60219, 0x000e2409, 0x41650015, 0x1c36059f, 0x01080300, 0x06030506, 0x00010267, 0x004d1a00, 0x60010505,
    0x31450704, 0x8c232007, 0x5f01211e, 0x1d201984, 0x1d33258a, 0x40594e01, 0x000f0f18, 0x0f150f00, 0x0e101214, 0x4706080c, 0x0928060e, 0x212b1707,
    0x01113311, 0x0224a990, 0x3dfd6cad, 0xfd21ad8d, 0x26b18e3a, 0x00420002, 0x4db80200, 0x5e200687, 0x1f2dad85, 0x01070100, 0x05010405, 0x03010667,
    0x066a4c03, 0x04040024, 0x41415f02, 0x001d2907, 0x03010600, 0x67030001, 0x1f872a88, 0x82021d21, 0x0d1427aa, 0x0d00000d, 0xa9820d13, 0x000c002c,
    0x1121240c, 0x2b190708, 0xa3893513, 0x4e411120, 0xd7422606, 0x88887a9d, 0x064e417a, 0x41636321, 0x0226054f, 0xf7f7fe63, 0x9a827d7a, 0x003d0025,
    0x822d0400, 0x0016249f, 0x8564001d, 0x0021299f, 0x06010902, 0x67060200, 0x2e477482, 0x01072306, 0x174c0000, 0x031b2406, 0x82401b4e, 0x040025c3,
    0x67040102, 0x218a2b88, 0x82031d21, 0x181636a3, 0x1b000017, 0x181d1719, 0x0016001d, 0x21241115, 0x070a2113, 0x0942471b, 0x2006364e, 0x05494721,
    0x15230126, 0x34353233, 0x20075047, 0x2eb5857f, 0x450627dd, 0x7c9a0245, 0x2763957c, 0x881b0221, 0x473922bd, 0x08134255, 0x56000222, 0x0d20c382,
    0x1222c382, 0xdf4c1900, 0x031e2a07, 0x080a0101, 0x01070502, 0x07134205, 0x04070726, 0x02060960, 0x2006c549, 0x21208e25, 0x1b845f04, 0x004d1d22,
    0xce492788, 0x13132d05, 0x19130000, 0x14161813, 0x12001200, 0x1127c682, 0x070b1111, 0x43332b1c, 0xc6880637, 0x01112122, 0x2324c284, 0x40016c56,
    0x23071742, 0xac01c0fe, 0x2106c842, 0xbe850a01, 0xfe5a0123, 0x18bc86a6, 0x35079b4b, 0x0602d602, 0x00005c00, 0x33000100, 0xc002f0ff, 0x1e00d602,
    0x8d417f00, 0x002e2705, 0x03040302, 0x777a0402, 0x00042409, 0x18040705, 0x2a09f45d, 0x06004d1f, 0x08610006, 0x4c000001, 0x308f0604, 0x089c6318,
    0x2e873886, 0x3107044c, 0x17191b1c, 0x12131415, 0x0b0c0e10, 0x1e000709, 0x044c1e01, 0x34352307, 0xe0823636, 0x26231729, 0x06222326, 0x72152107,
    0x360805a2, 0x06063337, 0x95687f01, 0x68954f4f, 0x7318a782, 0x5e4f6a15, 0x0f010b71, 0x710bf1fe, 0x156a4f5e, 0x10a71873, 0x7372a65a, 0x7e8d5aa7,
    0x6a775850, 0x58766a5f, 0x838d7d4f, 0xff2c24df, 0x8db902f0, 0x60e44cdf, 0x14161827, 0x0d0f1113, 0x068f4b0c, 0x8f4bdf89, 0x73212007, 0x23200785,
    0x1622ee84, 0xdf821415, 0xd9896d20, 0x01f1fe23, 0x20d9880f, 0x25f78482, 0x4f7d8d10, 0xd9827658, 0x5058773a, 0xa75a8d7e, 0x5aa67273, 0x00ffff00,
    0x0000005a, 0x00c602c6, 0x042f0006, 0xff210f82, 0x34f482fb, 0x007e0321, 0xfd2f0026, 0x03070100, 0x00d1ff0b, 0xb10800b4, 0x2f671801, 0xff3d2a0a,
    0x021802f0, 0x000602c6, 0x263d8239, 0x000c0001, 0x82de0200, 0x00172643, 0x0105b558, 0x087b4704, 0x02001b2b, 0x02030400, 0x06076904, 0x08c25102,
    0xa3500520, 0x00192307, 0x17820700, 0x8406bf51, 0x211b8327, 0xc873031d, 0x00173206, 0x13231317, 0x08111123, 0x132b1c07, 0x23152135, 0x22ed8415,
    0x67231515, 0x15360665, 0x010c1123, 0x6718d2fa, 0x6c7a7041, 0x63504546, 0x6363026c, 0x9047eb63, 0x6302210a, 0x21089a82, 0xf0ff5600, 0xd602c503,
    0x21001500, 0xb04b9e00, 0x40585010, 0x00010021, 0x04010604, 0x07070067, 0x85456100, 0x01092b05, 0x61030606, 0x03020508, 0x606c2003, 0x88292008,
    0x00002328, 0x2d824d1a, 0x0061022c, 0x4d1f0202, 0x05050108, 0x32854d1b, 0x30850020, 0x82274021, 0x010724ef, 0x8a690702, 0x5f052133, 0x1d202983,
    0x22202989, 0x592cdf82, 0x16171640, 0x1b1d0000, 0x21172116, 0x15229682, 0xe7822612, 0xeb470a20, 0x07b04e07, 0x23060628, 0x23272622, 0x04642511,
    0x16143808, 0x086e6c56, 0x67608d54, 0x95505095, 0x0dad9067, 0x67b7016d, 0x82677474, 0xc6023203, 0x9064cefe, 0x73a75a4e, 0xab59a673, 0x53cefe97,
    0xf056188f, 0x00023108, 0x0200003a, 0x00c6025a, 0x0016000d, 0x0106b555, 0x09184f18, 0x01061a23, 0x27b08205, 0x00670105, 0x5f030404, 0x1a22cc82,
    0xb14e024d, 0x00182807, 0x05040003, 0x88670403, 0x251a8324, 0x594e001d, 0x00820e40, 0x150e1628, 0x11112622, 0xba820710, 0x23213c08, 0x23032311,
    0x35262613, 0x21333634, 0x22233503, 0x16141506, 0x6c5a0233, 0xa6769ba3, 0x7a884b46, 0x9a6c0901, 0x474e4e47, 0xeafe1601, 0x67152701, 0xfe736749,
    0x393debb2, 0x42003c39, 0x1d270c47, 0x07b56300, 0x4e030601, 0x202007e0, 0x06248482, 0x69060305, 0x08124f18, 0x004d1a28, 0x61040505, 0x1e450708,
    0x001e2207, 0x231c8201, 0x67000103, 0x20892b87, 0x54041d21, 0x002a050c, 0x241d001d, 0x11231611, 0xca481111, 0x42232005, 0x16260954, 0x06061415,
    0x68413523, 0x15390808, 0xfa01bcc8, 0x416618d2, 0x473c6946, 0x5d545981, 0x63503e49, 0x63636302, 0x3b352aea, 0x6b4a4568, 0x404c633b, 0x404f493e,
    0x000200e7, 0x02000038, 0x00c602b0, 0x00190012, 0x0505456d, 0x8d822420, 0x02060933, 0x03000403, 0x0a040067, 0x04070801, 0x01006708, 0x23b88201,
    0x60050707, 0x1b2a9c82, 0x401b4e05, 0x00010024, 0x2b948501, 0x1d212686, 0x20bc8205, 0x0dd44517, 0x82212421, 0x0b1127c2, 0x132b1c07, 0x6c653335,
    0x45152005, 0x172008d6, 0x2405d445, 0x6f6c6d38, 0x0b4b476f, 0x5e56122f, 0x7756565e, 0x02756868, 0x7af7b812, 0x20b7827d, 0x20b7820e, 0x30b782b1,
    0x001e001b, 0x1d0e406a, 0x02030409, 0x084c0106, 0x73058205, 0x1d2206bf, 0x0c820104, 0x01020627, 0x06010880, 0x06fb4706, 0x03050723, 0x068f4c03,
    0x1f881b20, 0x08000028, 0x00020601, 0x1d856706, 0x82011d21, 0x142a08b7, 0x00001c1c, 0x1e1c1e1c, 0x1b001b00, 0x16231121, 0x1b070916, 0x3613332b,
    0x35273736, 0x16071521, 0x23131716, 0x23262627, 0x01821123, 0x06223f08, 0x17130707, 0x13680e37, 0x029b283e, 0x3d279a18, 0x55736912, 0x15161d0c,
    0x1d17156a, 0x954a550c, 0x34170196, 0x63e00335, 0x3504e063, 0xeae9fe33, 0xdefe1622, 0x21172201, 0xd86302ea, 0x008200d8, 0x4e000321, 0x002d06a3,
    0x0020000f, 0x40580031, 0x1c242f09, 0x42d78216, 0x1731074b, 0x01020200, 0x01010061, 0x01054d1f, 0x61000303, 0x07874604, 0x01001528, 0x01030200,
    0x17896902, 0x82002221, 0x221331c4, 0x21000121, 0x1a312231, 0x00070918, 0x060f010f, 0x46067152, 0x162a066c, 0x06061415, 0x37021e03, 0x75463736,
    0x37362c05, 0x32131636, 0x07063736, 0x82262606, 0x820720dd, 0x9f5a1830, 0x7921080d, 0x15273c37, 0x73091c21, 0x0f70575f, 0x501f1a1a, 0x0f6f5933,
    0x2b151516, 0x49243741, 0x081f261b, 0xb95a1873, 0x0120080c, 0x041414af, 0x6f0e0403, 0x09606a7c, 0xfe0c0402, 0x07606aa7, 0x13040303, 0x030c0d14,
    0x7a6f1005, 0x2606fb4e, 0x00c602cf, 0x6a43000e, 0x1a2116cb, 0x081e564d, 0x82011021, 0x030224f4, 0x56690200, 0x0e2f0c1a, 0x24210e00, 0x19070511,
    0x3301212b, 0x6a361313, 0x073e06ca, 0xfe150103, 0xa0d173ff, 0x2c3a5b16, 0x122e2610, 0xfdc602be, 0x40c401b3, 0x31276349, 0xbb43f5fd, 0xff0e2405,
    0x82de036a, 0x0015267f, 0x140b405f, 0x0eab5411, 0x54021a21, 0x082805ab, 0x05030607, 0x004d1b05, 0x5f28bd82, 0x1e040400, 0x401b4e04, 0x05211c85,
    0x201c855f, 0x4c1c8b1d, 0x15260582, 0x11121500, 0x00821211, 0x1d070923, 0x0ac1542b, 0x15331325, 0x54233523, 0xdf2412c5, 0xfe4c6c6a, 0x2212c654,
    0x5496e4eb, 0x012608c8, 0x6aff5600, 0xb3829c02, 0x55000e24, 0x07520db7, 0x5218200c, 0x06240507, 0x04040205, 0x0223ad82, 0x825f0302, 0x031e21b2,
    0x1a84ad82, 0x845f0421, 0x89ab821a, 0x05ac4c1a, 0x0e000e22, 0x1121aa83, 0x06cc4507, 0x01330122, 0x5620a587, 0x23052152, 0x386c62f7, 0x830a2252,
    0xfe5b2392, 0x334d00a5, 0x82b92006, 0x000f218f, 0x2006794b, 0x22148220, 0x4c010306, 0x08220726, 0x3c410207, 0x21228c10, 0x22845f05, 0x4d124241,
    0x4f4f11c5, 0x35232505, 0x11211123, 0x48249982, 0x436c436c, 0x08ff6318, 0x96e48826, 0xccfe3401, 0x075b4f18, 0x02c60226, 0x007a0006, 0x0124a383,
    0x60020000, 0x0e26a382, 0x05b55200, 0x2f750001, 0x03173108, 0x06070001, 0x00050402, 0x01026804, 0x4d1a0101, 0x2007e344, 0x220e8217, 0x8a850100,
    0x2119821f, 0xe547051d, 0x000e2606, 0x1111110e, 0x05e54712, 0x66353721, 0x333d0671, 0x23152315, 0xe9777335, 0x7cb3b47c, 0x6cc0b0e9, 0x8d0162d7,
    0x3d01c3fe, 0xd76273fe, 0x248783d7, 0x026aff0e, 0x258782a1, 0x4057000f, 0xa3650e09, 0x39bd410d, 0x0f000f22, 0x12248c82, 0x1b070712, 0x090d5118,
    0x35218c82, 0x11511823, 0x69ba2309, 0x5118496c, 0xe8270c13, 0x120196e4, 0x8200eefe, 0x00012200, 0x20978227, 0x2297828b, 0x50620017, 0x1f200c87,
    0x2b0d8750, 0x06060107, 0x04004d1b, 0x005f0504, 0x8c061751, 0x5f062121, 0x1d202183, 0x5922218b, 0x61820f40, 0x1700172b, 0x23131111, 0x07082313,
    0x149d501c, 0x23153323, 0x0ca15035, 0xa3504e20, 0xe488220e, 0x064b5a96, 0x2f516c20, 0x52022008, 0x1520086f, 0x02286382, 0x69020001, 0x04040105,
    0x2405b150, 0x1b4e011b, 0x27178c40, 0x01035f01, 0x011d0101, 0x5106ac79, 0x13210a2f, 0x11a34911, 0x6619c22a, 0x6c797042, 0x63514446, 0xfe217182,
    0x0b9f49b2, 0xff00c625, 0x825600ff, 0x02c22773, 0x000602c6, 0x0f83002f, 0xf0ff2c26, 0xd602ac02, 0x22200f82, 0x52320f84, 0x8f020000, 0x26027203,
    0x00007301, 0x16030701, 0x3b55b000, 0x0bf7450e, 0x1d001624, 0x85476700, 0x00202a05, 0x04050003, 0x07670503, 0x08f54501, 0x04010826, 0x06610004,
    0x2007f545, 0x2550821e, 0x01030201, 0x2b876902, 0x22212089, 0x32e08200, 0x1117181b, 0x1b000110, 0x181d171a, 0x1013141d, 0x46161116, 0x734c0506,
    0x0506460e, 0x0706222b, 0x03262621, 0x21373632, 0x0df34516, 0x715c682f, 0x0bb1010b, 0x725d5d71, 0x0a4efe0b, 0x0ce14572, 0x75830227, 0xfd756a6a,
    0x200583e0, 0x0a3f5400, 0x3f54f383, 0x00162205, 0x2df38d66, 0x2c00ffff, 0x8d010000, 0x0602c602, 0x33848b00, 0x03210f84, 0xf74e187c, 0x180b2008,
    0x8a17634f, 0x00562333, 0x4c180200, 0x82200ddb, 0x0fbb4b18, 0x4c18ff20, 0x7b852393, 0x7b888020, 0x13bb4b18, 0xf4ff2a26, 0x20022402, 0xab20af82,
    0x0230e482, 0xf0ff2c00, 0xfc023402, 0x2b001f00, 0x15b55e00, 0x250a495a, 0x0201001a, 0x3e4c8501, 0x066a2706, 0x00030301, 0xb2410561, 0x381c9707,
    0x594e0022, 0x20211540, 0x25270001, 0x2b212b20, 0x0d0e1719, 0x1f011f00, 0x05af4707, 0x26262731, 0x36363435, 0x35363637, 0x07061437, 0x1807020e,
    0x08122747, 0x1606075e, 0x62323101, 0x25252527, 0x24324151, 0x2a3f3264, 0x1c042a42, 0x6e49385a, 0x4b75413d, 0x3e4f5241, 0x01015743, 0x2c261053,
    0x61518027, 0x171c5581, 0x3e012a2d, 0x28141d58, 0x312d4045, 0x4e4a703f, 0x5a5c3e71, 0x58584547, 0x005a4745, 0x004b0003, 0x02180200, 0x000e0014,
    0x00200017, 0x1e7b7318, 0x004d1c27, 0x5f010404, 0x07ed5506, 0xd85e1e20, 0x06775108, 0x1d21208a, 0x28ed8201, 0x20000012, 0x17181a1e, 0x7b731815,
    0x18072007, 0x20167b73, 0x7c731826, 0x4b2f080a, 0x3e7063e4, 0x6c4a4137, 0x2e789660, 0x782e3737, 0x34342c93, 0x1402932c, 0x3a2d464e, 0x34420606,
    0x36015047, 0x241f2026, 0x202696fe, 0x82002823, 0x83012000, 0xca0121c7, 0x0520c782, 0x09c36618, 0x2006d24d, 0x09b4591c, 0x8c001121, 0x17f95e13,
    0x7f014b28, 0x1402ebfe, 0x9f7bfe57, 0x245b8605, 0x012602da, 0x246b82b2, 0x000e0307, 0x2d7388b1, 0x00af02a5, 0x4b650007, 0x585015b0, 0x414b1640,
    0x06ef5e05, 0xd0481c20, 0x05ed4308, 0x890d0d5f, 0x2036831d, 0x09265f00, 0x1d261885, 0x59594e03, 0x67820c40, 0x07000725, 0x59111111, 0x352c06cd,
    0x11231533, 0xf06bef4b, 0xf29b1402, 0x00269f84, 0x00370001, 0x10820100, 0x000d0023, 0x5f698553, 0x1c20120f, 0x98090f5f, 0x5f1d201d, 0x35281511,
    0x35333523, 0x15211521, 0x21087b82, 0x3a3a7115, 0xebfe7f01, 0x56dd9c9c, 0x568a57e1, 0x020000dd, 0x6aff2700, 0x14029c02, 0x14000e00, 0x81856a00,
    0x20080f5f, 0x1d0f5f1c, 0x115f2794, 0x13142315, 0x62821112, 0x11110e24, 0x115f1311, 0x5f362008, 0x26080912, 0x33070613, 0x2c272311, 0x3007241f,
    0x6a567901, 0x08715ffe, 0x96b5f917, 0x01312fec, 0xec42fe5e, 0x45019696, 0x73012237, 0x02250997, 0x02200216, 0xbf411806, 0x82f42008, 0x18de200f,
    0x1822ef45, 0x291a5b46, 0x2f000100, 0x59030000, 0x135f1402, 0x5f1c201c, 0x12871113, 0x135f1d20, 0x13280814, 0x35173303, 0x33371533, 0x27231303,
    0x07352315, 0x89dbe52f, 0x87ce6ace, 0xd887e5db, 0x0a01d86a, 0xfefe0a01, 0xf6fefdfd, 0xfe230182, 0x8200fefe, 0xff283287, 0x02ed01f4, 0x00280020,
    0x234b404e, 0x01040301, 0x10cc5e4c, 0x03000427, 0x69030401, 0x06fd5e00, 0xfd5e2120, 0x00223609, 0x1e00014e, 0x17191a1c, 0x0e0f1115, 0x0406080c,
    0x01280003, 0x06524628, 0x2409ca5e, 0x17350707, 0x08c85e16, 0x26743620, 0x0142080c, 0x047b650c, 0x343f036e, 0x323c3f35, 0x322a3434, 0x332a2d36,
    0x71076f04, 0x3b706059, 0x79443c34, 0x044d590c, 0x23292c24, 0x01012f28, 0x27010154, 0x22241f22, 0x4c41051d, 0x39264650, 0x324b100d, 0x03775449,
    0x02f92306, 0x69180014, 0x1c201553, 0x860f0a5d, 0x5d1d2010, 0x0923070a, 0x5d110900, 0x2b08090a, 0x23113313, 0x6a4b0311, 0xce6a70d4, 0x8afe1402,
    0xecfd7601, 0x93fe6d01, 0x4b00ffff, 0xf9010000, 0x2602de02, 0x0000bc01, 0x13030600, 0x85061766, 0x88e02017, 0x770d2117, 0x97851e82, 0x82350221,
    0x16a35d97, 0xa35d98a0, 0x33132f0d, 0x03230103, 0xe96c4b11, 0x0101f589, 0x9c82f38b, 0x0201fe26, 0xf6fef6fe, 0xfe210582, 0x829f8500, 0x82da206f,
    0x44bf2087, 0xd2200683, 0x01260782, 0x00003700, 0x87825a02, 0x49000d22, 0x210e935d, 0x935d4d1c, 0x08ad5d0e, 0x955d198b, 0x000d2308, 0x495c110c,
    0x07945d0b, 0x2b372337, 0x01280733, 0x1fcc6a96, 0x485f760f, 0xecfd6d01, 0xd7febd01, 0x06034194, 0x63718d20, 0x5e082007, 0x0f280ba7, 0x00000101,
    0x04054d1c, 0x02251482, 0x1b4e021b, 0x88118c40, 0x000c2c74, 0x1211120c, 0x1a070611, 0x1811332b, 0x2e0a676b, 0x9999894b, 0x69826a87, 0xfe140283,
    0x82ac0154, 0xfe5b2272, 0x05ab5ea5, 0x01217785, 0x187782ff, 0x25156b70, 0x05064d1c, 0x81650302, 0x18162005, 0x860b6b70, 0x08624318, 0x820bc35b,
    0x1522087d, 0x11333533, 0x15233523, 0x6ae06a4b, 0x1402e06a, 0xecfde0e0, 0xffffdede, 0xf4ff2a00, 0x20022202, 0x7f710602, 0x004b2406, 0x82040200,
    0x0b61187f, 0x45002009, 0x575e09f2, 0x8e122008, 0x18595e14, 0x4b112328, 0xe56ab901, 0xe6821402, 0x46febd21, 0x377c0773, 0x06022405, 0x18000101,
    0x8309534e, 0x00b82683, 0x00010000, 0x2083822c, 0x52838c0e, 0x5946087c, 0x8e12200a, 0x14656514, 0x2135232e, 0xe8112315, 0xbbe201bc, 0x5757bd01,
    0xff218182, 0x07ef71ff, 0x26207f82, 0x0b717f84, 0x71de2005, 0x13210823, 0x2a868256, 0x2a000300, 0x730269ff, 0x5e00c602, 0x1e242523, 0x401b4e01,
    0x8209235e, 0x0d235e0e, 0x235e0520, 0x5e032012, 0x42080d23, 0x3c6d491c, 0x66496d3c, 0x3c3c6c49, 0x46ea496c, 0x01463e3e, 0x3d3d456c, 0x08b29745,
    0x42426741, 0xc7084167, 0x664109c7, 0x41664242, 0xa401b209, 0x010b4d3a, 0x3a4c0c24, 0xfe0b4c3a, 0x004c0bde, 0x7300ffff, 0xdb82063f, 0xc4822520,
    0x4b000122, 0x6024c382, 0x0b001402, 0x2408d967, 0x01010103, 0x1e235e1c, 0x235e208b, 0x11332126, 0x15330182, 0x56fef501, 0x5c6ae56a, 0x14029797,
    0xbd0143fe, 0x44ed42fe, 0x1e200953, 0x13258782, 0x01b54c00, 0x05bb7601, 0x58502f23, 0x0c0b5e40, 0x39631c20, 0x21179209, 0xf34c041d, 0x7c212011,
    0x35220597, 0x235e3335, 0x14b3390a, 0x6e5d3554, 0x42333c6a, 0x2afc6b4d, 0x93687a33, 0x4f4f4387, 0xecfd8644, 0xe5208b89, 0x235e8b82, 0x5e1c200e,
    0x00201423, 0x1d20168b, 0x251f235e, 0x69af6a4b, 0xfb826aae, 0xbe014223, 0x820382fe, 0x00012672, 0x0369ff4b, 0x206f8245, 0x0d235e0f, 0x235eed82,
    0x5e7c821f, 0x8f853d23, 0x896b6021, 0x42fe2491, 0x840097ed, 0x04022193, 0x235e9382, 0x5e1c200d, 0x01201823, 0x235e1a8a, 0x3517241a, 0x84331123,
    0x15232701, 0xe56aa7f2, 0x0942a86a, 0xecfd2707, 0x02000097, 0x04824b00, 0x77822420, 0x0c3f6b18, 0x5e000121, 0x6582071e, 0x02030324, 0xcd690560,
    0x44192007, 0x002207e4, 0x1b8a0000, 0x6b181d20, 0x09260d3f, 0x07061121, 0x78822b18, 0x360e606a, 0x73826a4b, 0x82737a7a, 0x7d84847d, 0x58c21402,
    0x55565252, 0x4c005553, 0xe820061b, 0x03248782, 0x15000e00, 0x2007f351, 0x5e18821c, 0x6e82081a, 0x01050526, 0x07040860, 0x99077055, 0x011d351e,
    0x1840594e, 0x00000404, 0x0f111315, 0x0d040e04, 0x05060709, 0x03214d82, 0x07145e11, 0x33112122, 0x02249c8e, 0x63fd6a7e, 0xfd21a08c, 0x26a48aec,
    0x00370002, 0x82650200, 0x000c24a3, 0x475a0013, 0x954c0501, 0x00002609, 0x01005f01, 0x20a58201, 0x0b976b04, 0x996b209b, 0x35232118, 0x8c2f9b8f,
    0x7481bf55, 0x81747a7a, 0x7d84847d, 0x4157bd01, 0xff21093a, 0x219783ff, 0x9782c903, 0xd201272a, 0x0000a501, 0xc1010600, 0x02260582, 0x00004b00,
    0x17826e03, 0x19001224, 0xaf855b00, 0x01031d28, 0x05010801, 0x5a5d0107, 0x5dad8205, 0x1b240832, 0x401b4e04, 0x1d2b1f9a, 0x40594e04, 0x19000013,
    0x5d131517, 0x0a22094e, 0xe7411c07, 0x3fb28905, 0x15233523, 0x35323325, 0x4b232334, 0x826adf6a, 0x737b7b73, 0x4901dfec, 0x7e84847e, 0xc2c21402,
    0xfb24bb84, 0x555355fb, 0x2705ef46, 0x2002f201, 0x08010602, 0x012eb382, 0xf4ff2a00, 0x20021a02, 0x48001e00, 0x3e5d4540, 0x5d21201f, 0x2224093e,
    0x00014e00, 0x22280c5d, 0x67231533, 0x300808cd, 0x724c2601, 0x4c723e3e, 0x7014815f, 0x3b32440e, 0xa2a20849, 0x313b4908, 0x14700e44, 0x7c450c81,
    0x457c5555, 0x39345e6b, 0x4552454c, 0x5d33374c, 0x5da79269, 0xed4a1e06, 0x20d45c0f, 0x33352322, 0x5c053f57, 0x1d210bd4, 0x2ba1835d, 0x483c3143,
    0x09a3a309, 0x43323c48, 0x5e2aa183, 0x3f3f714d, 0x5d690c71, 0xa1843733, 0x5e343923, 0x25b4856b, 0xffff0000, 0xad824900, 0x10b74b18, 0xffffff22,
    0x163f4b18, 0x4a18ff20, 0x4c18149b, 0x002f2347, 0xff4b0002, 0x02ff02f4, 0x00140020, 0x75a00020, 0x2120057f, 0x20105b5c, 0x06fe5b1c, 0x02050825,
    0x5c220303, 0x1c20145b, 0x20085b5c, 0x0f5b5c21, 0x40203083, 0x8f0b875c, 0x5c1d202b, 0x1629105d, 0x1c000015, 0x1620151a, 0x25988220, 0x22261214,
    0x5d5c1111, 0x33152106, 0x0d124418, 0x5c152321, 0x4b3d0b5d, 0x860c536a, 0x3f714c69, 0x694c713f, 0x01530c86, 0x4b4b434e, 0x4b4b4443, 0x6cdf1402,
    0x0562417f, 0xdf6c7f23, 0x68461850, 0x82002007, 0x00022200, 0x062b494b, 0x16000d26, 0x01b55f00, 0x0a9f6318, 0x01071b22, 0x0e436e18, 0x064d1c22,
    0x9808c149, 0x1d2a081d, 0x40594e01, 0x000e0f14, 0x0e101200, 0x00160f16, 0x110d000d, 0x07082611, 0x37332b19, 0x34352626, 0x11333336, 0x07233523,
    0x665c3313, 0x4b330806, 0x723d3780, 0x6f6ada6b, 0x70707475, 0xdb393935, 0x4f334d16, 0xc9ecfd54, 0xa31d01c9, 0x2b27272a, 0x00010000, 0x026aff37,
    0x00c90229, 0xb57b0023, 0x1808010b, 0x08081a6c, 0x01032a25, 0x00010401, 0x67000105, 0x1a020200, 0x0808004d, 0x05006105, 0x0a4d2105, 0x1b090901,
    0x0707004d, 0x65006106, 0x2c8b0637, 0x36822788, 0x835f0921, 0x8b1d202c, 0x40592d2c, 0x00000012, 0x25230023, 0x11232521, 0x0b230083, 0x832b1f07,
    0x353324b9, 0x5e331533, 0x481808d0, 0x2f081171, 0x6a393970, 0x54177272, 0x4a605331, 0x1b27374b, 0x3a353220, 0x4e470244, 0x7b4e3434, 0x5c6e282c,
    0x534ab1fe, 0x01202657, 0x4b494929, 0x00d0fe47, 0x2005a745, 0x22db8282, 0x541b0012, 0x232007fd, 0x0525d68a, 0x05070800, 0x82de8608, 0x096021ce,
    0x2507bd6f, 0x01020023, 0x2a928502, 0x1d212587, 0x05034506, 0x15191b28, 0x00120013, 0xc9842111, 0x18050345, 0x650a4241, 0x27210516, 0x05425d33,
    0xa8232308, 0x716a7171, 0x7c728271, 0x7e82727c, 0x3f44443f, 0x5513027e, 0xad556161, 0x5c56565e, 0x2d2e2f55, 0x00820032, 0x2f000228, 0xa4020000,
    0xb5821402, 0x6c001e22, 0x2128835c, 0x655c4d1c, 0x011b2405, 0x5c401b4e, 0x1f8712a3, 0x201b855c, 0x0a855c37, 0x855c1720, 0x23152305, 0x855c2335,
    0x2f370806, 0x233a0f5e, 0x9a140299, 0x5e0f3a23, 0x1e0a4772, 0x0d680d19, 0x480a1d19, 0xd1979733, 0xa0042723, 0x04a05555, 0xadd12228, 0xd8d81219,
    0x01ad1912, 0x009d9dbf, 0x4c000300, 0x002306cb, 0x8220000f, 0x404e35db, 0x02161c4b, 0x012d0302, 0x4c020605, 0x05020600, 0x80050602, 0x2106d553,
    0x63730069, 0x4d212106, 0x36057356, 0x00000107, 0x224e0022, 0x2b000121, 0x2124252a, 0x1a2f222f, 0x56121418, 0x1e231a6e, 0x5c323702, 0x33270775,
    0x32171636, 0x5c223736, 0xe5450a73, 0x4c240806, 0x723e3e72, 0x1e312d56, 0x02050611, 0x4635424a, 0x1904050d, 0x4433273f, 0x31200f0e, 0x173a1e29,
    0x49050d0d, 0x4306f545, 0x220805e3, 0x12154601, 0x54010102, 0x01393f5d, 0x38f70903, 0x12110434, 0x0101090e, 0x00564d05, 0x00160001, 0x18470200,
    0x4d1c3747, 0x47180b22, 0x14850837, 0x2208224d, 0x5c0d000d, 0x3321066d, 0x096d5c03, 0x03072408, 0x936fc2d8, 0x3d5a1665, 0x1b420a1d, 0xfe140288,
    0x3f250159, 0xfe485743, 0x0000008b, 0xff2f0001, 0x82630369, 0x1b675c7b, 0x5c4d1c21, 0x675c054a, 0x5b1c8714, 0x675c1224, 0x0915520e, 0x15331724,
    0x19523523, 0x4aa5230e, 0x1b52276a, 0xe1c0230c, 0x0082fe97, 0x2006d74a, 0x5ca38244, 0x1c211657, 0x18575c4d, 0x575c1a86, 0x33132222, 0x50958503,
    0xba2306d5, 0x50306a56, 0x8a8208d6, 0x52020121, 0x4b2405a7, 0x520269ff, 0x535c8b82, 0x4d1c2115, 0x8620535c, 0x122e4122, 0x196a0f20, 0x3315280f,
    0x33113335, 0x4f352315, 0x533707e5, 0x02e0536a, 0xfee0e014, 0xde97e136, 0x000000de, 0xff160001, 0x821b026a, 0x0823088f, 0x1a401d00, 0x03000306,
    0x4c010002, 0x00000101, 0x02004d1c, 0x4e021e02, 0x03111212, 0x332b1907, 0x82133303, 0x231532e3, 0x936fcde3, 0x6ace7093, 0x63fe1402, 0xecfd9d01,
    0x8a468296, 0x000e2447, 0x5c2c402f, 0x615c0588, 0x0102230a, 0x50820101, 0x1e050524, 0x2f824e05, 0x200c645c, 0x0d645c17, 0xbc646e22, 0xbd276083,
    0x2b6a7665, 0x83e90156, 0x17fe2464, 0x426b6b56, 0x0221056b, 0x5cab8253, 0xc9411863, 0x0f635c34, 0x41371721, 0x421807ca, 0x8a230921, 0x182f6a58,
    0x24092342, 0xcb97e1c4, 0x248f82cb, 0x026aff4b, 0x228f826f, 0x4e620017, 0x395c0cbf, 0x0688560c, 0x851a5b5c, 0x205b5c21, 0x2412d54e, 0x35231533,
    0x0bd94e01, 0x4e6a5121, 0xfe230bdb, 0x1896e036, 0x25092750, 0x000602c6, 0xdf5b00d6, 0x02c02107, 0x01240f82, 0x00000049, 0x2105b37e, 0x5d180216,
    0x03210a53, 0x9b5a1802, 0x18212014, 0x20089b5a, 0x9b5a1822, 0x16072214, 0x9b5a182b, 0x08af5455, 0x9754c020, 0x6e162108, 0x0027ba82, 0xff270003,
    0x822002f4, 0x000f28bb, 0x001d0016, 0x5c3b403e, 0xcd451062, 0x45062007, 0x3e5c05cd, 0x4d24263a, 0x713f3f71, 0x058e494d, 0x09483b2e, 0x48091701,
    0x09483a3a, 0x4809e9fe, 0x260dae45, 0x44444bd0, 0x838cfe4b, 0x085b5205, 0xcb7bbb83, 0x5f162105, 0x4018bb82, 0x202408eb, 0x33010602, 0x2008f352,
    0x22cd8215, 0x7d3e0106, 0xe37c284f, 0x15137d16, 0x2e069762, 0x00c6029a, 0x40210006, 0x0101051e, 0x824c0100, 0x4d29298c, 0x01020203, 0x4e012b01,
    0x21080c82, 0x11060006, 0x18080411, 0x3301332b, 0x03032301, 0x86000114, 0xd1720001, 0xfdc602d2, 0xfd5f023a, 0x8f5300a1, 0xbb210806, 0x2300d602,
    0x2a402d00, 0x01050500, 0x01010061, 0x04064d28, 0x00000302, 0x07085f03, 0x2b030302, 0x324e8303, 0x15230023, 0x16111125, 0x08091126, 0x35332b1d,
    0x63262617, 0x07260aa9, 0x35211537, 0x4f18023e, 0x390808a7, 0x2e151716, 0x504b4089, 0x93656493, 0x893f4b50, 0x4d30e8fe, 0x6668712d, 0x2f4c2d71,
    0x8e270163, 0x599f685f, 0x5f689f59, 0x6301278e, 0x78470163, 0x8c8c7b49, 0x4778497b, 0xb9826301, 0x14209782, 0x28067770, 0x402e0018, 0x0201172b,
    0x84e08502, 0x4d29279e, 0x03020200, 0xa3820561, 0x4e089b86, 0x21180018, 0x06242125, 0x332b1a08, 0x26262713, 0x33352323, 0x13171632, 0x33331616,
    0x26222315, 0x03272726, 0x0c18cd14, 0x3f351c19, 0xaa1c453f, 0x231b180b, 0x27362930, 0x01945d14, 0x1e1e3afa, 0xfe474256, 0x561f1c54, 0xeb313c1c,
    0x82008cfe, 0x8232207f, 0x0274297f, 0x00130014, 0x0528402b, 0x924f7e82, 0x4d2a2e05, 0x04030300, 0x02060761, 0x042b0404, 0x2aab824e, 0x13130013,
    0x11112321, 0x79080811, 0x21240585, 0x14112315, 0x353e7786, 0x9c112311, 0x6542026a, 0x22202023, 0x01b14d55, 0xfe5757bd, 0x572520df, 0x21014854,
    0x678243fe, 0xf0ff273c, 0xd6022c02, 0x47002b00, 0x10114440, 0x07020302, 0x28030401, 0x04050227, 0x1f824c03, 0x3107425f, 0x04030504, 0x00050069,
    0x00590500, 0x61000505, 0x0c820106, 0x00015132, 0x1d1f2325, 0x13151a1c, 0x2b000c0e, 0x06072b01, 0x2305b477, 0x37363435, 0x08ab6218, 0x26260722,
    0x26053368, 0x15373316, 0x53062627, 0x4f08054d, 0x020e1737, 0x754d2901, 0x7f4a4d40, 0x4346693b, 0x1f402882, 0x493e2c60, 0x33203e29, 0x56564933,
    0x246e3249, 0x64531a3d, 0x3e603610, 0x26146145, 0x2f543778, 0x264e2c37, 0x2a2e3631, 0x58011734, 0x3c470201, 0x2c35483a, 0x1b311f50, 0x31000200,
    0x7220c782, 0x8fbb8018, 0x82585127, 0x58824646, 0x3c058359, 0x5c5c5559, 0x5c5c5455, 0x72a65a10, 0x5a5ba772, 0xa67273a7, 0x848b635a, 0x848d8d84,
    0x05034984, 0x0000272a, 0xc6022901, 0x42000900, 0x2505e150, 0x00010014, 0xbe4c0300, 0x2d781805, 0x1816910a, 0x240c1347, 0x09051121, 0x058e4c19,
    0x35363232, 0x96bd1133, 0x55333d3d, 0x3257fa01, 0x003afd43, 0x3b315282, 0x3b020000, 0x1e00d602, 0xb04b7a00, 0x4058501f, 0x2514821e, 0x03010003,
    0x19820080, 0x02006128, 0x004d3402, 0x3d730303, 0x04352305, 0x8d851b4e, 0x25881c20, 0x00000226, 0x69000201, 0x4020238c, 0x38391e99, 0x59594e04,
    0x00000d40, 0x1e001e00, 0x2a122219, 0x2b1a0906, 0x36363433, 0x07b04337, 0x2307127f, 0x07060614, 0x33080282, 0x303b1521, 0x3b316674, 0x4440401a,
    0x0c700a4f, 0x7e72778a, 0x5c485424, 0x7d01035e, 0x366c7e50, 0x212f2a19, 0x44493e32, 0x747d6c07, 0x434e365d, 0x24603126, 0x2406b743, 0x02f0ff30,
    0x23db8241, 0xb5bb0029, 0x8505be5b, 0x17c37ae2, 0x8208c55b, 0x07947af2, 0x87003b21, 0x1fc87af2, 0x8b006921, 0x20f77a33, 0x3e3b2e89, 0x59594e00,
    0x00011740, 0x1a1b1d1f, 0x10121618, 0x06080d0f, 0x29000304, 0x18092901, 0x220cbb51, 0x44343536, 0x2d5c054d, 0x1607390f, 0x06141516, 0x7b350106,
    0x066f0585, 0x472a3f51, 0x3b47562b, 0x414c393b, 0x42080082, 0x7f0a6f06, 0x7b80726e, 0x79434e45, 0x065d7210, 0x3517353d, 0x5e3d402b, 0x3532382f,
    0x53062b32, 0x72596967, 0x445f1326, 0x00336043, 0x001c0002, 0x02450200, 0x000a00c6, 0x4055000d, 0x02010d0a, 0x82010301, 0x414c20d9, 0x162305f7,
    0x82020105, 0x0204310f, 0x01006800, 0x064d3401, 0x35040401, 0x401b4e04, 0x38291893, 0x40594e04, 0x0c00000f, 0x084e820b, 0x11110a37, 0x09071112,
    0x35212b1a, 0x33013521, 0x23153311, 0x11332515, 0x9afe8201, 0x57795901, 0xeba9fe57, 0xd6015c94, 0x946230fe, 0x003a01f6, 0x00010000, 0x02f0ff3b,
    0x278b8246, 0xb5860020, 0x07030116, 0x2a07df69, 0x0304002d, 0x01040301, 0x82010080, 0x7e02318c, 0x03000700, 0x69030704, 0x05060600, 0x0505005f,
    0x200ebe41, 0x212faa40, 0xb282003e, 0x0001172a, 0x1415181a, 0x10111213, 0x2206b75d, 0x41200120, 0x5b460d8a, 0x23072505, 0x21152113, 0x080a6362,
    0x763f0138, 0x086f0787, 0x51463e4f, 0x49304751, 0x01307010, 0x19c0fea0, 0x482f511b, 0x76433c6b, 0x075b7010, 0x464e3738, 0x22295145, 0xc5639401,
    0x6d3f1e1d, 0x3e6f4a46, 0xeb840200, 0xd6024133, 0x28001c00, 0x0b409400, 0x03020b0c, 0x05011202, 0xc6801803, 0x481f2007, 0x69200683, 0x2007db6a,
    0x346a1834, 0x09a4420a, 0xa6451d20, 0x0405250a, 0x07690503, 0x83080a65, 0x9a402024, 0x0686421f, 0x09916718, 0x1014162a, 0x0007090e, 0x081c011c,
    0x25058642, 0x023e3435, 0x54183233, 0x5a630734, 0x15430813, 0x3f011614, 0x441f867e, 0x6e624e6d, 0x370c6b15, 0x0a5c4b37, 0x473b5819, 0x74423c6a,
    0x4d52404b, 0x5058433e, 0x5899a710, 0x5f41739a, 0x2e27094f, 0x2f247875, 0x4e486c3b, 0x52603c71, 0x50514349, 0x47574444, 0x13280973, 0x0b00c602,
    0x07b54200, 0x200a8368, 0x251e8211, 0x01005f01, 0x4e183401, 0x138e09df, 0x41183820, 0x4208078c, 0x110b000b, 0x18090413, 0x1234332b, 0x21352137,
    0x15020e15, 0xfe7183ad, 0x55ff0173, 0x01a5366d, 0x5c63833b, 0x7ad1bf60, 0x00030000, 0x02f0ff27, 0x00d6024b, 0x0027001b, 0xb6960033, 0x05020715,
    0x444c0102, 0x20280530, 0x00020107, 0x05020405, 0x2008ce4f, 0x06ce4f34, 0x73180620, 0x1e280cf5, 0x03000100, 0x69030102, 0x68662f88, 0x003b2309,
    0x5c451b4e, 0x41209605, 0x1b38057f, 0x1c1d2829, 0x2d2f0001, 0x33293328, 0x271c2123, 0x0d0f271d, 0x1b011b00, 0x0a8f9018, 0x20051e53, 0x05f17e36,
    0xfc430620, 0x32032106, 0x23061544, 0x13161415, 0x53080b8a, 0x7b523901, 0x30404b45, 0x4b6b3a39, 0x383a6b4a, 0x464c4031, 0x433d517b, 0x423f3e42,
    0x58493d44, 0x50525150, 0x5e301058, 0x16604644, 0x39384a13, 0x58323258, 0x134a3839, 0x44466016, 0xb601305e, 0x382e3533, 0x33352e38, 0x3d3dadfe,
    0x3a46463a, 0x00003d3d, 0x2d06af42, 0x00d60242, 0x0026001a, 0x010ab5a8, 0x2c410503, 0x00273907, 0x03020301, 0x08800201, 0x03000501, 0x69030501,
    0x04060600, 0x04040061, 0x18069743, 0x200d2975, 0x48401825, 0x0506240a, 0x89690604, 0x02022336, 0x2c876100, 0x27a24020, 0x36054141, 0x011b1c19,
    0x1b202200, 0x15261c26, 0x080b0d13, 0x00030406, 0x431a011a, 0x37220dbf, 0x83182306, 0x15230985, 0x41060614, 0x3e080b3e, 0x735c2901, 0x3b0c6d15,
    0x07564d30, 0x6a46723a, 0x4a73403c, 0x7b378189, 0x4e54435a, 0x4e4d4445, 0x07495810, 0x7b6e2521, 0x496e3d57, 0xb43e724e, 0x67b8789b, 0x484f5101,
    0x46575945, 0x82005246, 0x04240800, 0xf4ff2a00, 0xd6020c03, 0x1f001300, 0x2d002600, 0x4e405100, 0x0326292a, 0x4c010405, 0x05030400, 0x80050403,
    0x0229e882, 0x7e020503, 0x03000100, 0x06344204, 0x59020024, 0xf7830107, 0x01062508, 0x51000200, 0x14152728, 0x2d270001, 0x23252d28, 0x1f14191b,
    0x090b1f15, 0x13011300, 0x2b160609, 0x022e2205, 0x26059143, 0x1415021e, 0x4127020e, 0x352b0af4, 0x33343526, 0x22031732, 0x82163727, 0x9b230841,
    0x3965864d, 0x4d866539, 0x3a65864c, 0x4a86653a, 0x4b57584a, 0x0b58584a, 0x2b121955, 0x09761218, 0x8266390c, 0x8520081c, 0x66393966, 0x864d4c85,
    0x6ca43966, 0x6b6b5e5e, 0x836c5e5e, 0x0c87291e, 0xc20ffdfe, 0x00882a1f, 0xd7899282, 0x8605194d, 0x050021cb, 0x6720ca8b, 0x00232882, 0x89005702,
    0x000126c8, 0x191b1c1d, 0x858c8217, 0x051c4ac0, 0x3329c08e, 0x06142311, 0x37152323, 0x26b08f01, 0x2e3c4d5d, 0x9062192c, 0x01ac26a6, 0x3a2e2984,
    0x3b978c01, 0x40470031, 0x04060044, 0x05060405, 0x03050080, 0x7e030504, 0x04020300, 0x007e0203, 0x20051074, 0x209e8a69, 0x283c8307, 0x28000151,
    0x22242526, 0x20a08920, 0x13614108, 0x23352126, 0x37373634, 0x08764218, 0x71361721, 0x07230592, 0x90020e07, 0x01d138b3, 0x1d18bd11, 0x44322c2b,
    0x0649403f, 0x183f0948, 0x331b1520, 0x910e2c2b, 0x114236c5, 0x17161023, 0x40322f37, 0x42033b44, 0x1b1a181b, 0x33171b0f, 0x0d6f4141, 0x5b003c2a,
    0x011a5840, 0x4c010607, 0x033fc782, 0x69030105, 0x06000500, 0x69060507, 0x09000400, 0x67090408, 0x08000700, 0x69080702, 0x8202010b, 0x8259203b,
    0x00022306, 0xe1840a61, 0x01141535, 0x37393a00, 0x2e2f3135, 0x2426282c, 0x141f2123, 0x413c153c, 0x0c20058c, 0x3225eb93, 0x26343536, 0x86ea8a27,
    0x232321eb, 0x25075e5c, 0x07272622, 0xf7901616, 0x5142473f, 0x24213027, 0x43404442, 0x1f024b06, 0x201c1e1d, 0x271b1b1a, 0x25222525, 0x044c0221,
    0x34fe903e, 0x223640a4, 0x28090b33, 0x3c3a2f23, 0x1a15052f, 0x1818161c, 0x2533823d, 0x03161c1e, 0x6f553c33, 0x064b4305, 0x21001e34, 0x50405300,
    0x05040120, 0x0403011c, 0x07094c02, 0x87180402, 0x032207de, 0xe3410502, 0x04052305, 0x82420501, 0x0108330b, 0x51000200, 0x00011f1f, 0x211f211f,
    0x1a1b1d1e, 0xe9411819, 0x930a2009, 0x35332cfd, 0x35233533, 0x33150723, 0x90153727, 0x4c4028e2, 0xb44d3535, 0x906868b5, 0x55ac28cb, 0x3af4ed41,
    0x41868641, 0x302d0dbb, 0x58405b00, 0x0307011c, 0x01004c01, 0x2c9f8500, 0x07030004, 0x00690304, 0x08090006, 0x20bb4106, 0x2c2d2e29, 0x2224262a,
    0x821f2021, 0x141924bf, 0x41301530, 0x23231fbb, 0x82370722, 0x5a0720c4, 0x1524050c, 0x22230614, 0x3714af41, 0x3d4e454d, 0x0a18323f, 0x481de2a3,
    0x201b200a, 0x37222520, 0x48054b0b, 0xa433db90, 0x4a383f48, 0xe2405c1a, 0x1e291411, 0x042c2522, 0x82003731, 0x44032000, 0x2c2c0aeb, 0x59003700,
    0x22235640, 0x1d040302, 0x0220ee82, 0x6921ee87, 0x28ee8700, 0x06010a07, 0x69060702, 0x05a34209, 0x02220682, 0xa1416100, 0x2d2e3505, 0x00011415,
    0x372d3234, 0x2527372e, 0x191b1f21, 0x2c152c14, 0x0b20e785, 0x2113a541, 0x87493632, 0x36362506, 0x37173233, 0x08878b18, 0x26223724, 0x12823437,
    0xbb41f482, 0x42453c10, 0x203c4e55, 0x2d040b2c, 0x470a3526, 0x3a3c3f0a, 0x46522248, 0x2a012823, 0x92284c20, 0x444137f3, 0x33111643, 0x30072938,
    0x3e643b31, 0x29405c5a, 0x48262222, 0x73442922, 0x001e2c0c, 0x1838403b, 0x01030401, 0x5204004c, 0xd54506e9, 0x0b874205, 0x82010521, 0x01512834,
    0x1a1b1c00, 0x85141519, 0x930620d7, 0x343329d7, 0x21353736, 0x06063315, 0x8428be90, 0xfe3b3f4b, 0x3b36b6f6, 0xac28aa90, 0x36499f66, 0x00a44642,
    0x2d0e7f46, 0x0033002b, 0x405a003d, 0x021a2657, 0x3c440407, 0x010a290b, 0x04050704, 0x0b070069, 0x39189241, 0x2c2d3435, 0x00011415, 0x3d34383a,
    0x2f313d35, 0x332d332c, 0x2b141f21, 0x7e422b15, 0x083a441f, 0x16141525, 0x82060617, 0x22372805, 0x32333435, 0x82071415, 0x054c4407, 0x4831dd90,
    0x262c4b4c, 0x4441221e, 0x1e224243, 0x4c4b2b27, 0x24008239, 0x2424264a, 0x3fee9026, 0x24353ba4, 0x270a0f36, 0x35352f25, 0x0a27252f, 0x3524370e,
    0x2d32f43b, 0x37b4322d, 0x1b25251b, 0x3f149b42, 0x1d554058, 0x23070301, 0x03040222, 0x01004c02, 0x06020109, 0x0a690201, 0x07000601, 0x69070603,
    0x50060979, 0x08250bdc, 0x00050001, 0x2f9a4251, 0x18790320, 0x36322305, 0x77430637, 0x32332a06, 0x34353636, 0x16320726, 0x22128307, 0x90363435,
    0x42473cfd, 0x1f3d4d54, 0x2e030a2d, 0x470a3625, 0x393d3e0b, 0x45522248, 0x01012922, 0x424b2129, 0x0227119b, 0x44414837, 0x42101743, 0xeb53139c,
    0x03ef3a06, 0x02db0217, 0x00380326, 0x02070100, 0xffd8004f, 0xb109005d, 0xffb80302, 0x3372185d, 0x22238d08, 0x85160150, 0x99012023, 0x00512223,
    0x2223a0f0, 0xa0fb0052, 0x00532223, 0x202385eb, 0x206b9902, 0x9a238754, 0x0055228f, 0x2447a0e4, 0xff0a0156, 0x82fb835e, 0x965e2047, 0x005722fb,
    0x0d1f41ed, 0x04002108, 0xefff2a00, 0xdb021703, 0x27001300, 0x4b004000, 0x67406a00, 0x09070138, 0x06023233, 0x004c0207, 0x3905e443, 0x04010c69,
    0x0908010d, 0x00690804, 0x06070009, 0x00690709, 0x02050006, 0x8a470506, 0x41423d13, 0x14152829, 0x45470001, 0x4b424b41, 0x34363a3c, 0x40282e30,
    0x1d1f4029, 0x27152714, 0x20055743, 0x1316440e, 0x023e3233, 0x022e3435, 0x020e2223, 0x021e1415, 0x15163213, 0x053f7c14, 0x33163722, 0x28066a42,
    0x36343526, 0x15062217, 0x08108214, 0x26363542, 0x884d9f01, 0x663a3a66, 0x884e4d88, 0x673b3b67, 0x6c3f4e88, 0x512d2d51, 0x6b3e3f6c, 0x512e2e51,
    0x5244496b, 0x3c3a4822, 0x0a470a3f, 0x042d2635, 0x3c202c0b, 0x2440554e, 0x2a204c28, 0x3a112801, 0x4d263082, 0x3a3a6787, 0x40838767, 0x2d4e3a25,
    0x823e6c52, 0x08418239, 0x3e3e6b20, 0x012d526c, 0x3e5a5cee, 0x30313b64, 0x33382907, 0x44431710, 0x29404841, 0x22264822, 0x1b462922, 0x098b5305,
    0x1f00172c, 0x09407600, 0x12131d1e, 0x5a4d0304, 0x08ab7908, 0xab793420, 0x09cf4e0a, 0x8312b079, 0x9240201c, 0x05fd4b17, 0x1819132a, 0x1f180001,
    0x14161f19, 0x2005535d, 0xdc731806, 0x0614330f, 0x17140106, 0x22232613, 0x36321306, 0x03273435, 0x9c530116, 0xf7fe2d0b, 0x3525e723, 0x55b05c54,
    0x25e6215c, 0x300ca253, 0x44727201, 0x8d1bac01, 0x848b6dfe, 0x56fe446f, 0x2ce38318, 0x000c0001, 0x02990100, 0x000d00c6, 0x05255150, 0x02001a34,
    0x02000100, 0x03006701, 0x044d3403, 0x05000001, 0xa2180660, 0x1c970733, 0xf3673820, 0x000d2b07, 0x2112110d, 0x09071111, 0x4f6b2b1b, 0x82332005,
    0x113334a7, 0x960c1533, 0x333d3c96, 0x01638b56, 0x43325797, 0x83639dfd, 0x0002267f, 0x02f0ff26, 0x8fef543e, 0x78543226, 0x54784040, 0x4e200585,
    0x4d220082, 0x4c414f4f, 0x0def540c, 0x00006d24, 0x43410c02, 0x9e6d2763, 0x333d449e, 0x43419556, 0xffff230b, 0x7f823a00, 0xd6023a28, 0xfe010600,
    0x0f8200ff, 0xf0ff2824, 0x0f843902, 0x83f8ff21, 0x8216200f, 0x823f201f, 0x0206239f, 0x0f83fa00, 0x1f823620, 0x0f844120, 0x87fb0121, 0x833c200f,
    0x0202212f, 0x2a200f84, 0x29202f82, 0x03211f84, 0x201f8316, 0x202f8217, 0x211f843b, 0x0f83f004, 0x0f823520, 0x05202f85, 0x28394f84, 0x6c01f8ff,
    0x07038b01, 0x00004f02, 0x0900bdfe, 0xb80300b1, 0x35b0bdfe, 0x082b762b, 0x01c30023, 0x201f8284, 0x201f8750, 0x241f8b01, 0x01000029, 0x203f843b,
    0x201f9451, 0x205f8214, 0x201f843a, 0x201f9452, 0x223f820a, 0x82830140, 0x8753205f, 0x8b02201f, 0x209f835f, 0x201f8447, 0x833f9454, 0x8454201f,
    0x9455205f, 0x8214203f, 0x841d205f, 0x825620bf, 0x83be201f, 0x20bf82df, 0x20df88be, 0x209f821e, 0x203f844c, 0x23ff9157, 0x29000200, 0x29081f82,
    0x008b0155, 0x00230018, 0x103f4042, 0x0b050301, 0x0302020a, 0x01064c02, 0x04010700, 0x69040005, 0x03000500, 0x69030502, 0xfe7d0200, 0x013e3a05,
    0x01191a4e, 0x191d1f00, 0x14231a23, 0x080c0e12, 0x01180006, 0x16090818, 0x203b452b, 0x26343723, 0x051a45bf, 0x470b3e37, 0x2e26350a, 0x202c0b03,
    0x41544d3c, 0x214b2725, 0x01280129, 0x1af8448b, 0x00ffff39, 0x013b0128, 0x02ce026c, 0x004f0206, 0x00ffff00, 0x00430114, 0x82c702c3, 0x8450200f,
    0x0129240f, 0x843b0143, 0x8451201f, 0x8214200f, 0x843a202f, 0x8452200f, 0x820a200f, 0x0240221f, 0x202f82c6, 0x200f8453, 0x201f8228, 0x200f8447,
    0x200f8854, 0x202f8454, 0x240f8455, 0x01420114, 0x201f841d, 0x200f8456, 0x202f821e, 0x261f844c, 0x00000057, 0x82290002, 0x02552a0f, 0x001800ce,
    0x40410023, 0x0a3f413e, 0x24093541, 0x01020100, 0x09305465, 0x41043421, 0x0221593e, 0x1a3e41ce, 0x01000024, 0x048238ff, 0xc6027024, 0xa0180300,
    0x2308314f, 0x01330123, 0x54e401c8, 0xc6021cfe, 0xffff3afd, 0x00001400, 0xc7020603, 0x50022600, 0x27000000, 0x23013a02, 0x07265d82, 0xcb015102,
    0x1348bdfe, 0x05694305, 0xff232b83, 0x920503f8, 0x9252202b, 0x8229202b, 0x0246222b, 0x205782ce, 0x20578651, 0x22578464, 0x910c0252, 0x00002357,
    0x5792db02, 0x9b015322, 0x6d432b85, 0x20af8607, 0x20578410, 0x20578652, 0x22578458, 0x91d00153, 0x2083822b, 0x20579212, 0x20af9254, 0x202b8214,
    0x202b9217, 0x442b8757, 0x07410771, 0x924c2006, 0x02572183, 0x20059d44, 0x202b8a02, 0x26578228, 0x00c60259, 0x86540226, 0x846520af, 0x025722af,
    0x8eaf850d, 0x84072057, 0x8656202b, 0x8513202b, 0xbb01212b, 0x28262b90, 0x6c0194ff, 0x13452701, 0x00592106, 0x20051345, 0x08334459, 0x9cff1426,
    0x2001c300, 0x84061345, 0xb801221f, 0x241f89fe, 0x019cff29, 0x233f843b, 0xfe000051, 0x14201f91, 0x3a205f82, 0x52201f84, 0x0a201f94, 0x40223f82,
    0x13451f01, 0x203f8406, 0x835f8b02, 0x8447209f, 0x9454201f, 0x201f833f, 0x205f8454, 0x8c1f8755, 0x21bf823f, 0xbf841d01, 0x1f825620, 0x13455a20,
    0x885a2006, 0x821e20df, 0x844c209f, 0x8757203f, 0x8803203f, 0x0200237f, 0x1f822900, 0x2701552a, 0x23001800, 0x41404400, 0x4312d343, 0x462109cc,
    0x0715454d, 0x15454720, 0x450a2016, 0x27204315, 0x2019d643, 0x07134503, 0x000b0032, 0x00190012, 0x18334036, 0x040e0f17, 0x4c010203, 0x4e209b87,
    0x2c0a044a, 0x144e004f, 0x13000113, 0x12191419, 0x955a1810, 0x17142d16, 0x22232637, 0x34353213, 0xca160727, 0x2c06d554, 0x12760a9f, 0x55555519,
    0x0113760a, 0x07c7543b, 0x1e29ca2e, 0xf1fe0cc2, 0xc41e2c88, 0x0100000e, 0x25078f45, 0x23000900, 0x5a5d2040, 0x4d4c390a, 0x03030104, 0x004e034d,
    0x00090000, 0x11211209, 0x2b190b05, 0x35073513, 0x2e058449, 0x2c196276, 0x43013b2f, 0x2e3a01f4, 0x827cfe29, 0x00012125, 0x2506cb45, 0x2e001d00,
    0x3e5d2b40, 0x5d4e200f, 0x4d21093e, 0x2d558304, 0x191d001d, 0x062a1122, 0x132b1a0b, 0x4e543634, 0x09f75c09, 0x07073708, 0x33150606, 0x2c0e2915,
    0x151b332b, 0x093f1820, 0x40490648, 0x2c32443f, 0xbd181d2b, 0x412e4301, 0x0f1b1733, 0x1b181a1b, 0x443b0342, 0x372f3240, 0x23101617, 0xd7854211,
    0x3a013b28, 0x2800ce02, 0xf35c8700, 0x501a2408, 0x782d4058, 0x02230bb9, 0x78007201, 0xa6820eb8, 0x0002022c, 0x00010862, 0x4e004f00, 0x235d401b,
    0x22308d20, 0x78174059, 0x0b2414ec, 0x22132b16, 0x0ab75718, 0x35232322, 0x18063d6a, 0x210812ab, 0xc2581415, 0xa7270806, 0x4b033f51, 0x22242202,
    0x1b272425, 0x1c201a1b, 0x031f1c1f, 0x3f44064b, 0x22234145, 0x01502631, 0x03333c3b, 0x821e1c16, 0x183d341a, 0x1a1c1618, 0x3c2f0515, 0x28232f3a,
    0x22330b09, 0x82004036, 0x00022100, 0x27063747, 0x0d000a00, 0x2f403200, 0x5c09bf5c, 0x672c08b8, 0x4c010100, 0x0401064d, 0x4e044d04, 0x270c9c5c,
    0x132b1a0b, 0x37352335, 0x3405b76b, 0xbf353327, 0x344eb4b5, 0x0167b434, 0xf43a5543, 0x965541ed, 0x21638286, 0x8b470001, 0x1c002b06, 0x4a404d00,
    0x07030115, 0x915c4c01, 0x7a4c201e, 0x4f370916, 0x00014e00, 0x13141618, 0x0f101112, 0x05070b0d, 0x1c000304, 0x41091c01, 0x1f410829, 0x82232009,
    0x07232189, 0x08052a51, 0x3fb4062e, 0x0b4b0548, 0x20252237, 0x0b201b20, 0xa3e21d47, 0x3e32180a, 0x3b014f3e, 0x2c043137, 0x291e2225, 0x40e21114,
    0x384a1a5c, 0x0200483f, 0x5420a384, 0x2d06ef47, 0x0b414044, 0x0203020a, 0x03050110, 0x485c4c02, 0x5c4e200f, 0x9c820a48, 0x85143149, 0x3435229c,
    0x258c8336, 0x23260717, 0xfe5b0622, 0x14152705, 0x36322706, 0x10833435, 0x16062108, 0x225244be, 0x3e3d3948, 0x360a470b, 0x0b032e25, 0x4d3d1f2c,
    0x28244154, 0x0129214b, 0x3b012901, 0x210a1c44, 0x2b4e1611, 0x0001210f, 0x2b06c348, 0x25000a00, 0x01072240, 0x4c010100, 0x2807ed5b, 0x01034d4c,
    0x024d0202, 0x0810824e, 0x0a000a25, 0x0b041311, 0x34132b18, 0x35233736, 0x06061521, 0x363c5815, 0x3a0901b6, 0x5842013f, 0x364246a4, 0x82669f49,
    0x060349e6, 0x00170030, 0x0029001f, 0x12424045, 0x02050206, 0xcd5b4c01, 0x5b4e2010, 0x4f3a0acd, 0x20214e00, 0x00011819, 0x29202426, 0x1b1d2921,
    0x1f191f18, 0x17000b0d, 0xa3411701, 0x82352006, 0x26262176, 0xfc570582, 0x16162d06, 0x27061415, 0x23343532, 0x17141522, 0xe2620782, 0x4cb52705,
    0x1e272b4b, 0xe7824222, 0x261e2223, 0x0acb522c, 0x3b3b0126, 0x0e372435, 0x2109bb52, 0xbb52360f, 0x0db34912, 0x201fdf45, 0x08df454e, 0xdf454f20,
    0x450b2016, 0xb64942df, 0x0125081b, 0x2c003e00, 0x9a022209, 0x30000800, 0x01052d40, 0x4c010003, 0x01000100, 0x03020085, 0x00008602, 0x57000303,
    0x26068200, 0x03010460, 0x82500300, 0x082b080a, 0x11120800, 0x19090511, 0x2135132b, 0x01013301, 0x083e0123, 0x7dfafe37, 0xc9fe3601, 0x0105017d,
    0x06016331, 0xc9fec9fe, 0x82000501, 0x215f8249, 0x5fbfca06, 0x9bdf0521, 0x7204215f, 0x03215fbf, 0x205f9887, 0x22f2822a, 0x4a7e00ab, 0x01210dd3,
    0x537e185f, 0x180e850c, 0x2611537e, 0x2a153335, 0x827e7e81, 0x00012541, 0x0063ff2a, 0x06234783, 0x6bb54200, 0x76500516, 0x00112505, 0x5f000101,
    0x352a2282, 0x0201034d, 0x4e023902, 0x1388401b, 0x13873820, 0x0b405922, 0x25089067, 0x172b1809, 0x5b822337, 0x322f072a, 0x9d3f8137, 0xac6f7e9d,
    0x08ef5e18, 0x01d70039, 0x022600fb, 0x01002c5e, 0x005e0207, 0x007d012c, 0x0101b109, 0x537d01b8, 0x5620063f, 0x23838782, 0x1d852720, 0x02060125,
    0x48002c5f, 0x238805c5, 0x0221f382, 0x82f3823b, 0x83588247, 0x82c82029, 0x214f8207, 0x07829001, 0x31000222, 0xb3280582, 0x0b00c602, 0x4e000f00,
    0x1722c685, 0xc7860104, 0x004d342c, 0x5f030202, 0x03030105, 0xcc820335, 0x382f1994, 0x40594e03, 0x000c0c12, 0x0c0f0c00, 0x820d0e0f, 0x150b294a,
    0x2b170906, 0x35022e37, 0x1424da82, 0x07070606, 0x52370782, 0x6c070804, 0x68030906, 0x6123d482, 0xe1e12865, 0x23616528, 0x467e7ed4, 0x31280537,
    0xb3005eff, 0x03002402, 0x66208782, 0x2005f55f, 0x074e4116, 0x86853720, 0x86820420, 0x86823920, 0x2ab04b26, 0x14405850, 0x01243782, 0x67010002,
    0x1b87a284, 0x89194021, 0x03032316, 0x1c875702, 0x03023208, 0x4059594f, 0x0404040c, 0x160f040f, 0x09051011, 0x33132b19, 0x35132315, 0x37363634,
    0x15021e33, 0x82823115, 0x0408070e, 0x06090347, 0xfd7e2402, 0x849f84b8, 0x000024a9, 0x822a0002, 0x02102804, 0x001c00d6, 0x85990020, 0x4826209f,
    0x0626076a, 0x00040301, 0xc9830403, 0xb1650220, 0x04042906, 0x01075f05, 0x05350505, 0x2007be64, 0x272d9024, 0x01000002, 0x00690002, 0x40202b8b,
    0x382226a1, 0xca824e05, 0x1d1d142a, 0x201d0000, 0x1e1f201d, 0x1c249382, 0x08291123, 0x3721d282, 0x08c76534, 0x09935f18, 0x06063c08, 0x15060607,
    0x15333507, 0x26352de4, 0x383e0e27, 0x06700e83, 0x464c6f40, 0x371a3867, 0x781d272c, 0x544bd181, 0x2622161f, 0x873d2f1c, 0x3a664206, 0x2b3b5d35,
    0x181b333d, 0x41d13337, 0x2a28079f, 0x10025eff, 0x03003402, 0x7120ff82, 0x20058141, 0x270c8224, 0x05030005, 0x04050080, 0x7e220282, 0x21670106,
    0x04042407, 0x43076202, 0x29200701, 0x02232699, 0x82590402, 0x252c84fe, 0x59520204, 0x49821640, 0x1c1d002a, 0x0f10191b, 0x20052004, 0x032a3982,
    0x17090811, 0x2315012b, 0x30601335, 0x36373606, 0x14333536, 0x020e0706, 0x33161415, 0x0e173732, 0x82630102, 0x22cc872e, 0x8a342d6a, 0x340225e3,
    0x2afd7e7e, 0x3823cf87, 0x8b554a32, 0xff2b08e7, 0x002a00ff, 0x01ab00f0, 0x0207036e, 0x0000005e, 0xb10800f0, 0xf0b00100, 0x002b35b0, 0x00290001,
    0x012101bd, 0x000b00ad, 0x821c401f, 0x0100230f, 0xe3820059, 0x01026128, 0x51000100, 0x144b0001, 0x09032505, 0x22372b16, 0x24098f46, 0x434339a5,
    0x24038239, 0x343444bd, 0x82038344, 0x00013e57, 0x0178012a, 0x00d00282, 0x402c0011, 0x08090a29, 0x01050607, 0x0f10114a, 0x49000401, 0x22548202,
    0x82570100, 0x00012306, 0x5c83035f, 0x114f2408, 0x04121116, 0x132b1a09, 0x35233727, 0x17372717, 0x37071737, 0x07172315, 0x403d9927, 0x3d407272,
    0x833c3e3d, 0x3e3c3207, 0x61257801, 0x2661014c, 0x61266666, 0x25614c01, 0x216e8265, 0x6f820200, 0x4f01192d, 0x0300e101, 0x2a000700, 0x82022740,
    0x00012155, 0x00266282, 0x055f0100, 0x65830403, 0x04044f27, 0x07040000, 0x828a8204, 0x11032a26, 0x2b170606, 0x07333713, 0x2a038233, 0x5c643e2a,
    0x5b633f3d, 0x82c81901, 0x02002f00, 0x0000faff, 0xc6020402, 0x1f001b00, 0xff41a900, 0x28270805, 0x0102090e, 0x00020a0c, 0x6700010b, 0x04040106,
    0x080f4d34, 0x03020202, 0x0205075f, 0x4d370303, 0x0b020d10, 0x430b350b, 0x26200701, 0x21831683, 0x02030123, 0x883b9168, 0xa340202d, 0x0b382c28,
    0x4059594e, 0x1f00001e, 0x821c1d1e, 0x5e1b2095, 0x13210653, 0x26008811, 0x332b1f09, 0x85372337, 0x23d68503, 0x07230733, 0x23240383, 0x13072337,
    0x29331882, 0x500e4f20, 0x550d531d, 0x76215e21, 0x4f225e21, 0x831c510d, 0x205d2c0d, 0x76302176, 0x56ba771d, 0x82be56a2, 0x37068200, 0x01bababa,
    0x0000a210, 0x25000100, 0xb30192ff, 0x0300ee02, 0x14401700, 0x85251083, 0x01010102, 0x361b8276, 0x11030003, 0x2b170903, 0x01330117, 0x66280125,
    0x036ed9fe, 0x82a4fc5c, 0x82242033, 0x84b22033, 0x40112233, 0x210f820e, 0x2e828501, 0x10117628, 0x2b180902, 0x2e822305, 0xfe67b224, 0x2d8267d9,
    0x00ffff2f, 0x00f00012, 0x016e0193, 0xff5e0207, 0x0e9342e8, 0xf6ff2a2d, 0x8200ba00, 0x1a000b00, 0x42001740, 0x0023068d, 0x424e003e, 0x17200b8e,
    0x240a8e42, 0x27272172, 0x28038221, 0x1f1e280a, 0x1e1f2727, 0x065f4628, 0xe6284782, 0x26000102, 0x002c6f02, 0x6f246982, 0x7f012c00, 0x20065f46,
    0x0a5f467f, 0x5f212385, 0x24239734, 0x02f6ff2a, 0x828f824a, 0x23588247, 0x006f0227, 0x20055f46, 0x065f466f, 0x0221af84, 0x24af82c6, 0x402c0017,
    0x0b5a4629, 0x02030334, 0x02010561, 0x4e023e02, 0x00000c0d, 0x170c1113, 0x3d46170d, 0x28ce8a14, 0x07090351, 0x0408066c, 0x46d68626, 0xde200a4b,
    0x0228e189, 0x5eff2a00, 0x2e02ba00, 0x69317784, 0x5024b04b, 0x00164058, 0x61000101, 0x00000104, 0x0550463d, 0x03030022, 0x830a4f46, 0x02012918,
    0x00690100, 0x5f030202, 0x40211b86, 0x46168a19, 0x00210850, 0x054f4603, 0x00010f26, 0x0c0d1213, 0x20050744, 0x08d65405, 0xaf842320, 0x1e33152a,
    0x23151502, 0x36363435, 0x28078341, 0x06080447, 0x0209076c, 0x21a9872e, 0x094723de, 0x00002207, 0x21b38202, 0x634602f6, 0x00282205, 0x1163466c,
    0x03000523, 0x0b634605, 0x0405052b, 0x04010761, 0x4e043e04, 0x0c37461b, 0x5e462885, 0x2c268a07, 0x1e144059, 0x2400001d, 0x1e281d22, 0x26364628,
    0x460a7b41, 0x3520163e, 0x46068a41, 0xdb201844, 0x83089841, 0x825e20e3, 0x003e26e3, 0x0028000b, 0x05474472, 0x01072436, 0x01030105, 0x00800305,
    0x03010203, 0x01067e02, 0x05010000, 0x25058941, 0x04006204, 0xe1833904, 0x269a2920, 0x02040426, 0x02020059, 0x02332c83, 0x40595204, 0x010c0c17,
    0x0c280c00, 0x191c1e28, 0x41151718, 0x082905a0, 0x012b1609, 0x14151632, 0x05a04106, 0x44461720, 0x0790660d, 0x36363725, 0x86200135, 0x465620d3,
    0x31470c4d, 0x3e022108, 0xdb20d287, 0x460d5146, 0xff310969, 0x002a00ff, 0x01ba00e9, 0x02070375, 0x0000006f, 0x055b46f3, 0x35b0f323, 0x251b832b,
    0xab003401, 0x7746b201, 0x260b8205, 0x0100b109, 0x523401b8, 0xff21077b, 0x233b82fe, 0x0175018e, 0xff213b82, 0x243b8ed4, 0x002c0122, 0x832d82b2,
    0x01f8221b, 0x06f14936, 0x3b853620, 0x82010021, 0x01f53077, 0x00520179, 0x401e0003, 0x0100001b, 0x82570001, 0x5f01227f, 0x21098202, 0xa6444f01,
    0x3537290a, 0x012a1521, 0x5d5df54f, 0x37831482, 0x2702f622, 0xfd2337a9, 0x875c5cf6, 0x63032137, 0x032137a8, 0x23378839, 0x0502a4ff, 0x26248e84,
    0x446406b1, 0xb124ab9d, 0x17440006, 0xdb21af84, 0x0877885c, 0x2d03c62b, 0x1a008c01, 0x34403700, 0x01021819, 0x020a0b02, 0x4c020300, 0x01000200,
    0x69010203, 0x00000300, 0x03005903, 0x04610003, 0x310c8201, 0x16000151, 0x080e1014, 0x011a0006, 0x1606051a, 0xc979252b, 0x22232205, 0x052e4906,
    0x1e173808, 0x36323302, 0x02061737, 0x38382453, 0x214c2424, 0x322f512e, 0x27464a2d, 0x2f276746, 0x4a2a1a26, 0xc6703335, 0x14131c0e, 0x492c2c17,
    0x35142f2a, 0x26091614, 0x826a4a30, 0x00012ac5, 0x0192ff2c, 0x00ee0214, 0x17774109, 0x00092008, 0x09031409, 0x26172b17, 0x33373435, 0x17141506,
    0x5e8a8ab6, 0xd26e7d7d, 0xd8d2dcdc, 0x82d9d5d6, 0x01002746, 0x92ff0e00, 0x4784f600, 0x15401822, 0x00220f82, 0x0a4b5701, 0x00013306, 0x0210144f,
    0x172b1809, 0x34353623, 0x15163327, 0x3f826c14, 0x6e8a5e26, 0xd8d6d5d9, 0x40824582, 0x8a308783, 0xf1027d01, 0x3d001f00, 0x01163a40, 0x4c010201,
    0x042bfc82, 0x69040302, 0x01000200, 0x72010205, 0x1e2e133d, 0x0e0f101d, 0x0607080c, 0x011f0005, 0xb65d071f, 0x35352505, 0x16352334, 0x362d0582,
    0x26153333, 0x14151506, 0x16150706, 0x08078216, 0x1537162f, 0x5f554301, 0x555f6363, 0x433f4a3a, 0x3f422f2e, 0x4e63764a, 0x015f8053, 0x644e5380,
    0x322a035f, 0x09534955, 0x4a540902, 0x022b3254, 0x22d7845d, 0x875f018a, 0x01092397, 0x97840405, 0x0304022c, 0x04006902, 0x04010500, 0xed846905,
    0x21056549, 0x65490106, 0x1a1b2905, 0x12141819, 0x02031011, 0x17209787, 0x36209282, 0x37239383, 0x82262635, 0x07262407, 0x83323335, 0x15372293,
    0x21998222, 0x90824806, 0x2e304226, 0x3a4a3f44, 0x7624a084, 0x322b025d, 0x8c828682, 0x55495327, 0x5f032a32, 0x21a78264, 0xa7825f01, 0x00006331,
    0xff560001, 0x025b0192, 0x000700ee, 0x821f4022, 0x03022f0f, 0x00670201, 0x03000003, 0x03030057, 0x08825f00, 0x4f002008, 0x10111111, 0x2b1a0904,
    0x21112105, 0x33112315, 0xfbfe5b01, 0xa0a00501, 0x565c036e, 0x830050fd, 0x820e2047, 0x84132047, 0x40282247, 0x08825e25, 0x2608774f, 0x0301045f,
    0x824f0300, 0x0007222a, 0x374e8207, 0x2b190905, 0x11333517, 0x11213523, 0x01a0a00e, 0x02566e05, 0xa4fc56b0, 0x2a334b84, 0x44018eff, 0x05003503,
    0x1b401e00, 0x01020104, 0x484c0100, 0x053c0c6a, 0x03120500, 0x172b1706, 0x03331303, 0xb2b2dc13, 0x72b3b368, 0xd301d401, 0x2cfe2dfe, 0x00224282,
    0x43890001, 0x15401827, 0x00020205, 0x82438201, 0x82852048, 0x1276311e, 0x18060210, 0x1323172b, 0x91133303, 0x67b2b267, 0x1c823d87, 0xc1273b84,
    0x39033f01, 0x48000600, 0x34820eaf, 0x11210534, 0x14150621, 0xebfe3f01, 0x3f851501, 0xe5d77803, 0x338c00e4, 0x230f1749, 0x14060006, 0x3631ac84,
    0x21273435, 0x85852a11, 0xd83f1501, 0xfcd7e5e4, 0x25378388, 0x5901eb00, 0xeb823a03, 0x21402423, 0x21eb8203, 0xb5448602, 0x2120820a, 0x94824f01,
    0x1122f082, 0x7e820411, 0x2111372f, 0x2a112315, 0xebd92f01, 0xfe544f02, 0x201b8205, 0x24eb8201, 0x01590199, 0x20438ae8, 0x0f394385, 0x0133438b,
    0x33352111, 0xfe590111, 0xe801d9d1, 0x0154b1fd, 0x82fffffb, 0x028e2643, 0x00350303, 0x217f8326, 0x05820700, 0x3382bf20, 0x17880220, 0x00052908,
    0x401e000b, 0x05080b1b, 0x01000402, 0x01034c01, 0x85010001, 0x00000102, 0x12121276, 0x1a060410, 0x1323052b, 0x01133303, 0x50270585, 0x68b3b368,
    0x418efeb3, 0xfe210b5d, 0x05a3412c, 0x5782e082, 0x016e2708, 0x0052035d, 0xb3060007, 0x32010003, 0x1127052b, 0x11071737, 0xfb250117, 0xdddb38f9,
    0x2302e292, 0xfec43ddf, 0x8682c721, 0x8c010021, 0x8305202f, 0x2717382f, 0x37271137, 0x38621117, 0xf938dbdd, 0x01c73d92, 0xdf3dc4df, 0x8200ddfd,
    0xe90021b3, 0x24065341, 0x4035000b, 0x25408232, 0x05000405, 0xb8820067, 0x04032308, 0x03006701, 0x57030202, 0x02030300, 0x0201065f, 0x004f0203,
    0x090a0b00, 0x00060708, 0x11050005, 0x66410711, 0x33273808, 0x23353311, 0x8f2f012a, 0xdc8f4d77, 0xa05102e9, 0x01294ffe, 0x83004eb1, 0x9bff2563,
    0xec015901, 0x63843282, 0x00214882, 0x204c8203, 0x24aa8267, 0x04010504, 0x28188267, 0x00570500, 0x5f000505, 0x920b8200, 0x05864163, 0x1123172b,
    0x01331523, 0x8fd1fe59, 0x29648276, 0xaffdec01, 0x29b101a0, 0x65824ffe, 0xc12c6785, 0x39033e01, 0x0d000600, 0x26402900, 0x2607a143, 0x00030104,
    0x82570300, 0x07a34306, 0x0707072c, 0x180d070d, 0x06051011, 0xa5422b19, 0x26173106, 0x23373435, 0xfe3e0111, 0x851401ec, 0x99646437, 0x2605b042,
    0xcbc9c7ac, 0x8fe0fcc5, 0x402a235f, 0x55820027, 0x0300022f, 0x01020067, 0x00570201, 0x5f010202, 0x20098204, 0x23bf8201, 0x0708090a, 0x06268682,
    0x17060514, 0xcc42172b, 0x33272f05, 0x15162311, 0x85852a14, 0x98c61401, 0xd7426498, 0x032c2b06, 0xc9cbc520, 0xffff0000, 0x2f522a00, 0x06022305,
    0x0f865f02, 0x61016126, 0x27007c00, 0xb6230f82, 0x8301feff, 0x00fe2d17, 0x0100b112, 0xb0feffb8, 0x01b12b35, 0x00290886, 0x012c0002, 0x026301bb,
    0x27fb84d6, 0x050cb658, 0x01000102, 0x23061571, 0x00010312, 0x002e9882, 0x05076401, 0x02020306, 0x1b4e0234, 0x0b841b40, 0x85020022, 0x01291c82,
    0x03570001, 0x01000001, 0x2c268460, 0x15405950, 0x00000707, 0x0d070d07, 0x82c9820b, 0x11062e53, 0x18090811, 0x3307132b, 0x37352315, 0x2f068533,
    0x823832a8, 0x3732f33f, 0xd6023f81, 0xac6f7e9d, 0x21059452, 0x8b82ffff, 0x8b82ab20, 0xb784c620, 0x4802b824, 0xbf820701, 0x48020222, 0x0221b985,
    0x84b98648, 0x82002008, 0x222f8275, 0x84ae00bb, 0xb54423bb, 0xb8890105, 0x1d840e20, 0x03640123, 0x20b48601, 0x82098216, 0x09f443b2, 0x82006021,
    0x53af822d, 0xa5860c29, 0x99859e84, 0x00239385, 0x88c602ad, 0xb109238b, 0x9b820100, 0x28060b49, 0x002a0002, 0x0111024c, 0x2beb82dc, 0x4028000d,
    0x090a0d25, 0x06020306, 0x2907bd43, 0x03570100, 0x00010101, 0x6f82025f, 0x134f0031, 0x04101312, 0x252b1a09, 0x37352723, 0x85050733, 0x32013306,
    0x7c8c8c7c, 0x7d8b01ac, 0xac7d8c8c, 0xa34aa34c, 0x0483c8c8, 0xff000025, 0x822900ff, 0x820f205f, 0x0227245f, 0x82dd009d, 0x020623d7, 0xc782ff9d,
    0x01217783, 0x22778432, 0x821d4020, 0x45032072, 0x7182067c, 0x2409cb47, 0x09021013, 0x866d8718, 0x825f8466, 0x01002148, 0x2626438a, 0x04052340,
    0x04460301, 0x10cf4906, 0x06000631, 0x17090312, 0x2737372b, 0x07151733, 0x82abab2a, 0x844c20b1, 0x000035a5, 0x012c0002, 0x023d01b8, 0x000400c6,
    0x402b0009, 0x02010828, 0x05234883, 0x86030403, 0x34002dfa, 0x05054e01, 0x09050000, 0x06070905, 0x04222782, 0x4e820612, 0x35271324, 0x01820333,
    0x40071533, 0x59066214, 0x01156307, 0xfe51bdb8, 0x510e01f2, 0x05df41bd, 0x8e00b822, 0x05215782, 0x46e38200, 0xaa1806a3, 0x3c231ca2, 0x830f6210,
    0x2d3e8342, 0x37000100, 0xe001feff, 0x1900c702, 0x79546200, 0x22240805, 0x03040400, 0x0303005f, 0x01064d34, 0x5f020101, 0x02020105, 0x00004d37,
    0x08610700, 0x35070701, 0x401b4e07, 0x3825249f, 0x40594e07, 0x26338210, 0x11180019, 0x82232112, 0x09430803, 0x332b1d09, 0x37323335, 0x33352313,
    0x17363637, 0x22231517, 0x15330707, 0x06060323, 0x363f3727, 0x5a512007, 0x444f0706, 0x07365c64, 0x22a79d04, 0x5a454f07, 0x57230137, 0x01474332,
    0x29385901, 0x82d4fe57, 0x00270809, 0x56000500, 0x5b02a5ff, 0x15002503, 0x1e001900, 0x2b002200, 0x5c405f00, 0x00060105, 0x05021c1d, 0x08010b06,
    0x4f4c0305, 0x032305de, 0x82860302, 0x05063585, 0x00670600, 0x020a0c05, 0x08050708, 0x07010969, 0x59070202, 0x07240682, 0x040b6102, 0x02330b82,
    0x00232351, 0x232b2300, 0x2225272b, 0x191f2021, 0x82161718, 0x12152a5e, 0x0d11111c, 0x332b1a06, 0x23ba8211, 0x15161615, 0x2e07a75b, 0x23152323,
    0x35330335, 0x27340523, 0x82013615, 0x33470808, 0x32331523, 0x26343536, 0x6e4cba56, 0x4c3c4873, 0x01788656, 0x4e4e4e4c, 0x73730d01, 0x4e4ef3fe,
    0x4301019b, 0xc6024b4d, 0x6308605f, 0x0a4e3a59, 0x5d475708, 0x015b5b6c, 0x5968ce97, 0xfe0dca0d, 0x39dadabb, 0x82393533, 0x003e22b8, 0x0683572c,
    0x27402a27, 0x02030102, 0x29ce8201, 0x00850102, 0x86000300, 0x024f0200, 0x00602807, 0x50030203, 0x43121111, 0x013c062f, 0x21013301, 0xf2012115,
    0x01c9fe7d, 0xfafe7d36, 0x7bfc8703, 0x0137012c, 0x63fafe37, 0xbd0d3b58, 0xdf052357, 0x578e23fa, 0xbd06f358, 0x37082357, 0x578ecbf7, 0xca064208,
    0x0d009a02, 0x32403500, 0x04020108, 0x024c0101, 0x00010001, 0x02050685, 0x86030403, 0x04040100, 0x01005701, 0x00600401, 0x50040104, 0x0d000000,
    0x12110d00, 0x07121111, 0x252b1b09, 0x01330101, 0x21038221, 0x06822301, 0x41750121, 0x05210616, 0x099d5832, 0x01d2fa23, 0x59728605, 0xfe260765,
    0x050000fb, 0xf36a2a00, 0x0033320a, 0x004d003f, 0x1068406b, 0x0a09020b, 0x02090a02, 0x3f848280, 0x03010503, 0x05010769, 0x030e060f, 0x04050804,
    0x00080069, 0x0a08090a, 0x02010d69, 0x59020000, 0x022c0682, 0x010c6100, 0x51000200, 0x34354040, 0x2f05f06a, 0x4d404d40, 0x4647494b, 0x393b4244,
    0x3f353f34, 0x6a05e476, 0x11200bf6, 0x2022f66a, 0x0a115003, 0x0b8a3320, 0x9c5c0520, 0x26232605, 0x06222326, 0x20f86a07, 0x1e152024, 0x0382151e,
    0x0786b420, 0x12befe2e, 0x6c4a4a6c, 0x40104c11, 0x10412b2b, 0x2822fa6a, 0x14161e5f, 0x16141d1d, 0x2807871e, 0x59594bce, 0x30302d4b, 0x1243412d,
    0x6b004f2c, 0x010b6840, 0x040a0409, 0x42410a09, 0x05092b10, 0x0a006904, 0x02080110, 0x4341080a, 0x41412013, 0x4c290843, 0x4547494b, 0x414f4044,
    0x5343414f, 0x26220722, 0x09107618, 0x41020e21, 0x7a2f3044, 0x073d5c37, 0x344f0c48, 0x490c4f34, 0x415c3d08, 0x20083345, 0x365431f8, 0x33424233,
    0x00315436, 0x00080002, 0x02500200, 0x000f0048, 0x402c0012, 0x02011229, 0x07114401, 0x1a820220, 0x00573308, 0x5f000202, 0x02000103, 0x00014f00,
    0x06091011, 0x0e010f00, 0x2b160604, 0x35262233, 0x33363411, 0x15163221, 0x23061411, 0x69032125, 0x2a37372a, 0x05838601, 0x0167fe24, 0x0c88d6ab,
    0x372a7a26, 0x0073017c, 0x23084f82, 0x8eff2c00, 0xc6027103, 0x48003a00, 0xb04b9a00, 0x4058502d, 0x0a01230e, 0x06011604, 0x08013a0a, 0x1b4c0302,
    0x0323108c, 0x85594c03, 0x05263426, 0x0a000401, 0x690a0406, 0x0602090b, 0x08020103, 0x836a0206, 0x000830bf, 0x07070065, 0x01006101, 0x4e073401,
    0x882b401b, 0x02002528, 0x5a020603, 0x00242e83, 0x03060803, 0x59382d92, 0x3b3c1440, 0x483b4143, 0x2425483c, 0x24251325, 0x0c212726, 0x052b1f09,
    0x1806bf78, 0x200d466a, 0x06595206, 0x32333628, 0x33371716, 0x076e0607, 0x26342306, 0x0b832223, 0x32331627, 0x36322737, 0x05357336, 0x70081c82,
    0x6a880216, 0x59a8767b, 0x65a67842, 0x3260ac74, 0x3b2b3a58, 0x2d541809, 0x5f345e57, 0x11442c3f, 0x02115704, 0x39313004, 0xa76e969d, 0x718f9b5d,
    0x3a2dbf5e, 0x2938321d, 0x462e1e38, 0x73a2562c, 0x437ba966, 0x526ca058, 0x242b447b, 0x53653024, 0x21406e44, 0x16ce3a1c, 0x672d1236, 0x60938b5b,
    0x978b72ac, 0x472d9629, 0x2b423228, 0x41312b48, 0x08008200, 0x27000329, 0x7702f0ff, 0x1f00d602, 0x35002b00, 0xb04bca00, 0x40585010, 0x1a2f3011,
    0x13141617, 0x03040807, 0x0400011d, 0x8e1b4c02, 0x82022013, 0x85592013, 0x0018232c, 0x50410303, 0x064d2f05, 0x00040401, 0x02050261, 0x003b0000,
    0xb6541b4e, 0x891c2005, 0x0200231f, 0x24863502, 0x87010521, 0x822f2023, 0x001a2170, 0x9206bc6f, 0x8b402021, 0x8a38201c, 0x003e353e, 0x5959594e,
    0x2c2d1540, 0x352c0001, 0x2527352d, 0x0c0e1b1c, 0x230bb050, 0x37363634, 0x2c0b1d60, 0x17353617, 0x17070606, 0x06062723, 0x077a4103, 0x16141526,
    0x37363213, 0x09821282, 0x0e015b08, 0x3e1b7a6d, 0x63262235, 0x465e5958, 0x6b219150, 0x591f2702, 0x671e217e, 0x252b3342, 0x17292421, 0x103c2d26,
    0x3f2a30a1, 0x2e5b6310, 0x2b234247, 0x5b4f2f4a, 0x593b4757, 0x5b2db833, 0x246e3b0a, 0x1f19286a, 0x371fc701, 0x27232023, 0xfe331b22, 0xc9101475,
    0x2d2a3f21, 0x00820036, 0x0029a882, 0x02140200, 0x000f00c6, 0x05e7484f, 0x00001a2c, 0x00030203, 0x03008002, 0x4c7d0103, 0x04052805, 0x35020202,
    0x821b4e02, 0x181c95fa, 0x2c08b79d, 0x110f000f, 0x06112611, 0x212b1a09, 0x06145b11, 0x11213323, 0x39018223, 0x65420b01, 0x44693a38, 0x45620101,
    0x5b313301, 0x325a3e3d, 0x6d023afd, 0x828293fd, 0xff360038, 0x020102bf, 0x003000d6, 0x409d003e, 0x0701120a, 0x01012a04, 0x4f4c0206, 0x312b0806,
    0x07050400, 0x80070405, 0x05060700, 0x097e0607, 0x05010601, 0x007e0106, 0x01050201, 0x02007e02, 0x02000108, 0x05006600, 0x82610305, 0x053421b8,
    0x3720ac82, 0x0326339e, 0x03040500, 0x37826905, 0x59020027, 0x00020200, 0x3c448462, 0x1b405952, 0x00013132, 0x3e313739, 0x1d1f3e32, 0x16181a1b,
    0x03040608, 0x30013000, 0x7341180a, 0x34352c0c, 0x26262726, 0x26373637, 0x7e363435, 0x152709fc, 0x1e171614, 0x7d141502, 0xf7610c7c, 0x16910805,
    0x6b270116, 0x076d087e, 0x323c3a41, 0x59674e40, 0x58590101, 0x775e6376, 0x41086b0b, 0x32372b34, 0x2a5e4e42, 0x37272a52, 0x362c2b62, 0x2722442e,
    0x41401b38, 0x2d074f65, 0x1d1e2534, 0x4915102b, 0x2928533c, 0x5b554946, 0x2f2c0653, 0x211e1c25, 0x3f2b1111, 0x14214f2e, 0x442d2c3c, 0x283e0127,
    0x12261e22, 0x27161e2b, 0x03000019, 0xf4ff2c00, 0xd6020e03, 0x27001300, 0x69004500, 0x446406b1, 0x06005e40, 0x06070907, 0x09008009, 0x08090708,
    0x07b0477e, 0x0005002f, 0x07050607, 0x0c080069, 0x08020401, 0x139c7204, 0x2d05a947, 0x3d3f4142, 0x34353739, 0x45282f31, 0xa1474529, 0x090d280b,
    0x06b12b16, 0x7c054400, 0x9c72107d, 0x7d37200d, 0x9418095e, 0x33310a65, 0x17373632, 0x9d01020e, 0x3966864c, 0x4c866639, 0x05737c4d, 0x3a4d2a08,
    0x2d2d4e66, 0x3a3a664e, 0x2c2c4f66, 0x3b3e664f, 0x5b33335b, 0x3250323b, 0x36055804, 0x3f3f3225, 0x06372732, 0x51330558, 0x83358b0c, 0x54390845,
    0x3b684e2c, 0x2c4e673c, 0x3c674e2c, 0x2c4e683b, 0x3d5f354c, 0x28355d3e, 0x25052d46, 0x3b3b482e, 0x05293249, 0x002a4930, 0x002c0004, 0x025402ad,
    0x001300d6, 0x00310023, 0x072d4139, 0x06012c2f, 0x0c4c0108, 0x06050207, 0x02050602, 0x08174480, 0x0900042f, 0x69090408, 0x06000800, 0x67060805,
    0x05db480b, 0x02210682, 0x06557b00, 0x1524243f, 0x39000114, 0x24323437, 0x30312431, 0x272d2e2f, 0x141b1d25, 0x0b231523, 0x01130009, 0x072d4113,
    0x2d412520, 0x36362410, 0x45263435, 0x16310796, 0x32331127, 0x06141516, 0x27231707, 0x33351523, 0x081d8232, 0x01232334, 0x4b653940, 0x654b2b2b,
    0x4c633a39, 0x634c2b2b, 0x37613f3a, 0x3f3f6137, 0x61383861, 0x423a6a31, 0x46491e21, 0x1c2d2941, 0xad2d3a1e, 0x39654c2b, 0x26836439, 0x3939642b,
    0x3b2b4c65, 0x3b3b633c, 0x30028462, 0x01443c63, 0x1f2b322b, 0x727b082c, 0x1416a572, 0x0e0b4127, 0x36002e28, 0x55405800, 0xfd82010b, 0x41060521,
    0x082d0c00, 0x69080407, 0x05000700, 0x69050706, 0x0500410a, 0x02280682, 0x01096100, 0x51000200, 0x29050041, 0x2f313436, 0x2e242e24, 0xfe8d2b2d,
    0x16060c23, 0x20faa72b, 0x2bf7a623, 0x403b6a20, 0x2e2b3b40, 0x2e391e1b, 0x2d21f4a2, 0x20f1852f, 0x08ad8200, 0x67015621, 0xc6022d03, 0x14000c00,
    0x40404300, 0x0303080b, 0x4c010502, 0x0409080a, 0x05020503, 0x82068602, 0x050523e0, 0x07835700, 0x5f05002f, 0x00050107, 0x0d0d4f05, 0x140d0000,
    0x05b0670d, 0x3c820e20, 0x11120c36, 0x060b1112, 0x11012b1a, 0x33131333, 0x07352311, 0x21152723, 0x27080782, 0x11231521, 0x695ca301, 0x59455b6a,
    0xdafe594e, 0x6b1f016c, 0x5f016701, 0x1701e9fe, 0xf4f4a1fe, 0x1d01f0f0, 0xe3fe4242, 0x2a238b82, 0x18018d01, 0x2f07a348, 0x6406b139, 0x002e4044,
    0x02030001, 0x05690301, 0x82056641, 0x00022406, 0x82010461, 0x1151222c, 0x29c91810, 0x06b12311, 0x93604400, 0x32332307, 0xc9181616, 0xce230f2d,
    0x832d4a2d, 0x4b220802, 0x2d4b2c2c, 0x212f2f21, 0x012f3020, 0x2f4b2b8d, 0x2b2b4b2e, 0x4b2f2e4b, 0x242d542b, 0x242e2e24, 0x79822d24, 0xe001282a,
    0xc602ba00, 0x19000300, 0x10e7b918, 0x2f07555e, 0x07333713, 0x36662c28, 0xe6e6e001, 0x00ffff00, 0x01213382, 0x26338248, 0x00b20226, 0x82070000,
    0x828e2005, 0x00012807, 0x0092ff56, 0x59ee02bc, 0x172521ff, 0x56113311, 0x05a25e66, 0x3789e682, 0x2f000728, 0x00002c40, 0x61630104, 0x08f95c06,
    0x03010524, 0x38600302, 0x17092310, 0x4a82132b, 0x4e840320, 0x01666629, 0xfe63018b, 0x8307fe9d, 0x00002405, 0x82560001, 0x18f32004, 0x220ca77a,
    0x75020200, 0x01270597, 0x0101035f, 0x754d3701, 0x1820089d, 0x9b751a94, 0xef601808, 0x1b092208, 0xe455182b, 0xf2112e0a, 0x9d649c9c, 0x59bb019d,
    0xfe59b2b2, 0x22738a45, 0x47640013, 0x22310573, 0x0a000106, 0x08070209, 0x00670700, 0x4d340303, 0x22788205, 0x50045f02, 0x08260561, 0x4e083508,
    0x249f401b, 0x4e08382a, 0x00124059, 0x00130000, 0x21096860, 0x9618090b, 0x232313eb, 0x849c5635, 0x9d9d2594, 0xb759ab64, 0xb7289883, 0x00abab59,
    0x56000400, 0x31380482, 0x0900c602, 0x21001500, 0xbe002500, 0x01080a40, 0x01030005, 0x4c020408, 0x0805ab5e, 0x010c2924, 0x04010b06, 0x69040608,
    0x00000101, 0x07004d34, 0x00610507, 0x4d370505, 0x02080800, 0x0a090d5f, 0x30480403, 0x20de8505, 0x075c4627, 0x2e8e3890, 0x29a44020, 0x02382008,
    0x4059594e, 0x17222224, 0x000a0b16, 0x22252200, 0x1d232425, 0x1721161b, 0x0a0f1121, 0x82150b15, 0x110925bc, 0x090e1112, 0x0be9cd18, 0x0e4e2520,
    0x1827200a, 0x240a0e43, 0x15213507, 0x05ce1856, 0x18c12007, 0x2f0ebe88, 0x02210169, 0x02bdfdc6, 0x023afd43, 0xa8cafd36, 0x10cc8818, 0x5353ee23,
    0x28008200, 0x004e0002, 0x02180247, 0x337a8276, 0x40550013, 0x04010a52, 0x04060706, 0x010b8007, 0x86090809, 0xad422282, 0x002d0806, 0x03020503,
    0x00050067, 0x06050406, 0x08070067, 0x00570708, 0x5f080707, 0x08070800, 0x000a0a4f, 0x0a130a00, 0x10111213, 0x0c0d0e0f, 0x2cc9840b, 0x0c111111,
    0x132b1a06, 0x23153311, 0x20038315, 0x32098817, 0x8d96cd4e, 0x97cec58d, 0x2c018e8e, 0x5b344a01, 0x85e58734, 0x08938406, 0xb3ff2c2a, 0xc6023603,
    0x11000800, 0x3d404000, 0x01040102, 0x04000110, 0x03020111, 0x094c0305, 0x49020200, 0x04000100, 0x67040100, 0x05232f82, 0x57050003, 0x00380b7b,
    0x4f020302, 0x11121111, 0x06061311, 0x01052b1c, 0x35331501, 0x07211121, 0x3f080482, 0x35211523, 0xfea60107, 0x5b7a0186, 0x70fe3501, 0x878d0154,
    0x4db0fafe, 0x7a017b01, 0xcdfdfddf, 0x84016e16, 0x00b06dfe, 0x00330002, 0x02240247, 0x00060076, 0x4045000e, 0x03010342, 0x014c0104, 0x85217583,
    0x08878207, 0x02030624, 0x01088006, 0x00840606, 0x04030304, 0x04040057, 0x01055f03, 0x4f030403, 0x00000707, 0x0e070e07, 0x10560c0d, 0x122e0807,
    0x18060911, 0x3303132b, 0x03333717, 0x35231117, 0x11231533, 0x49386598, 0xc1653849, 0x015ef15e, 0xf94a012c, 0xe5b6fef9, 0x34341601, 0x5218eafe,
    0x1435086b, 0x1b00d602, 0xa3002100, 0x121f0c40, 0x1e000202, 0x03040213, 0x06594a02, 0x02002524, 0xeb820300, 0x67008021, 0x04210628, 0x06f64a04,
    0x05213f82, 0x07fc435f, 0x20050e60, 0x822c8f23, 0x010523c8, 0x2a8c6904, 0x8f284021, 0x02002425, 0x58590005, 0x2b880679, 0x4f050026, 0x0e405959,
    0x1b2c3a82, 0x17121b00, 0x07171114, 0x172b1b09, 0x0805204c, 0x3737365d, 0x16160733, 0x26260717, 0x36360327, 0x06061737, 0x14030723, 0x06061317,
    0x645709dc, 0x07486939, 0x624c0848, 0x2b066f0b, 0x3d2d1f21, 0x7e0d6f07, 0x558c085d, 0x0c3c381f, 0x6b901462, 0x04477a50, 0x610d5f5c, 0x3327064f,
    0x0493fe0a, 0x5c063639, 0x71015b6d, 0x6701258a, 0x8200600a, 0x2c35089f, 0x47024e00, 0x23006902, 0x6b003300, 0x11132040, 0x0304090b, 0x08141a00,
    0x03020402, 0x011b1d23, 0x03020104, 0x020a124c, 0x011c4a00, 0xb04b4901, 0x4058501b, 0x29148213, 0x01020100, 0x03030065, 0xb9826100, 0x4c033d21,
    0x00250514, 0x03000203, 0x231d8269, 0x59020101, 0x02220682, 0x27836101, 0xdf825120, 0x2d242527, 0x2533242b, 0x25a68233, 0x2b170905, 0xe0852737,
    0x17200782, 0x18059451, 0x2307bdb1, 0x27071707, 0x2224e582, 0x32372726, 0x080d0149, 0x5c396527, 0x12141411, 0x1a5c395d, 0x3d22213d, 0x5d395c1a,
    0x11141412, 0x195c395c, 0x3e21223e, 0x3d247819, 0x243d2525, 0x24028324, 0x1a5c384e, 0x2124833e, 0x3485385d, 0x1a5d3823, 0x2324823d, 0x5c385c1a,
    0x12273482, 0x253c242c, 0x85243c25, 0x005f0805, 0xff360003, 0x034d02a6, 0x00220020, 0x00310029, 0x2748404b, 0x0303131a, 0x1b262e01, 0x03000409,
    0x0402082f, 0x05010100, 0x004c0404, 0x01000103, 0x00800003, 0x00010400, 0x02007e04, 0x02050106, 0x01006305, 0x004d3401, 0x043e0404, 0x0000004e,
    0x19220022, 0x141a1114, 0x2b1b0907, 0x82263505, 0x16162cca, 0x022e3517, 0x37363435, 0x41153335, 0x305506d0, 0x03152206, 0x231c8214, 0x34010606,
    0x66082882, 0x01363615, 0x087b6922, 0x383f086d, 0x762b6251, 0x6a5d4c68, 0x33066c0a, 0x7b627d2c, 0x432ebd64, 0x2f013d34, 0x362f3112, 0x0c4f5a3c,
    0x3d076180, 0x14e50c4a, 0x56364832, 0x5b57066e, 0x0656790f, 0xd60e442e, 0x574a6520, 0x024d076b, 0x132c275e, 0xfe3604ca, 0x21281888, 0x3205d30f,
    0x00010000, 0x02f0ff36, 0x82d602bd, 0x4bdb29e3, 0x58501fb0, 0x04003a40, 0x043fbf82, 0x0b008002, 0x0b090a09, 0x0106800a, 0x01010702, 0x67010200,
    0x0e000108, 0x0b09020d, 0x4d670900, 0x4d2c0850, 0x0c0a0a00, 0x0c0c0061, 0x1b4e0c3b, 0x2005d645, 0x20418f38, 0x06514d00, 0x3f8a4995, 0x3ab54020,
    0x4e0c3e3e, 0x1a405959, 0x31000000, 0x2c2e3100, 0x24262829, 0x11142122, 0x23132212, 0x0f111411, 0x2605ea46, 0x37343526, 0x50333523, 0x172e05fc,
    0x23262607, 0x33070622, 0x15062307, 0x06821714, 0x33161622, 0x0805674c, 0x26222369, 0x51362726, 0x5b500102, 0x49765111, 0x104a6b41, 0x37500f71,
    0xdd125845, 0x0201de0b, 0x14bc0bd4, 0x523a4257, 0x480e730d, 0x7447466f, 0x4ceb1252, 0x11111615, 0x42764e4c, 0x0744683b, 0x4a594d3e, 0x1611114c,
    0x53454c15, 0x49064356, 0x713f3e6f, 0x0002004b, 0x02f4ff36, 0x00d60278, 0x002f0016, 0x0a0bb693, 0x5b010002, 0x313b0713, 0x09060a00, 0x80090a06,
    0x0b000103, 0x00070401, 0x07006704, 0x0a060108, 0x82670607, 0x079e6b25, 0x0509092d, 0x05010c61, 0x4e053e05, 0x872f401b, 0x245a8233, 0x01020001,
    0x8a3b9369, 0x40593431, 0x0017181d, 0x2a2c2d00, 0x21222328, 0x171e1f20, 0x822f182f, 0x15162b8c, 0x0d112425, 0x132b1a09, 0x50182135, 0x06240f21,
    0x01153307, 0x2505924d, 0x21352337, 0x0e522115, 0x36530806, 0x06061737, 0x18900136, 0x42343d3f, 0x80187316, 0x0a807062, 0xd9fe3c07, 0x073b6947,
    0x42023c05, 0x09076efe, 0x4f333641, 0x8e187a12, 0x184c8301, 0x373c2e23, 0x68590b33, 0x20125d6d, 0x71fe4c0b, 0x1339552e, 0x4c4c0b1d, 0x2910190b,
    0x082a3238, 0x82006254, 0x00022e00, 0x02000028, 0x00c602a1, 0x00190012, 0x054b4267, 0x07002328, 0x07000200, 0xdf826702, 0x0206092a, 0x04000504,
    0x08080067, 0x6c078945, 0x402005ac, 0x382325a0, 0x18594e05, 0x330caf63, 0x21241111, 0x1c090a11, 0x3335372b, 0x16322111, 0x23061415, 0x08054447,
    0x37352328, 0x34353233, 0x6e282323, 0x887a0901, 0xab9d7a88, 0x9a6c6cab, 0x729a9595, 0x7506024e, 0x4a776868, 0xfa72724e, 0xb2827a7d, 0x2105b349,
    0xb3827802, 0x4a001a32, 0x01014740, 0x4c010809, 0x02050300, 0x0a720305, 0x09290c82, 0x00040086, 0x05040305, 0x09fb4267, 0xbf820020, 0x82570021,
    0x6108263d, 0x08000800, 0x08098251, 0x1a001a26, 0x11131122, 0x11112111, 0x1f060b22, 0x3501212b, 0x21373233, 0x23262135, 0x15213523, 0x17161623,
    0x06231533, 0x3108a282, 0xfe760101, 0x177bcde0, 0x6001a1fe, 0x02cd7e15, 0x1c158822, 0x0e525205, 0x01446c86, 0x5f0b0126, 0x62574e55, 0x2135154e,
    0xfe5e554e, 0x020000f4, 0x04825600, 0x9f82ce20, 0x1b000d24, 0xad45a500, 0x00262205, 0x25b88205, 0x00800105, 0x4c4a0606, 0x4d342e05, 0x37000000,
    0x0101004d, 0x07096003, 0x49ab1808, 0x00282f0c, 0x06050600, 0x00800500, 0x05060105, 0x348b7e01, 0x40202f8d, 0x27082aa5, 0x594e0338, 0x0e184059,
    0x0e00000e, 0x1a1b0e1b, 0x11141518, 0x000d000f, 0x1121130c, 0x2b19090a, 0x11331121, 0x35363233, 0x31080682, 0x21230614, 0x16322111, 0x11231115,
    0x23232634, 0x61090111, 0x63211cc4, 0x1efe4551, 0x50452f01, 0xc41c2160, 0x30fe2702, 0x31021c22, 0x5145d0fd, 0x1982c602, 0x92016f26, 0x91fd221c,
    0x3620e282, 0x442bfb82, 0x2700d602, 0x01b5a300, 0x43070801, 0x28350770, 0x01040300, 0x80010304, 0x06010105, 0x01070001, 0x04006700, 0x07674304,
    0x08070725, 0x4b01095f, 0x8442055c, 0x87262005, 0x0200272f, 0x02030400, 0x378a6904, 0x40202d8b, 0x382128a3, 0x3dfe8308, 0x00000011, 0x13270027,
    0x13221511, 0x0a171126, 0x332b1e09, 0x35363635, 0x23272634, 0x58183335, 0xa8440999, 0x14152106, 0x08060142, 0x1521073f, 0x023c3937, 0x0d617202,
    0x40633911, 0x0937644b, 0x283f0b7a, 0x0c113e33, 0x2e019ea9, 0x5c94013c, 0x093b5e20, 0x274c0a13, 0x5a391e43, 0x33533134, 0x402e2d07, 0x263c1832,
    0x1d67514c, 0x30768265, 0x00faff01, 0x02590200, 0x001800c6, 0x010ab56b, 0x4f7f1802, 0x21230808, 0x06020105, 0x02000101, 0x01076801, 0x020a0b00,
    0x08000908, 0x03010467, 0x004d3403, 0x09350909, 0x9e401b4e, 0x5aa31823, 0x00182708, 0x11161718, 0x02831112, 0x0c112122, 0x21058345, 0xdc823535,
    0x1333032a, 0x33033313, 0x15072315, 0x25080482, 0x5d352315, 0xc8659696, 0x7cb4b37c, 0x01ce9ec9, 0x886ccfcf, 0x52014352, 0xc3fe5601, 0xaafe3d01,
    0x52430152, 0xb6828888, 0x01002508, 0x33002800, 0x15020a02, 0x27000b00, 0x01032440, 0x00010401, 0x67000105, 0x05050106, 0x02005f02, 0x4e053702,
    0x6e4d2882, 0x8337200b, 0x33352170, 0xeb266884, 0xc35cc3c3, 0x048333c3, 0x82c35c21, 0x224f8327, 0x68e801f6, 0x062c2003, 0x35372b17, 0x01281521,
    0x5c5cf6c0, 0x4b303786, 0xfe01db01, 0x06000b00, 0x010309b3, 0x37372b32, 0x2a05ed6e, 0x07270717, 0x41989828, 0x82419998, 0x98992805, 0x4298988c,
    0x82429999, 0x9898230b, 0xbf820300, 0xfc012724, 0x37822102, 0x1b000f2a, 0x38403b00, 0x01070200, 0x3d06f74b, 0x05040108, 0x01066504, 0x61010000,
    0x3d010100, 0x10114e00, 0x00010c0c, 0x1b101517, 0xa5721b11, 0x05072a05, 0x0b010b00, 0x2b160909, 0x0ab44c01, 0x9c820520, 0x0f8a0720, 0x20120125,
    0x82202626, 0xf6fe2403, 0x86ead401, 0x99012d0b, 0x271d1e26, 0x261e1d27, 0xd05a5aa2, 0x0f830783, 0x82020021, 0x01902793, 0x00c201f8, 0x3f4f0003,
    0x83798232, 0x01282e7d, 0x0130fed0, 0x5c6601d0, 0x5c5cd65c, 0x06234100, 0xf801203f, 0x13003202, 0xb04b7200, 0x4058500c, 0x0203002a, 0x00700302,
    0x08070708, 0x02010471, 0x05684205, 0x00010626, 0x57000707, 0x002c0682, 0x090a5f07, 0x07000702, 0x28401b4f, 0x03212c82, 0x212b8285, 0x2a9d8608,
    0x2712d94e, 0x372b1f06, 0x23373335, 0x33240382, 0x23153307, 0x232a0384, 0x24ab2837, 0x5621eacf, 0x07879021, 0x5c7a5c24, 0x04847070, 0x01000033,
    0x1d003200, 0x2702fa01, 0x06000600, 0x010004b3, 0x32438232, 0x05352525, 0x71013215, 0xc8018ffe, 0xa2a2631d, 0x8278c963, 0x202b82da, 0x202b8228,
    0x202b86f0, 0x822b8303, 0x15252929, 0xf0010505, 0xc80138fe, 0x71242e82, 0xc978c91d, 0x00213182, 0x24578202, 0x02fc0100, 0x2957822e, 0x4028000a,
    0x04050625, 0xf2820203, 0x624a0021, 0x5f300938, 0x00010102, 0x07074f01, 0x0a070a07, 0x17060318, 0x01227b87, 0x7f822135, 0x8cfe7422, 0x382d5482,
    0x6177ca01, 0x9e627a7a, 0x55ebfe7b, 0x22878355, 0x82280002, 0x86f22043, 0x4022225b, 0x215b871f, 0x45664a01, 0x1711250f, 0x2b180602, 0x1525a586,
    0x01213521, 0x24a984f2, 0xfe73018d, 0x27588236, 0x629e7b9e, 0x55d87a7a, 0x5383af82, 0x3d02f626, 0x0f000b00, 0x2007e160, 0x096a431f, 0x0802002e,
    0x02060501, 0x06006705, 0x095f0706, 0x9c07de60, 0x07382521, 0x1640594e, 0x200d6b75, 0x22008311, 0x821b090a, 0x352322e9, 0x06a04333, 0xee820520,
    0xb9b9e131, 0xfeb9b95c, 0x77ce01eb, 0xb5b55bb6, 0x8377b65b, 0xffff21ec, 0x7f2ceb82, 0x1b02e301, 0xd2022602, 0x06019200, 0x6e280582, 0x00b11100,
    0x92ffb801, 0x2105c363, 0x4b6c6eb0, 0x00282e08, 0x01e301ed, 0x001800ad, 0x6406b16d, 0x05f54644, 0x01051b37, 0x04010003, 0x00690103, 0x04000004,
    0x04040059, 0x06026200, 0x340d8202, 0x29401b52, 0x01030500, 0x80010503, 0x00040200, 0x80000204, 0x822c8800, 0x392c8521, 0x04000106, 0x40595200,
    0x16000113, 0x0e121415, 0x08090a0c, 0x01180006, 0xdf560718, 0x22252906, 0x022e2726, 0x23152223, 0x0805f657, 0x3316162e, 0x14333532, 0x225d0106,
    0x15131c2b, 0x58320a10, 0x2d243c49, 0x12181919, 0xed495831, 0x15172119, 0x65526205, 0x111f1f1c, 0x00645362, 0x01200082, 0x4224e782, 0x4101d001,
    0x22081368, 0x41860200, 0x27820fcd, 0x05000538, 0x09041111, 0x35252b18, 0x15213521, 0xabfe7d01, 0xac42a801, 0x1b82ff53, 0x01294382, 0x028e017f,
    0x000600a1, 0x25ff8327, 0x01051c40, 0x8a690001, 0x02032506, 0x76010102, 0x310bcc77, 0x440006b1, 0x13331313, 0x28072723, 0x5b787678, 0x3e825858,
    0xdefe2227, 0x0000d0d0, 0x378f8203, 0x0118035c, 0x001b00c2, 0x00320027, 0x304a404d, 0x040b191f, 0x4c010504, 0x072f4782, 0x01040501, 0x060a6905,
    0x00040309, 0x84590400, 0x00042908, 0x02080361, 0x51000400, 0x08965618, 0x32293236, 0x271c2123, 0x1517271d, 0x07090d0f, 0x1b011b00, 0x2b16060b,
    0x220aef57, 0x54363617, 0x2332078f, 0x06272622, 0x36322706, 0x23262637, 0x14150622, 0x18472116, 0x26700805, 0xd7161607, 0x2e2e4f32, 0x653f324f,
    0x445c2826, 0x2a2d4f33, 0x613d364e, 0x2f68242b, 0x1b1b4d28, 0x3129294c, 0x299f0131, 0x55292f2f, 0x5c4c1e3e, 0x3537512b, 0x393d2d51, 0x51303a3c,
    0x30513232, 0x3c3a4333, 0x2c2d3056, 0x2c273631, 0x26360131, 0x02013526, 0x00312b60, 0x00010000, 0x016aff04, 0x00c6028e, 0x402b0012, 0x00020028,
    0x03020103, 0x210bd96b, 0x24820104, 0x0001512d, 0x090b0c0e, 0x12000204, 0x82051201, 0x231723c1, 0xa8823337, 0xbd821320, 0x07332808, 0x03072223,
    0x3c400606, 0x1e1a2f09, 0x4f084003, 0x2b093c44, 0x07410638, 0x175a964e, 0x43420220, 0xfd375a46, 0x434643be, 0x142405bb, 0x76020000, 0x05326f82,
    0x31000800, 0x01082e40, 0x4c010002, 0x02020104, 0x19824b01, 0x00850022, 0x0809c867, 0x0101032d, 0x004f0102, 0x00060700, 0x12050005, 0x2b170604,
    0x33133533, 0x21251513, 0x79f51403, 0x01fefdf4, 0x025dd1a3, 0x5d97fd69, 0x8211025d, 0xff0c24a6, 0x8261026a, 0x000b2a5b, 0x0627402a, 0x00030205,
    0x0b444203, 0x82020421, 0x8200206b, 0x47002050, 0x0623082a, 0x56172b1b, 0x233b068b, 0x7b112311, 0x6c55026f, 0x0296b065, 0xfd5e5efe, 0xfdfe0202,
    0x00000002, 0x821c0001, 0x84fd2004, 0x40372557, 0x02020834, 0x4c20a282, 0x9e829c82, 0xb4820220, 0x77550020, 0x0104240f, 0x86030203, 0x11122566,
    0x19060514, 0x0335b783, 0x21152135, 0x15210313, 0x01acac1c, 0xaf8ffee1, 0x637101af, 0x265d8201, 0x00ff6363, 0x826300ff, 0x82162009, 0x829620bf,
    0x00083267, 0x032f4032, 0x01000301, 0x0200004c, 0x03000203, 0x21538280, 0x69828403, 0x57010223, 0x24778200, 0x0102005f, 0x25628302, 0x11080008,
    0x62831112, 0x03172f08, 0x21131333, 0x99032315, 0x985f6483, 0xa3d32501, 0xfeea0196, 0x5adc0296, 0x0200fefc, 0xf5ff2a00, 0xd502f001, 0x23001600,
    0x39403c00, 0xc082010a, 0x0d0e4c26, 0x004a0102, 0x08194a57, 0x01171824, 0x171d1f00, 0x08231823, 0x01160006, 0x16060616, 0x2622052b, 0x36363435,
    0x17163233, 0x37272626, 0x4b57031e, 0x51591806, 0x013b0809, 0x36746705, 0x45284161, 0x838a1a1c, 0x55916d16, 0x456a3c23, 0x43223d28, 0x3a423d3c,
    0x486d820b, 0x161c3b6c, 0x5917685c, 0x97754e12, 0x427e5b59, 0x45502252, 0x4a53443f, 0x8200534a, 0x00013500, 0x016aff4b, 0x001402ff, 0x40820013,
    0x01010e0b, 0x124c0100, 0x4b29af82, 0x5014b04b, 0x02184058, 0x07b44b01, 0x0104612c, 0x4d350303, 0x05050106, 0x864f0539, 0x861c2007, 0x2819831f,
    0x04010100, 0x04040061, 0x2023883e, 0x211e8940, 0x1e904d38, 0x2d068052, 0x22130013, 0x11231311, 0x2b1b0907, 0xd7181117, 0x23370a6c, 0x22230627,
    0x6a4b1527, 0x413a3332, 0x2b01636a, 0x961f2676, 0x18feaa02, 0x210a65ab, 0xc382960c, 0x2a000537, 0x0003f8ff, 0x0b00ce02, 0x1b000f00, 0x33002700,
    0xb04bd600, 0x08be821e, 0x010c2c26, 0x00010a04, 0x69000407, 0x09000700, 0x6a090708, 0x01050500, 0x01010261, 0x0e4d3401, 0x03080801, 0x0b060d61,
    0x200c8b4c, 0x22339234, 0x18340202, 0x230893a4, 0x010b4d34, 0x3d83ee83, 0x0d61062a, 0x3e060601, 0x401b4e06, 0x382036a5, 0x36887484, 0x40595927,
    0x1d28292b, 0x0586491c, 0x5b182f20, 0x92490a5b, 0x090f2411, 0x49132b16, 0x03240a82, 0x03013301, 0x490a4b56, 0x63560bae, 0x45c8370b, 0x45455959,
    0x01945858, 0x1cfe54e4, 0x27272505, 0x26262625, 0x1684c001, 0x0c821a82, 0x14822620, 0x596e0125, 0x83595757, 0x92fe2b03, 0x3afdc602, 0x3538b101,
    0x03833835, 0x8747fe21, 0x87432019, 0x07002712, 0xf8ff2a00, 0x73417604, 0x003f240c, 0x41f8004b, 0x32240577, 0x0e040110, 0x28057741, 0x0d070109,
    0x070a0b01, 0x0b79410b, 0x130c1431, 0x030a0a03, 0x11081261, 0x03050f06, 0x42033503, 0x3a200750, 0x7f413994, 0x010f210d, 0x4d203182, 0x06204385,
    0x03204383, 0xa7068341, 0x9138203c, 0x5959233c, 0xcc643b40, 0x078d4105, 0x40454725, 0x644b414b, 0x5e460bcc, 0x0f2c4b07, 0x99411520, 0x4121202a,
    0x25200ac1, 0x200abd41, 0x410b8a21, 0x01211eb1, 0x06ba4131, 0x4145fe21, 0x9b2007bb, 0x412ac441, 0xd44110cc, 0x00003208, 0x2c000100, 0x9a020000,
    0x0800c602, 0x18401b00, 0x05ee4907, 0x4a000727, 0x00000101, 0x08208276, 0x08000827, 0x2b160602, 0x35011121, 0x01150101, 0xfe2f0111, 0x013701fd,
    0x02fdfe37, 0x7dfdfe16, 0xc9fe3601, 0xfd02017d, 0x202a82ec, 0x2b4b8201, 0x024602ae, 0x000800ca, 0x081c401f, 0x00214c83, 0x0f684849, 0x11112608,
    0x2b180602, 0x37210137, 0x03071105, 0x7a012c01, 0x015891fe, 0xfe0158b7, 0x7a01f788, 0x48fe0159, 0xfe6e0158, 0x244f8687, 0x02f2022d, 0x2f4f829b,
    0x072d4030, 0x01010001, 0x0102004c, 0x01048502, 0x830e7d46, 0x07b145c8, 0x05111131, 0x252b1906, 0x21352101, 0x01013301, 0x82013e01, 0x29ac889e,
    0x6803012d, 0xc9fe0301, 0xfb84c9fe, 0x48020424, 0x5f821e02, 0x1d402022, 0x0520fa84, 0x820c434b, 0x4f012322, 0xb0841016, 0xf5822520, 0x03171124,
    0x9d833721, 0xa9854920, 0x01015c2b, 0x86fe4978, 0xfe586f01, 0x0d4b4149, 0x12401522, 0x0323ff84, 0x82000702, 0x7600311a, 0x17060110, 0x1133012b,
    0x01011501, 0x2f010135, 0x01278486, 0xfdc60203, 0x6a0201ec, 0xfd20062d, 0x9786f682, 0x97844720, 0x24402723, 0x22988307, 0x7d4a0105, 0xf08b0c1c,
    0x59820320, 0x2107253b, 0x01113703, 0x3d020117, 0x0148fe58, 0x497a0158, 0x585c88fe, 0xfe58b701, 0x410b8491, 0x2a200e4f, 0x301bd36a, 0x0203005f,
    0x11114f03, 0x06041012, 0x23252b1a, 0x06d36a01, 0xa587e020, 0xfd160224, 0x05422dec, 0x85682005, 0x02ae24f7, 0x41ca0247, 0xf7820547, 0x05000123,
    0x20f58201, 0x079f6d01, 0x00010038, 0x12114f01, 0x2b180602, 0x25112737, 0x07012117, 0x01598501, 0x9c8559b7, 0x58b9872b, 0x5901b801, 0x014986fe,
    0x37a78779, 0x9b02ef03, 0x2f000d00, 0x02092c40, 0x01020502, 0x0101034c, 0x04850102, 0x00305a82, 0x05020086, 0x00570205, 0x5f050202, 0x05020500,
    0xac835a82, 0x1c060622, 0xb082ac87, 0x01230124, 0xb1890121, 0xfcfe6422, 0x2206ac42, 0x86a0fd03, 0x050742bb, 0x85030121, 0x54ff2573, 0x17039a02,
    0x06287382, 0x01050cb3, 0x01132b32, 0x2308f342, 0x2c010115, 0xf8422c82, 0x08368606, 0xfdfe0847, 0xfdfe6102, 0xfe37017d, 0x04017dca, 0x04019bfd,
    0x01cafe7d, 0x00010037, 0x02ab002c, 0x00d6015e, 0x4048001e, 0x02181945, 0x011c0102, 0x011b0204, 0x4c030400, 0x4a03011a, 0x04010200, 0x80040201,
    0x01000300, 0x0c3c4c02, 0x82056121, 0x51003024, 0x14160001, 0x0a0b0e10, 0x1e000608, 0x77061e01, 0x23260da0, 0x3233023e, 0x5c561716, 0x273f0805,
    0x06271737, 0x15730106, 0x08082830, 0x24131a14, 0x31085a0b, 0x3e2d2344, 0x18180508, 0x50102613, 0x1e5516db, 0x2f13ab4f, 0x222d2e29, 0x27442c1f,
    0x2c25373e, 0x662f1d23, 0x383131f3, 0x82020000, 0x029e24ab, 0x82240271, 0x000a328a, 0x0637403a, 0x05000201, 0x04020301, 0x03030101, 0x2020834c,
    0x200a8385, 0x0af26c01, 0x25051e42, 0x090a0000, 0x36820708, 0x0511032a, 0x372b1706, 0x37113311, 0x21378c82, 0x512c2115, 0x01c7c8eb, 0xf7fe0901,
    0xfe86019e, 0xa7a71c7a, 0x8200587b, 0x2e6b8d00, 0x092f4032, 0x0a010301, 0x04030201, 0x82020001, 0x250d826b, 0x02000085, 0x93738600, 0x2418820a,
    0x12114f02, 0x06894211, 0x01331124, 0x01822135, 0x7102172b, 0xc4fe5151, 0x0a01f7fe, 0x246483c7, 0x7b587b96, 0x216282a7, 0xcf820100, 0x02752b08,
    0x009e0265, 0xb568001a, 0x02050102, 0xb04b4c01, 0x4058500b, 0x03010025, 0x72010202, 0x05050000, 0x04007100, 0x04010300, 0x49426703, 0x00602609,
    0x50050205, 0x2327851b, 0x80020103, 0x8a822882, 0x59282796, 0x21260940, 0x10122126, 0x2c057442, 0x07333727, 0x36363233, 0x26263435, 0x20a08223,
    0x05056132, 0x23232c08, 0xa8744801, 0xb97c75a6, 0x24243e26, 0xd9fe263e, 0x663f2701, 0x3f663c3c, 0xa7a875b7, 0x2339227b, 0x58223924, 0x3c3c6239,
    0x8c003961, 0xb56f23bb, 0xa1820119, 0x262abb86, 0x03020400, 0x06720403, 0x95820501, 0x29827120, 0x77040221, 0x60240c99, 0x00030000, 0x2884bc82,
    0x03040223, 0x21298380, 0x28978605, 0x0e405929, 0x1a000000, 0x83111a00, 0x060725c4, 0x37252b1b, 0x08866218, 0x21152122, 0x2b05a369, 0x27333316,
    0x01071733, 0x3eb87b49, 0x3e24b483, 0xdafe2701, 0xb836c885, 0xa8a6757b, 0x61397c75, 0x39623c3c, 0x24392258, 0x7b223923, 0xc385a8a7, 0x6a02002d,
    0x08006802, 0x29402c00, 0x82020101, 0x02013313, 0x01024c02, 0x01004a00, 0x00860102, 0x00020200, 0x06820057, 0x005f2b08, 0x4f020002, 0x03131111,
    0x132b1906, 0x21153727, 0x21112311, 0x01cdcefa, 0xebfe5c71, 0xabab1201, 0x0115fe7d, 0x0001008f, 0x538a002c, 0x45820520, 0x82010621, 0x044c2445,
    0x424a0101, 0x61820530, 0x220bbb4b, 0x83101114, 0x82332053, 0x1737304e, 0x88213507, 0x0170015c, 0xecfececd, 0x827deb01, 0x837c8255, 0x025e2453,
    0x85c6026a, 0x820020a7, 0x84012053, 0x01022353, 0x0d834900, 0x9c828520, 0x57020022, 0x00216682, 0x8763835f, 0x17012aa7, 0x11212707, 0x01211133,
    0x26a8829c, 0x015c90fe, 0x82b40114, 0xeb012353, 0x4f4771fe, 0x026d2208, 0x050b45c5, 0x00010325, 0x4d860001, 0x5a830a76, 0x11274a82, 0x1a060411,
    0x8227212b, 0x21353447, 0xc6011711, 0x92fe7ba7, 0xc97bc601, 0xfe58a401, 0x84000104, 0x2a9f8cf3, 0x01080100, 0x4c020002, 0x82020107, 0x0100229f,
    0x11474185, 0xf3831120, 0x84071321, 0x1532089d, 0x0101fa27, 0x8ffe5c15, 0x7db401cd, 0x15fe8f01, 0x0200ab7d, 0x00001400, 0xd5022503, 0x0d000600,
    0x31403400, 0x0402030b, 0x0401054a, 0x03000101, 0x0a770004, 0x0c0d2513, 0x0708090a, 0x30082f82, 0x07111206, 0x332b1806, 0x01012311, 0x33251123,
    0x07273311, 0x01d6ea33, 0xd4880189, 0x65b6f1fe, 0x0165c0c0, 0xfe87014e, 0x58b2fe79, 0xc0c04801, 0x28008200, 0x002c0001, 0x02880112, 0x253f82b6,
    0x0103b336, 0x34514a00, 0x010d2205, 0x228b8201, 0x61010385, 0x402105b6, 0x230f890b, 0x0b405976, 0xe1183982, 0x3735089b, 0x17372311, 0x7ba71123,
    0x127aaeae, 0xd2d1d301, 0x00002efe, 0x25578201, 0x022f02c7, 0x278200c9, 0x06b32108, 0x2b320103, 0x25270113, 0x2c012703, 0x01564a01, 0xfe561a0f,
    0x011001b6, 0xfe18574a, 0xb6fe57f1, 0xbd242f84, 0x1902d002, 0x26232f82, 0x82032340, 0x4c01226e, 0x218e8202, 0xa5460104, 0x10142d11, 0x2b180902,
    0x17352113, 0x2c213507, 0x01217285, 0x847f839e, 0x02042347, 0x7582022e, 0x85060021, 0x37252277, 0x22018201, 0x821f0113, 0x83492067, 0x561e2971,
    0xfe494901, 0xf1fe57b6, 0xff89a785, 0x49207582, 0x23050c5d, 0x0202030d, 0x86274c82, 0x34010100, 0x821b4e01, 0x000123f1, 0x14838501, 0xff890020,
    0x04121122, 0x25338782, 0x11332707, 0x88011133, 0x677baeae, 0x01d1d2e4, 0x842efed3, 0x88032087, 0x38c48287, 0x05252b32, 0x17011713, 0xfe3b0101,
    0x015718f1, 0xb7fe494a, 0x0f011a1d, 0x85098356, 0x82c020ff, 0x851c20ff, 0x880120ff, 0x478082ff, 0x132011a5, 0x3727ff83, 0x21153727, 0x85fe2115,
    0xadc02471, 0x85677baf, 0x82c620cf, 0x82c82077, 0xb3063147, 0x32010105, 0x0503132b, 0x01070107, 0x0f011945, 0xb6257684, 0x0f01b901, 0x050c4118,
    0xa82ca784, 0x05022303, 0x29000900, 0x01062640, 0x82056d75, 0x074a23fc, 0x7a410200, 0x367a8912, 0x35071735, 0xd2d1fd21, 0xd1d25301, 0xaea8abfe,
    0xaf7b7baf, 0x84007bae, 0xe4ff2583, 0xdb028901, 0x23265382, 0x01062040, 0xce824a01, 0x82024921, 0x85013804, 0x00020304, 0x00007600, 0x09000900,
    0x05121112, 0x252b1909, 0x42332707, 0x01210543, 0x20418289, 0x2049827b, 0x825687b5, 0x01002f28, 0xf4ff2c00, 0xd6021e03, 0x18001300, 0x0f821540,
    0xc77a0120, 0x00012105, 0x20053869, 0x12087203, 0x50a50129, 0x39396789, 0x86508967, 0x370c3207, 0x51508663, 0x37376387, 0x50518763, 0x00376386,
    0x22578a02, 0x67310023, 0x15241c53, 0x1d000114, 0x180aab69, 0x60148961, 0x82900ea5, 0x83515026, 0x51834c4c, 0x8e900584, 0x7f495732, 0x49805251,
    0x51528049, 0x1000497f, 0x05002c00, 0xe52af382, 0x0f000700, 0x1d001700, 0x11822400, 0x00329908, 0x003e0038, 0x004c0045, 0x005a0053, 0x00690062,
    0x407c0071, 0x11141b79, 0x06010b0f, 0x35360001, 0x2c2e3031, 0x21222829, 0x151a1d1f, 0x6e01020e, 0x5a5c5f67, 0x51525657, 0x494a4c4e, 0x3e404344,
    0x6f030411, 0x04606669, 0x4c040405, 0x4a00010c, 0x01020106, 0x03020103, 0x04030080, 0x7e040301, 0x01000000, 0x69010002, 0x05050400, 0x04005904,
    0x07610504, 0x05040501, 0x336a6a51, 0x6a716a33, 0x3c6b6c71, 0x3338333b, 0x08131138, 0x012b1806, 0x33363627, 0x17062215, 0x2006d960, 0x290f8205,
    0x06061737, 0x37272605, 0x0d821716, 0x0d830c85, 0x05210e87, 0x251a8234, 0x35260515, 0x20831437, 0x21823620, 0x3d840520, 0x20820d89, 0x1b832d84,
    0x85070621, 0x3517221c, 0x080e8432, 0x0f6b0163, 0x0f132412, 0x1d0d971c, 0x24130d0f, 0x2bd2fe11, 0x1d11210f, 0x6b011a0e, 0x1e291817, 0x4103fe1c,
    0x0b371b14, 0x05040212, 0x0b3f0810, 0x80fd0713, 0x480f064c, 0x074d020c, 0x16fd084c, 0x02074d08, 0x08064782, 0xfd064c02, 0x08130a5f, 0x02110b48,
    0x120a3601, 0xfe144108, 0x351c1e10, 0x010d160b, 0x204d8231, 0x2055820b, 0x265e82e1, 0x331f1a1c, 0x820f1c0f, 0x02560873, 0x04034b93, 0x060c034d,
    0x044c0307, 0x406b0709, 0x4707110b, 0x15230e06, 0x1a13410f, 0x1b1e2b6f, 0x34160b36, 0x2e0b190d, 0x6311200f, 0x1d21260e, 0x1b1f4b1b, 0x57242510,
    0x20012425, 0x0e1d491a, 0x260e0e1c, 0x10210f6f, 0x5a171a1f, 0x0d150c36, 0x13531e2b, 0x7a82381a, 0x46825a20, 0x0a400824, 0x56822411, 0x060a4826,
    0x02034d4c, 0x00386a82, 0x2c000200, 0xfc010000, 0x05008402, 0x21000900, 0x08091e40, 0x05010407, 0x1808d155, 0x2007c747, 0x065c7f05, 0x03332108,
    0x03133313, 0x27371703, 0x7ea9a9d5, 0x7fbea9a9, 0x42017f7f, 0xbefe4201, 0x4201befe, 0x00f1f1f1, 0x00274e82, 0x03000014, 0x82c60247, 0x4015245d,
    0x4e010112, 0x02320945, 0x06020200, 0x01332b16, 0x99011401, 0xc6029a01, 0x2f833afd, 0xffff5626, 0xc8021c03, 0x06212f82, 0x2c7a82b3, 0x11172b32,
    0xc6025601, 0xfec90201, 0x211f829c, 0x4f82faff, 0x4f842d20, 0x0c400f25, 0x4d000102, 0x03270949, 0x03060121, 0x8566fe33, 0x252b8249, 0xffff1600,
    0x4b86dc02, 0x0100022b, 0x01052b32, 0xfddc0201, 0x234e823a, 0x64016501, 0xff469f82, 0x269f8505, 0x40240005, 0x53010521, 0x002305a1, 0x7a005701,
    0x002409fb, 0x00030400, 0x0320b082, 0x2522b085, 0xb3840321, 0x0169fd24, 0x6e83fffb, 0xbd015d23, 0x891f8200, 0x000528bb, 0x0305b508, 0x84020001,
    0x250522bf, 0x25c28225, 0xac0191fd, 0xc88454fe, 0xd7d8d822, 0xcb8a2f82, 0x23000526, 0x02042040, 0x300d0145, 0x00010102, 0x03034f01, 0x05030503,
    0x17060310, 0x22e1822b, 0x84131303, 0xfcfd21e4, 0x02237884, 0x8543fe69, 0x83eb897b, 0x0304227b, 0x257b8302, 0x03010105, 0xf2850511, 0x7b825720,
    0xfd23f583, 0x82af01c4, 0xff00327d, 0x022a00ff, 0x024c0157, 0x030602de, 0x00000013, 0x2e0f8202, 0x02500160, 0x000300ca, 0xb1320007, 0x18446406,
    0x2b261b4b, 0xb12b1709, 0x13440006, 0x33153335, 0x2a260382, 0x026b516a, 0x00826a60, 0x82010021, 0x00612453, 0x82cb0298, 0xc7441853, 0x25458326,
    0x61026e2a, 0x93826a6a, 0x59243f83, 0xe002d800, 0x272a3faa, 0x5a841733, 0x59023f6f, 0x7f848787, 0x3f825420, 0x3faada20, 0x0733372c, 0x5a6f3f2a,
    0x86865402, 0xbf82ffff, 0x6a015428, 0x2602da02, 0x8f820e03, 0x05820720, 0x07829220, 0x32000126, 0xb300bd01, 0x2c1f936c, 0x32033313, 0x0135631e,
    0xfe0901bd, 0x853682f7, 0x5001238f, 0x3359df02, 0x3337322b, 0x07272317, 0x5c6e5c2a, 0x02424251, 0x598b8b54, 0x2c4b8f59, 0x6406b121, 0x02164044,
    0x01000201, 0x053b494c, 0x02020029, 0x10121176, 0x41190903, 0x3321059c, 0x21d88217, 0x42822a23, 0x6e5c5127, 0x5959df02, 0x2044828b, 0x07034201,
    0x000d0023, 0x20438431, 0x05544f26, 0x00020023, 0x05947200, 0x2106e56d, 0xad180001, 0x0521099d, 0x05677109, 0xad181320, 0xbb2f0ca1, 0x43034e40,
    0x21212904, 0x03440428, 0x1857024e, 0x20078dad, 0x20008200, 0x29678202, 0x02e90040, 0x000b00fe, 0x536e0017, 0x0c0d2121, 0x0ef2b318, 0xea727189,
    0x14152205, 0x0be05406, 0x37288933, 0x37292837, 0x17122937, 0x17111217, 0x36400217, 0x21128429, 0x0f843636, 0x17121123, 0x21eb8300, 0xfa820158,
    0x00180023, 0x0aaf5b8f, 0x01040028, 0x05590400, 0x21820301, 0x69010322, 0x2b0caf5b, 0x5022b04b, 0x001f4058, 0x85050305, 0x00202785, 0x40212693,
    0x23218523, 0x86020002, 0x06202692, 0x00236082, 0x5b595952, 0x132705d1, 0x0a0c0e11, 0x5b050709, 0x44080bd1, 0x27262201, 0x22232626, 0x36230706,
    0x16323336, 0x32331617, 0x06333736, 0x14060106, 0x130f1222, 0x0217110d, 0x2c37013b, 0x1b122418, 0x02151113, 0x0236033c, 0x0d0e0e5f, 0x3d23180b,
    0x160f0f41, 0x443c2419, 0x83008200, 0x016b24e3, 0x42c00240, 0x353c2aef, 0x012a1521, 0x556b0216, 0x01000055, 0x57022a00, 0x1803aa00, 0x55000600,
    0x446406b1, 0x08e77d18, 0x58500e24, 0x20821740, 0x70000122, 0x29091659, 0x02010360, 0x1b500201, 0x19821640, 0x90850021, 0x08ba4b18, 0x4405ba4a,
    0x372f0524, 0x15330733, 0x36443c2a, 0x5a570224, 0x82635e67, 0x257783b6, 0xaa000cff, 0x7788ccff, 0x00010527, 0x4b4c0101, 0x827784b0, 0x00002366,
    0x37547102, 0x8377820f, 0x5c022019, 0x541810b9, 0x77830e46, 0x23371734, 0x07153335, 0x6e24362a, 0x625ef43c, 0xffff6759, 0x73852a00, 0x82060221,
    0x840020ef, 0x01202883, 0x000a0017, 0x83750015, 0x0b402bfb, 0x0402010d, 0x01020304, 0x89820202, 0x58500a25, 0x83002040, 0x7204280e, 0x02000300,
    0x5b020301, 0x62200ab8, 0x0024b083, 0x21401b52, 0x03232283, 0x98800204, 0x40593123, 0x11000111, 0x0c0e0f10, 0x0005070b, 0x06150115, 0x2606dd42,
    0x27262217, 0x56331637, 0x2b080506, 0x07333727, 0x14151616, 0x3d30a206, 0x2e10380b, 0x2d1b1c18, 0x20472521, 0xe0432f31, 0x2816232d, 0x18131214,
    0x032c3a21, 0x342e2633, 0x2c24bb84, 0x1400ea00, 0x33200182, 0x282cbb84, 0x01000112, 0x08114c01, 0x4a010307, 0x51181f82, 0x10260f9f, 0x0114000e,
    0x79890314, 0x3634352a, 0x07173737, 0x14150606, 0x26088282, 0x06061737, 0x23352e8d, 0x22481f13, 0x0c100e11, 0x0c19131c, 0x2526d434, 0x291b3c1d,
    0x1e182d14, 0x0d0d0c0d, 0x410f0b3e, 0x742605bb, 0xb0013001, 0x73427b01, 0x0174272d, 0x4b30013c, 0x9b82004b, 0x07021426, 0x6102c802, 0x14263fad,
    0x0702b402, 0x3f835a5a, 0x24012826, 0xe9012701, 0x06313f82, 0x010002b3, 0x35132b32, 0xff281537, 0x784d2401, 0x251f844d, 0xf801f0ff, 0x1f822002,
    0x06b11f24, 0x50184464, 0xb1321697, 0x17440006, 0x28013301, 0xfe508001, 0x30021080, 0x9b82d0fd, 0x0f827420, 0x8201ea22, 0x28212f72, 0x15213513,
    0x01760174, 0x24938728, 0x026c010f, 0x29938b08, 0x01281525, 0x540f0144, 0x578255a5, 0xf0ff2826, 0xd6028302, 0x2e201f82, 0x2f05024e, 0x0000000c,
    0x01024d34, 0x01350101, 0x0a401b4e, 0x09d04818, 0x0c835920, 0x03202882, 0x083e5118, 0x01282108, 0x02fe5dfe, 0xfde60210, 0x0200001a, 0x5c022a00,
    0xce025801, 0x17000b00, 0x22402500, 0x03040205, 0x61263d82, 0x01010103, 0xb9180034, 0xaa58113e, 0x0ba77e0e, 0x1f196224, 0x0382191f, 0x0786a520,
    0x1e5c0229, 0x2020191b, 0x871e1b19, 0x83588207, 0x9c00216f, 0x1a236f84, 0x64021740, 0x6a82074a, 0x0b675118, 0x200ba75a, 0x82438363, 0x204e8903,
    0x057f4800, 0x22056f48, 0x860b0306, 0x052b480f, 0x0c030622, 0xfb470f86, 0x03062205, 0x470f860d, 0x062205cb, 0x0f870e03, 0x026a0124, 0x9b4700da,
    0x06b3470c, 0xdf025026, 0x11030600, 0x0f852788, 0x0f861220, 0x4c015724, 0x1f82de02, 0x0f861320, 0x22059b46, 0x86140306, 0x0527460f, 0x15030622,
    0x53450f86, 0x03062205, 0x200f8516, 0x052744ff, 0x1a030622, 0x7b430f86, 0x03062205, 0x410f851b, 0x0622068f, 0x0f872303, 0x029c0023, 0x2c6f82ce,
    0x00000024, 0x01350001, 0x02b000ca, 0x2aef42c6, 0x07333725, 0x825d1e35, 0xfcfc2137, 0x2105db74, 0x3f82ba00, 0xb2020622, 0x2c204f84, 0x8e204f82,
    0x05290f82, 0x06b12d00, 0x22404464, 0x134b1804, 0x076e5708, 0x08de4e18, 0x05000524, 0xb0490312, 0x35272e07, 0x3a071533, 0x010d620e, 0x4f4fadca,
    0x189b83ad, 0x4e094375, 0x751829fb, 0x6f180f11, 0x0021100f, 0xb7411802, 0x21fb4e0c, 0x4e0bd579, 0xd17915fb, 0x0c40180d, 0x21ec7f20, 0x0000002b,
    0x00260118, 0x04010003, 0x200b8209, 0x850382a6, 0x0001240b, 0x86a60018, 0x00022417, 0x86be000e, 0x0003240b, 0x86cc002e, 0x8a04200b, 0x00052423,
    0x86fa0054, 0x82062017, 0x864e2053, 0x0008240b, 0x86660190, 0x0009240b, 0x86f60160, 0x000b240b, 0x86560230, 0x8a0c200b, 0x010d240b, 0x86860222,
    0x000e2417, 0x86a80336, 0x0010240b, 0x86de030a, 0x0011240b, 0x85e8030c, 0x0001250b, 0xf4031200, 0x01240b86, 0x06040a00, 0x02200b86, 0x10200b82,
    0x03200b86, 0x1a200b82, 0x04200b86, 0x24200b82, 0x05200b86, 0x2e200b82, 0x06240b86, 0x38041400, 0x07240b86, 0x4c041600, 0x08200b86, 0x62380b82,
    0x6f004300, 0x79007000, 0x69007200, 0x68006700, 0x20007400, 0x30003200, 0x34200382, 0x54200982, 0x65201182, 0x47220782, 0x1f826500, 0x1d847320,
    0x2b825020, 0x6a006f22, 0x63201182, 0x41220f84, 0x07827500, 0x47826820, 0x73007222, 0x28202b82, 0x74204584, 0x73245582, 0x2f003a00, 0x67200182,
    0x74203b82, 0x75261582, 0x2e006200, 0x29826300, 0x15826d20, 0x41827620, 0x0d827220, 0x6c006522, 0x61872384, 0x66002d22, 0x6e202182, 0x2e205382,
    0x69209182, 0x29210782, 0x207f8b00, 0x2037824d, 0x24518264, 0x006d0075, 0x200b8252, 0x227f8267, 0x8261006c, 0x82312095, 0x0034285d, 0x00310030,
    0x8256003b, 0x0043221b, 0x8909824c, 0x002d213b, 0x56203b8b, 0x73207f84, 0x6f224982, 0xb7826e00, 0x20203d8b, 0x74207582, 0x61208782, 0x6f20db84,
    0x6920bb82, 0x74202382, 0x28222582, 0x5f827600, 0x38002e22, 0x2e286b84, 0x2d003700, 0x64003500, 0x62210382, 0x8da78b00, 0x8242206b, 0x8273209f,
    0x826d206f, 0x20d98503, 0x20618273, 0x20378275, 0x20eb8269, 0x8557822c, 0x8263208d, 0x006c211f, 0x41200f83, 0x64206f82, 0xe922d382, 0x1d827300,
    0x9f414220, 0x84612006, 0x84692085, 0x82472021, 0x8269209b, 0x826f2041, 0x8246201f, 0x82722037, 0x00652223, 0x20058279, 0x201f8461, 0x2073824d,
    0x83178274, 0x825a201f, 0x8272200b, 0x82672003, 0x827a206d, 0xa18fa107, 0x205f9b7f, 0x42dd8268, 0x62200b01, 0x2f26ff9c, 0x68005400, 0xe9846900,
    0xfb414620, 0x00202206, 0x20098253, 0x20478266, 0x20bb8477, 0x85e58265, 0x826c2021, 0x82632029, 0x826e20d7, 0x8265202f, 0x002024ff, 0x826e0075,
    0x82652007, 0x822020f9, 0x8268202f, 0x223d831b, 0x824c0049, 0x004f2233, 0x212b8470, 0x59890020, 0x418c4c20, 0x42097d41, 0x31220d0b, 0x01432e00,
    0x20779306, 0x22af8620, 0x82760061, 0x0069229f, 0x2005826c, 0x83058262, 0x427720a7, 0x202006ef, 0x77831382, 0x51004122, 0x61204982, 0x3a209b82,
    0x1b410782, 0x866f200f, 0x07f542a1, 0x2e22df8d, 0xd7826f00, 0x41059943, 0x35a50b51, 0x4209fb42, 0x4e200bf9, 0x20205382, 0x61228d82, 0xb1826900,
    0x4120a583, 0x74200782, 0x61219b82, 0x20098700, 0x2009886c, 0x20098852, 0x20098849, 0x20098847, 0x209d8261, 0x244f8272, 0x00730077, 0x41078252,
    0x6420078b, 0x64204d82, 0x74200f82, 0x6e282988, 0x6d007500, 0x65006200, 0x73253182, 0x02000000, 0x23008400, 0x32009cff, 0x048e0884, 0x82390321,
    0x00242810, 0x010201c9, 0x82c70003, 0xad860837, 0x05010401, 0xae006300, 0x25009000, 0xfd002600, 0x6400ff00, 0x07010601, 0x08012700, 0xe9000901,
    0x65002800, 0xc8000a01, 0x0b01ca00, 0x0c01cb00, 0x0e010d01, 0x29000f01, 0xf8002a00, 0x11011001, 0x13011201, 0x15011401, 0x16012b00, 0x2c001701,
    0xcc001801, 0xce00cd00, 0xcf00fa00, 0x1a011901, 0x2d001b01, 0x1d011c01, 0x1e012e00, 0x2f001f01, 0x21012001, 0xe2002201, 0x31003000, 0x24012301,
    0x66002501, 0xad822601, 0x00d0120e, 0x006700d1, 0x012701d3, 0x00910028, 0x00b000af, 0x00ed0033, 0x01350034, 0x012a0129, 0x0136002b, 0x00e4002c,
    0x012d01fb, 0x002f012e, 0x01300137, 0x01320131, 0x00380033, 0x003401d4, 0x006800d5, 0x013501d6, 0x01370136, 0x00390138, 0x013a0039, 0x013b013a,
    0x003d013c, 0x003c003b, 0x003e01eb, 0x013f01bb, 0x013d0040, 0x01e60041, 0x01430142, 0x01450144, 0x01470146, 0x01490148, 0x014b014a, 0x014d014c,
    0x014f014e, 0x01510150, 0x01530152, 0x01550154, 0x01570156, 0x01590158, 0x015b015a, 0x015d015c, 0x015f015e, 0x01610160, 0x01630162, 0x01650164,
    0x01670166, 0x00690168, 0x01690044, 0x006b016a, 0x006c006b, 0x016c016a, 0x006e006d, 0x00a0006d, 0x00460045, 0x000001fe, 0x016e016f, 0x0147006f,
    0x00010170, 0x004800ea, 0x00710170, 0x01730072, 0x01710072, 0x01740173, 0x00760175, 0x004a0049, 0x017701f9, 0x01790178, 0x017b017a, 0x014b007c,
    0x007e017d, 0x00d7004c, 0x00760074, 0x007f0177, 0x01800175, 0x01820181, 0x014d0083, 0x01850184, 0x014e0086, 0x00880187, 0x0189014f, 0x008b018a,
    0x005000e3, 0x018c0151, 0x008e018d, 0x008f0178, 0x00790052, 0x007c007b, 0x0190017a, 0x00a10091, 0x00b1007d, 0x00ee0053, 0x01550054, 0x01930192,
    0x01560094, 0x00e50095, 0x019601fc, 0x00890097, 0x01980157, 0x019a0199, 0x0058009b, 0x009c017e, 0x00810080, 0x019d017f, 0x019f019e, 0x00a101a0,
    0x015a0059, 0x01a301a2, 0x00a501a4, 0x005c005b, 0x00a601ec, 0x01a701ba, 0x015d00a8, 0x01e700a9, 0x01ab01aa, 0x01ad01ac, 0x01af01ae, 0x01b101b0,
    0x01b301b2, 0x01b501b4, 0x01b701b6, 0x01b901b8, 0x01bb01ba, 0x01bd01bc, 0x01bf01be, 0x01c101c0, 0x01c301c2, 0x01c501c4, 0x01c701c6, 0x01c901c8,
    0x01cb01ca, 0x01cd01cc, 0x01cf01ce, 0x01d101d0, 0x01d301d2, 0x01d501d4, 0x01d701d6, 0x01d901d8, 0x00db01da, 0x01c100c0, 0x009d00dc, 0x01dd019e,
    0x01df01de, 0x01e101e0, 0x01e301e2, 0x01e501e4, 0x01e701e6, 0x01e901e8, 0x01eb01ea, 0x01ed01ec, 0x01ef01ee, 0x01f101f0, 0x01f301f2, 0x01f501f4,
    0x01f701f6, 0x01f901f8, 0x01fb01fa, 0x01fd01fc, 0x02ff01fe, 0x02010200, 0x02030202, 0x02050204, 0x02070206, 0x02090208, 0x020b020a, 0x020d020c,
    0x020f020e, 0x02110210, 0x02130212, 0x02150214, 0x02170216, 0x02190218, 0x021b021a, 0x021d021c, 0x021f021e, 0x02210220, 0x02230222, 0x02250224,
    0x02270226, 0x02290228, 0x022b022a, 0x022d022c, 0x022f022e, 0x02310230, 0x02330232, 0x02350234, 0x02370236, 0x02390238, 0x023b023a, 0x023d023c,
    0x023f023e, 0x02410240, 0x02430242, 0x02450244, 0x02470246, 0x02490248, 0x024b024a, 0x024d024c, 0x024f024e, 0x02510250, 0x02530252, 0x02550254,
    0x02570256, 0x02590258, 0x025b025a, 0x025d025c, 0x025f025e, 0x02610260, 0x02630262, 0x02650264, 0x02670266, 0x02690268, 0x026b026a, 0x026d026c,
    0x026f026e, 0x029b0070, 0x00130071, 0x00150014, 0x00170016, 0x00190018, 0x001b001a, 0x0272021c, 0x02740273, 0x02760275, 0x02780277, 0x027a0279,
    0x027c027b, 0x027e027d, 0x0280027f, 0x02820281, 0x02840283, 0x02860285, 0x02880287, 0x028a0289, 0x028c028b, 0x028e028d, 0x0290028f, 0x02920291,
    0x02940293, 0x02960295, 0x02980297, 0x029a0299, 0x029c029b, 0x029e029d, 0x02a0029f, 0x02a202a1, 0x02a402a3, 0x00bc00a5, 0x02a602f4, 0x00f500a7,
    0x02a802f6, 0x02aa02a9, 0x02ac02ab, 0x02ae02ad, 0x02b002af, 0x02b202b1, 0x02b402b3, 0x02b602b5, 0x02b802b7, 0x02ba02b9, 0x02bc02bb, 0x02be02bd,
    0x00c002bf, 0x02c10203, 0x02c302c2, 0x001100c4, 0x001d000f, 0x00ab001e, 0x00a30004, 0x00a20022, 0x008700c3, 0x00c5020d, 0x00120006, 0x02c6023f,
    0x02c802c7, 0x02ca02c9, 0x02cc02cb, 0x02ce02cd, 0x02d002cf, 0x00d202d1, 0x00b20010, 0x024200b3, 0x000b00d3, 0x005e000c, 0x003e0060, 0x02d40240,
    0x02d602d5, 0x02d802d7, 0x02da02d9, 0x02dc02db, 0x02de02dd, 0x02e002df, 0x00c400e1, 0x00b400c5, 0x00b600b5, 0x00a900b7, 0x00be00aa, 0x000500bf,
    0x02a6000a, 0x02e302e2, 0x02e502e4, 0x02e702e6, 0x00e902e8, 0x00090023, 0x00860088, 0x028a008b, 0x008c00ea, 0x02eb0283, 0x005f00ec, 0x008200e8,
    0x02ed02c2, 0x02ef02ee, 0x008400f0, 0x020700bd, 0x02f202f1, 0x02f402f3, 0x008500f5, 0x000e0096, 0x00f000ef, 0x002000b8, 0x0021008f, 0x0095001f,
    0x00930094, 0x006100a7, 0x004100a4, 0x029c0092, 0x009a00f6, 0x00a50099, 0x00f70298, 0x02c60008, 0x02f902f8, 0x02fb02fa, 0x02fd02fc, 0x03ff02fe,
    0x03010300, 0x03030302, 0x03050304, 0x03070306, 0x03090308, 0x030b030a, 0x030d030c, 0x030f030e, 0x03110310, 0x03130312, 0x03150314, 0x03170316,
    0x00190318, 0x031a03b9, 0x031c031b, 0x031e031d, 0x0320031f, 0x03220321, 0x03240323, 0x03260325, 0x03280327, 0x032a0329, 0x032c032b, 0x032e032d,
    0x0330032f, 0x03320331, 0x03340333, 0x03360335, 0x03380337, 0x033a0339, 0x003c033b, 0x00dc008e, 0x008d0043, 0x00d800df, 0x00db00e1, 0x00d900dd,
    0x00de00da, 0x033d03e0, 0x033f033e, 0x03410340, 0x06430342, 0x65726241, 0x75076576, 0x3130696e, 0x41074443, 0x7263616d, 0x41076e6f, 0x6e6f676f,
    0x430b6b65, 0x63726963, 0x6c666d75, 0x430a7865, 0x61746f64, 0x6e656363, 0x63440674, 0x82258261, 0x6f722506, 0x45067461, 0x0a210d84, 0x211f8845,
    0x46864507, 0x46854520, 0x31235e83, 0x85434245, 0x46382366, 0x31844706, 0x89470b21, 0x231a855d, 0x470a3232, 0x94824589, 0x32453123, 0x281a8530,
    0x48043445, 0x0b726162, 0x24338948, 0x074a4902, 0x20698649, 0x27698549, 0x69744906, 0x0b65646c, 0x30293a82, 0x30413430, 0x0b313033, 0x21658f4a,
    0x52853845, 0x0636332a, 0x7563614c, 0x4c066574, 0x15868f84, 0x4e064222, 0x4e201585, 0x3435158a, 0x6e450335, 0x684f0d67, 0x61676e75, 0x6c6d7572,
    0x07747561, 0x217c854f, 0x2f855206, 0x2f8a5220, 0x06363523, 0x21158453, 0x7e8e530b, 0x84313221, 0x4531257e, 0x54044539, 0x0621d182, 0x21368a54,
    0x84843236, 0x4131322b, 0x72625506, 0x0d657665, 0x20718c55, 0x21718555, 0xee855507, 0x72550527, 0x06676e69, 0x21f48455, 0x70855706, 0x70895720,
    0x64570932, 0x65726569, 0x06736973, 0x61726757, 0x590b6576, 0x06211c89, 0x41128459, 0x4623059c, 0x845a0638, 0x5a0a213e, 0x330c8041, 0x42383741,
    0x696e750f, 0x42333130, 0x636f6c2e, 0x48414d6c, 0x34210f85, 0x270f8735, 0x732e5206, 0x0b343073, 0x86050641, 0x84d4840b, 0x840c200b, 0x3635213e,
    0x06210c84, 0x22068349, 0x84490b35, 0x210b846c, 0x93894910, 0x0e211084, 0x84b58749, 0x490f210e, 0x0f849188, 0x84490b21, 0x200b84b7, 0x06ff410c,
    0x15410c86, 0x200c8405, 0x0509420b, 0x06210b84, 0x27068347, 0x62470b36, 0x65766572, 0x10200b84, 0x840a7b42, 0x21a58510, 0x0c843232, 0x85420f20,
    0x231c8809, 0x30324531, 0x0e210c84, 0x219e8b41, 0x17430f38, 0x221e8309, 0x8d450e38, 0x0916431e, 0x5a8e1e84, 0xec8d3820, 0xec8e3820, 0x4f0e3822,
    0x0e214d8c, 0x410e8d55, 0x5b8408df, 0x8c590e21, 0x410f201d, 0x1e8409ca, 0x57411320, 0x2013840d, 0x0e5c4114, 0xfe8e1485, 0x082a1484, 0x2e495f41,
    0x67696c64, 0x08865508, 0x44610621, 0x45220b3c, 0x9c426107, 0x41612006, 0x0b210586, 0x09d74163, 0x41630a21, 0x062808c3, 0x72616364, 0x65066e6f,
    0x0a210684, 0x21188865, 0x3f866507, 0x35446520, 0x07442a0c, 0x30696e75, 0x06393532, 0x05354467, 0x50436720, 0x3231240e, 0x42670a33, 0x31230cb4,
    0x84313245, 0x45312935, 0x62680435, 0x680b7261, 0x092b3389, 0x6f6c2e69, 0x52546c63, 0x8669074b, 0x85692070, 0x69062970, 0x646c6974, 0x6a690265,
    0x32223c84, 0x47443733, 0x44362005, 0x6a200547, 0x4521778f, 0x2b278439, 0x06373331, 0x7563616c, 0x6c066574, 0x230aca43, 0x6e064333, 0x6e201585,
    0x3427158a, 0x6e650336, 0x436f0d67, 0x6f200cd5, 0x06218785, 0x202f8572, 0x232f8a72, 0x73063735, 0x0b211584, 0x247e8e73, 0x04393132, 0x21db8274,
    0x2e8a7406, 0x84333621, 0x31322b92, 0x62750642, 0x65766572, 0x698c750d, 0x69857520, 0x85750721, 0x750527f1, 0x676e6972, 0xf7847506, 0x85770621,
    0x89772068, 0x77092168, 0x27083f44, 0x61726777, 0x790b6576, 0x06211c89, 0x44128479, 0x3922063f, 0x3f447a06, 0x417a2005, 0x41230c8a, 0x44433837,
    0x3321052f, 0x0e3f4443, 0x3f443620, 0x2e612708, 0x31307373, 0x1344610b, 0x430b8208, 0x312008aa, 0x21059943, 0x24844543, 0x44611021, 0x31220d2c,
    0xf342610e, 0x4438820b, 0x3121081c, 0x0690420c, 0x0c203884, 0x84069542, 0x610a210c, 0x0a84f783, 0x84610b21, 0x200b84fc, 0x20888406, 0x82888a32,
    0x2088880b, 0x20888b32, 0x20888f32, 0x82888d32, 0x20888838, 0x82888b32, 0x057b410c, 0x32207183, 0x30828889, 0x32228888, 0x1d836c06, 0x420b3321,
    0x0b860556, 0x20085145, 0x21888533, 0x18864333, 0x616c7324, 0x0b846873, 0x3821838d, 0x0975430f, 0x20059a44, 0x0d1f4465, 0x44097b43, 0x4543059a,
    0x210f8409, 0x06846906, 0x8c690e21, 0x430e2035, 0x1d84083f, 0x3c430c20, 0x220c8406, 0x846a6907, 0x85062007, 0x6f0e2106, 0x7520398d, 0x5c420e8d,
    0x21338408, 0x1d8c790e, 0x47420f20, 0x201e8409, 0x0de74113, 0x32201392, 0x082c1384, 0x2e665f66, 0x6167696c, 0x745f7408, 0x07270884, 0x30696e75,
    0x86303134, 0x86312007, 0x05694707, 0x43313421, 0x34210531, 0x20078630, 0x20278639, 0x201f8739, 0x202f8634, 0x20078535, 0x201f8630, 0x20478730,
    0x21178536, 0x07863731, 0x07863820, 0x21051c44, 0xbf443034, 0x31342205, 0x20178541, 0x05054930, 0x42313422, 0x31200f85, 0x27870f87, 0x17864520,
    0x07854620, 0x2006ff48, 0x06d14434, 0x86323421, 0x86322097, 0x863020af, 0x8632202f, 0x863220a7, 0x863220a7, 0x86322097, 0x86322097, 0x87322097,
    0x865f8797, 0x8632207f, 0x8732208f, 0x872787a7, 0x2057860f, 0x86678730, 0x863020af, 0x86302067, 0x86302067, 0x87302067, 0x869f874f, 0x8630206f,
    0x06e948bf, 0x86363421, 0x8637205f, 0x86372017, 0x8639205f, 0x86392057, 0x8641201f, 0x8641201f, 0x3042214f, 0x20051f41, 0x20178642, 0x202f8642,
    0x202f8642, 0x201f8643, 0x208f8644, 0x49278645, 0x342f06fc, 0x750c4545, 0x3430696e, 0x732e3630, 0x86353073, 0x8a37200c, 0x3043210c, 0x30210c8a,
    0x200c8331, 0x21268b38, 0x40851138, 0x1e843385, 0x33219285, 0x20078630, 0x86078631, 0x4133207a, 0x352006b2, 0x39200786, 0x39201f86, 0x33200f86,
    0x3320fa86, 0x20066a41, 0x20478635, 0x20278635, 0x20e28633, 0x066a4133, 0xda863320, 0xaa413320, 0x41352006, 0x33200692, 0x20060241, 0x06da4135,
    0x8a413320, 0x87332006, 0x4127870f, 0x3320064a, 0x20069a41, 0x206f8634, 0x206f8634, 0x20b78634, 0x209f8634, 0x202f8635, 0x20a78634, 0x20a78634,
    0x20978634, 0x20978634, 0x20978634, 0x87978734, 0x207f865f, 0x208f8634, 0x87a78734, 0x860f8727, 0x87352057, 0x20af8667, 0x20678635, 0x20678635,
    0x20678635, 0x874f8735, 0x206f869f, 0x47bf8635, 0x34210614, 0x20278636, 0x20cf8637, 0x20678637, 0x204f8639, 0x201f8639, 0x201f8641, 0x21478641,
    0xc7413142, 0x86422005, 0x86422017, 0x8642202f, 0x8643202f, 0x86442027, 0x864520c7, 0x061f4827, 0x46453422, 0x25053642, 0x732e3033, 0xcf463073,
    0x85342005, 0x0553460c, 0x42353421, 0x294b0b5d, 0x066a4205, 0x83373521, 0x06382733, 0x626d614c, 0x87846164, 0x39413324, 0x0e886c06, 0x43313221,
    0x32220579, 0x86844634, 0x37373223, 0x82268336, 0x82a68407, 0x86382007, 0x829e840f, 0x8641200f, 0x82be840f, 0x8643200f, 0x8644200f, 0x84452007,
    0x45342107, 0x34222785, 0x0f853036, 0x86313621, 0x86322007, 0x23e68407, 0x34363432, 0x35200f86, 0x7f850786, 0x85363421, 0x3634277f, 0x657a0938,
    0xc7836f72, 0x6f083924, 0x0884656e, 0x12840720, 0x06667422, 0x06821083, 0x6f77742b, 0x0866742e, 0x65726874, 0x24088265, 0x756f6607, 0x21078472,
    0x0f837669, 0x69730623, 0x250e8278, 0x76657308, 0x08836e65, 0x67696524, 0x08827468, 0x696e0722, 0x74215182, 0x23628566, 0x6d6f6e64, 0x08846284,
    0x08835383, 0x55850a20, 0x09200a83, 0x09855784, 0x27845983, 0x27845b83, 0x0a845d85, 0x28845f85, 0x09846184, 0x6e23b384, 0x84726d75, 0x83088463,
    0x86088363, 0x850a8363, 0x83098563, 0x83278463, 0x85278463, 0x850a8463, 0x84288463, 0x25098363, 0x696e7507, 0x21443132, 0x41078205, 0x3126055a,
    0x6f093535, 0x2f84656e, 0x840c6821, 0x220b85cd, 0x82660b73, 0x200b8661, 0x865a840c, 0x2147840c, 0xba413830, 0x38302105, 0x2105ba41, 0xba413830,
    0x38302105, 0x2105ba41, 0x5f853830, 0x41383021, 0x302105ba, 0x05ba4138, 0x41383021, 0x302105ba, 0x053a4238, 0x42383021, 0x3022053a, 0x57833037,
    0x42303022, 0x07820f84, 0x07824f84, 0xbc454f86, 0x30322105, 0x82055943, 0x204f8607, 0x204f8637, 0x204f8637, 0x293f8637, 0x68213041, 0x65687079,
    0x068d5f6e, 0x6572672c, 0x72657461, 0x67696c2e, 0x1a991a61, 0x1a861320, 0xa0832e8b, 0x3030332d, 0x65701633, 0x646f6972, 0x826e6563, 0x64652a48,
    0x636f6c2e, 0x5441436c, 0x2a16850b, 0x3073732e, 0x6f630a38, 0x846e6f6c, 0x730e240a, 0x89696d65, 0x650d280e, 0x70696c6c, 0x84736973, 0x650b261c,
    0x616c6378, 0x200b846d, 0x220b850f, 0x85776f64, 0x710d2638, 0x74736575, 0x20468669, 0x880d8711, 0x8e13201f, 0x20778386, 0x86138e1b, 0x632e249a,
    0x97657361, 0x2037831b, 0x46379a20, 0x3321087e, 0x05514830, 0x47303321, 0x07820589, 0x13413920, 0x30312105, 0x31200786, 0x89480785, 0x201f8205,
    0x200f8644, 0x20078641, 0x21078542, 0x07863431, 0x07853520, 0x82056948, 0x8546202f, 0x3631210f, 0x37200786, 0x30280783, 0x10463345, 0x7373656c,
    0x2506ca41, 0x67696c2e, 0x108a1761, 0x1e20178b, 0x1e8b1791, 0x1e8b1820, 0x2d0fdc41, 0x39333632, 0x696d7309, 0x6166656c, 0x7a836563, 0x44384621,
    0x313006fa, 0x6d063731, 0x74756e69, 0x65730665, 0x646e6f63, 0x32211d83, 0x21a88531, 0xf0853432, 0x43333222, 0x2606e044, 0x45044230, 0x846f7275,
    0x42302124, 0x3223ed84, 0x86444230, 0x8539200f, 0x41412107, 0x32200784, 0x2a06e748, 0x07354230, 0x6f727261, 0x84707577, 0x39312317, 0x0f840a37,
    0x67697224, 0x12867468, 0x84093821, 0x6f642312, 0x11866e77, 0x11853920, 0x2387b382, 0x11853620, 0x746f6223, 0x22098568, 0x87647075, 0x2182852d,
    0x92854531, 0x35453122, 0x41204585, 0x31209285, 0x31209286, 0x21050249, 0x9f463132, 0x43078205, 0x31240585, 0x630e3442, 0x69288082, 0x72656761,
    0x72757465, 0x45225686, 0x96840c37, 0x2e70752b, 0x37307373, 0x696e750c, 0x84be8232, 0x890f200c, 0x201c8bc3, 0x200c8438, 0x8bcd880e, 0x8a39201b,
    0x8bd7831b, 0x8a36201b, 0x8ae1831b, 0x84e6830e, 0x29d3840e, 0x06464335, 0x63726963, 0x0e86656c, 0x74074323, 0x41b88272, 0x3522065d, 0x0f853642,
    0x20061a41, 0x05d54935, 0x47353221, 0x0782058a, 0x37853720, 0x2306b541, 0x0a314335, 0x3026d682, 0x2e363033, 0x1a837963, 0x38200a82, 0x372f0786,
    0x61726709, 0x6f636576, 0x6109626d, 0x84747563, 0x211b8609, 0x36850b42, 0x612e4324, 0x1386746c, 0x2005db44, 0x05354233, 0x36204782, 0x41251786,
    0x6c697409, 0x203d8b64, 0x20198534, 0x22318631, 0x840f3632, 0x4e32204d, 0x1f8508e1, 0x20068a4b, 0x068a4b33, 0xe7493320, 0x49332006, 0x332006d7,
    0x2106d749, 0xfb473333, 0x251f8205, 0x7361632e, 0x4c840c65, 0x8b373321, 0x8a38200c, 0x3830210c, 0x21099a4a, 0x2f483033, 0x4d0d2005, 0x0e200c4b,
    0x4408924f, 0x30210826, 0x068e5532, 0xcb453220, 0x43323006, 0x6c620c38, 0x436b6361, 0x6c637269, 0x8b126465, 0x7453260c, 0x656b6f72, 0x2c008200,
    0xff010001, 0x000f00ff, 0x00020001, 0x240f820e, 0x010000cc, 0x200b8202, 0x2011821f, 0x22038221, 0x82830024, 0x00852205, 0x220582a8, 0x82aa00a9,
    0x00ab2219, 0x280b82c0, 0x002f01c2, 0x01310101, 0x2805825f, 0x00630160, 0x01660102, 0x220b8266, 0x826a0168, 0x016c2205, 0x22058281, 0x82960183,
    0x01982205, 0x22058298, 0x82a4019a, 0x01a62205, 0x220582af, 0x82b301b1, 0x01b52205, 0x220582b9, 0x82c101bc, 0x01c32205, 0x220582ca, 0x82e001cc,
    0x01e32205, 0x220582e4, 0x82e701e6, 0x01ea2205, 0x220582f6, 0x82f801f8, 0x02b82294, 0x220582b8, 0x82bc02bc, 0x02be2205, 0x210582be, 0x3b8202c1,
    0x02c50228, 0x030100c5, 0xb8820300, 0x030a0323, 0x2a088224, 0x0004000c, 0x001e0016, 0x822e0026, 0x010121af, 0x1d829f83, 0x01241582, 0x01005001,
    0x46200784, 0x52200786, 0x6f200786, 0x02240782, 0x0c000000, 0x1c200382, 0x022c3582, 0x0f030b03, 0x11030000, 0x05001703, 0x01240f82, 0x1b031803,
    0x01201b82, 0x3e080382, 0x000a001e, 0x6b030038, 0x006e7265, 0x72616d50, 0x6dce006b, 0x006b6d6b, 0x4404004a, 0x00544c46, 0x72796344, 0x6748006c,
    0x006b6572, 0x74616c48, 0x00d2006e, 0x0082000d, 0x0032008c, 0x8242003a, 0x00522c27, 0x0062005a, 0x0072006a, 0x8496007a, 0x820c2055, 0x00022105,
    0xd6205d83, 0xca200982, 0x04200382, 0x01230382, 0x8500da00, 0x86de2007, 0x86e22007, 0x86e62007, 0x82ea2007, 0x0000249d, 0x86ee0001, 0x86f22007,
    0x86f62007, 0x86fa2007, 0x00fe2a07, 0x00080002, 0x062e0102, 0x2609863e, 0x00d40104, 0x84100006, 0x2077833b, 0x2017820a, 0x24558203, 0x00060005,
    0x202b8207, 0x2de58209, 0x0048000b, 0x455a410a, 0x43480020, 0x05835441, 0x05835220, 0x5a414b22, 0x4d220b82, 0x05834841, 0x824c4f21, 0x4c4e2205,
    0x22058244, 0x824d4f52, 0x84542005, 0x52542229, 0x230b824b, 0xffff0000, 0x0783d584, 0xd1840320, 0x0100022c, 0x1625fe1e, 0x3c1f0100, 0x0b828a2a,
    0x3621de22, 0x8e220b82, 0x0b829a20, 0x82229e21, 0xa41e238f, 0x11820426, 0x38232a28, 0x04200100, 0x1782d42d, 0x82209221, 0x981e2323, 0x0b82ba1f,
    0xf01ec222, 0x00211d82, 0x2217831e, 0x82941ea2, 0x1e52220b, 0x22178268, 0x82a01e62, 0x1e682205, 0x22058280, 0x82cc1eee, 0x1ec82217, 0x220b82be,
    0x82701e56, 0x1e5c2205, 0x22058262, 0x82901e86, 0x1ec42205, 0x201d826c, 0x37eb824c, 0x1e0b0000, 0x1e3e1fe0, 0x1eec1ee6, 0x1ef81ef2, 0x1f041ffe,
    0x1f341f0a, 0x26218582, 0x241f84c0, 0x21422153, 0x2003825e, 0x25038f42, 0x42213c22, 0x1b826a27, 0x87215421, 0x28238301, 0x284e213c, 0x213c21a8,
    0x22018676, 0x9648213c, 0x20198501, 0x2041824e, 0x8541865e, 0x200d8363, 0x20158468, 0x2005845e, 0x204b8842, 0x31498b76, 0x52221424, 0x74229423,
    0x4e21ca23, 0x02009622, 0xaf834a30, 0x31bc3028, 0x00170092, 0x00a60018, 0x89ecff21, 0x8a0b8b28, 0xffd82215, 0x250d85b3, 0x0000b4ff, 0x0b85c4ff,
    0xff000022, 0xff213982, 0x230d8bf6, 0xdeff0000, 0xf6220382, 0x1588dcff, 0xd8ffed28, 0xf5ff0000, 0x1183f5ff, 0x358e2d89, 0x8400e021, 0x2115834d,
    0x0583c6ff, 0xff210385, 0x256389de, 0x0000ccff, 0x1783ceff, 0xffb8ff23, 0x85078393, 0xa3ff2103, 0xf0207384, 0x05950d85, 0x96d6ff21, 0x89f42017,
    0x21218577, 0x0785f7ff, 0x8f820020, 0x84f6ff21, 0x82fe20bb, 0xfff6220b, 0xa61787f2, 0x832c2007, 0x83b38327, 0x83038707, 0x210b834f, 0x058398ff,
    0xff000023, 0x200382c4, 0x910b85ac, 0x847d8405, 0x211b83f1, 0x0583e2ff, 0x0a200382, 0x029e0382, 0x89d7ff21, 0x094f4120, 0x1b897d87, 0xff000023,
    0x840d8bb8, 0x840c200b, 0x2104a605, 0x3342f8ff, 0x213e8715, 0x0983e6ff, 0x83eaff21, 0x21038505, 0x1184f1ff, 0x83086741, 0x2103990d, 0xb58df5ff,
    0x4f426d8d, 0x8d0d850d, 0x25599921, 0x00000a00, 0x0382ecff, 0x2389d820, 0x9b82ff20, 0x89f8ff21, 0x2309890f, 0xddffffff, 0xff210d87, 0x252385fa,
    0xf6ffa0ff, 0x3142ecff, 0x851f8709, 0xe4ff2307, 0x6383dcff, 0x85140021, 0x8705a30f, 0x062d43bb, 0xdcffb32c, 0x0000e0ff, 0xccffe0ff, 0x0983e8ff,
    0x93220b82, 0x0582ebff, 0x87087543, 0x0555410b, 0xff216391, 0x82138ddf, 0x0bef43bb, 0x1d8df520, 0x71820d8b, 0x0f83e220, 0x83f2ff21, 0x32098271,
    0x001a2e02, 0x2f000004, 0x00da330e, 0x0037003a, 0x82eeff00, 0x00f122ff, 0x21058209, 0x9182fff6, 0x82edff21, 0x820f2025, 0x82ea2017, 0x82dc20b7,
    0xfff62807, 0xffceffec, 0x82fcfff8, 0x82f020c1, 0x95ee200f, 0x05b741a5, 0x2f42d58b, 0x0a494409, 0xf6246385, 0xe6ff0100, 0x03416d84, 0x22618206,
    0x82e3ffba, 0x226b833d, 0x82fbffca, 0xffe22409, 0x82e8ffee, 0x4102868b, 0x17820539, 0x1083ea20, 0x85d8ff21, 0x2075886f, 0x055544ea, 0xba201b84,
    0x03830583, 0x88f3ff21, 0x0a2f411f, 0xcc20db84, 0x2206d342, 0x84eeffec, 0xffec2229, 0x0b8742fe, 0x19831585, 0x8d420383, 0x20db8a11, 0x832183cc,
    0xf1ff2203, 0x05754300, 0xefff0824, 0x1184deff, 0x0000f526, 0xdcfff7ff, 0xe926ad82, 0xe0ffecff, 0xd183d6ff, 0x82f6ff21, 0x82ec2001, 0x421d8319,
    0x05420a03, 0x21ab8608, 0xa142deff, 0x08894506, 0x8745ff20, 0x2043820a, 0x223182f4, 0x42f5ffed, 0xdb44051d, 0x22678207, 0x82daffd8, 0x82f62019,
    0xffce2275, 0x200982f3, 0x05b941e1, 0x038b9183, 0xdb8fe385, 0x89eeff21, 0x09b54311, 0xfff6ff27, 0xfff1ffe5, 0x20bf84e9, 0x0b6f45ce, 0xe924dd82,
    0xfcffc7ff, 0xd2201382, 0x2105d141, 0x0182e6ff, 0x2d82da20, 0xb944c784, 0x457b8c09, 0x15830811, 0x00213783, 0x0a254200, 0xf9fff822, 0xfd240f82,
    0xe5ffffff, 0x67441f84, 0xe2ff210a, 0x82058b43, 0x00f6268f, 0x00e2ff00, 0x0bb74102, 0x03832d83, 0xffeaff25, 0x420000e0, 0x108306f3, 0xb5410384,
    0x860e8409, 0xf8ff2104, 0x20060941, 0x241f8ef6, 0xff00000d, 0x212483da, 0xb745ecff, 0xe0ff2305, 0xe983f4ff, 0x830be542, 0x4103851f, 0x15820f49,
    0x05824182, 0x9982028c, 0xdeffec22, 0xff212b83, 0x2d1883c2, 0xf0ffebff, 0x0000efff, 0xa3ff93ff, 0x1184c0ff, 0xe2ffb622, 0xf6262582, 0x0000d6ff,
    0x0b82f4ff, 0xff212d82, 0x821984f0, 0x000021f1, 0x2105ed45, 0xf142ccff, 0x83de200a, 0x094f4715, 0x460c4d47, 0x02220569, 0x4183f9ff, 0xc9820387,
    0xf4ffec23, 0x205f8300, 0x205b86ec, 0x201b82f2, 0xa6038203, 0x078f4302, 0x200c7b47, 0x213c870f, 0xd383ecff, 0x07830d87, 0x20066341, 0x064941ee,
    0x0000ed24, 0x8343ecff, 0x951d8305, 0x95438f03, 0x45159125, 0xf5430881, 0xaf27910c, 0x12254611, 0x33420a20, 0x0ffd4107, 0x92eeff21, 0x4270942d,
    0x23840e75, 0xffe8ff33, 0xffdcffd4, 0xffceffde, 0x0093ffd6, 0xffccff00, 0x220582f1, 0x82f6ffea, 0xffd82401, 0x82f6ffb3, 0xffc0240d, 0x82f4ffe4,
    0xffd02421, 0x46b0ffda, 0x3c830565, 0x82e0ff21, 0x0639452d, 0x82083545, 0x00002143, 0x830d7546, 0x83138243, 0xfff82257, 0x205984fc, 0x207182f8,
    0x201382ea, 0x824783f4, 0x42de2007, 0x098205ff, 0xd4ffd424, 0x0782f3ff, 0xf2ffec22, 0xc144af83, 0x89258505, 0xe4ff2105, 0xd1890b85, 0x83050745,
    0x2b498715, 0xf6ff0000, 0xd8ffcfff, 0xf0ffedff, 0xff219d85, 0x220b82e2, 0x82ecffec, 0x42fc2017, 0x198307d3, 0xcc200f82, 0xe220e784, 0xc9412d82,
    0x84ff200c, 0x0f37419f, 0x44f4ff21, 0xa5430909, 0x82ed2006, 0xffce226d, 0x224982ca, 0x85d0ffd6, 0x09a7415b, 0xcd207182, 0xff230d85, 0x82d8ffd6,
    0xffc62229, 0x207786e3, 0x82b183d6, 0x42758411, 0xe22006b9, 0x05871385, 0xbe201586, 0xff200f83, 0xff299d88, 0x00f8fffe, 0xfff8ff00, 0x208d82fa,
    0x200982e6, 0x050542f4, 0xffeaff23, 0x20cb84f1, 0x220982ec, 0x4bf5ffe0, 0x45830f77, 0x21430393, 0x49ed8909, 0xff25097b, 0xffb0ffe6, 0x24d982d8,
    0xffd4ffba, 0x205382a3, 0x054345c0, 0x0a2a6982, 0xa0ffdcff, 0x0800fdff, 0xa983c8ff, 0x82daff21, 0xffd02221, 0x202d8288, 0x276783c6, 0x000092ff,
    0xc4ffc8ff, 0x2305b146, 0x0a00ecff, 0x07201582, 0x17824383, 0x0c00e726, 0xe3fff6ff, 0x8306b141, 0x83002019, 0xe4ff2357, 0x1d82d8ff, 0x4b82dc20,
    0xe2ffe822, 0xee200982, 0x02843382, 0x82dcff21, 0x2457855d, 0x00e4ffd8, 0x826b8400, 0x20098221, 0x212083d2, 0x0583a6ff, 0x0b4b038f, 0x86188408,
    0x08734cb9, 0xff000023, 0x23e983f2, 0xeafffbff, 0x0020cf82, 0xf2209182, 0xff232883, 0x85edffce, 0x20178239, 0x201184e8, 0x066949e4, 0x7143f120,
    0x080b4413, 0x45086947, 0xed200a37, 0x57843f84, 0x4c08ed41, 0xff220c65, 0x294dffb3, 0x82218208, 0xdeff2343, 0x09820a00, 0x3983fa20, 0xe14a038b,
    0x93198b0d, 0x24c3820b, 0xff0000f4, 0x200382fb, 0x200382f7, 0x08bd47f8, 0x2d93fe20, 0x2d822182, 0x8c0c6945, 0x21f78b26, 0xf14cecff, 0x2a11820f,
    0xffd6ffba, 0xffc0ffc4, 0x82b6ffd8, 0x42d1820d, 0x002105bd, 0x20dd8608, 0x201d8214, 0x263782ee, 0xffd4ffca, 0x4d84ffb8, 0x74851769, 0x4382ff20,
    0x058a0985, 0x86000821, 0x22418200, 0x83d0ffdc, 0xb0ff2b0c, 0x0000ecff, 0xe4ffdcff, 0x0782d2ff, 0x78ff6826, 0xf8ffb4ff, 0x60220982, 0x1582d0ff,
    0xc8ffee24, 0x8d82eeff, 0x0d82cc20, 0x85064942, 0x88ff2595, 0xfcfe0000, 0xa0203d82, 0x5b434584, 0x88ff2306, 0x0f8368ff, 0xff210383, 0x26058478,
    0xff0000e4, 0x84dffffc, 0xfff622f1, 0x876d84e0, 0x82f42049, 0x82e2201b, 0xfff62203, 0x20f582f6, 0x220982fa, 0x82f0ffd6, 0x45e42029, 0x49830fa7,
    0x65871d82, 0x8309c943, 0x08e14241, 0xfa222586, 0x0982f1ff, 0xf7ff0526, 0x0a00f5ff, 0xfc203582, 0x02820d82, 0x2b83ff20, 0x1b00f622, 0x00220a82,
    0x0582e0ff, 0xe3ff1c27, 0x0200f6ff, 0x82009f00, 0x84228543, 0x85cf8241, 0x2705850d, 0xe2fff4ff, 0xf0ff0000, 0x4b430182, 0x86ed2005, 0x200d8217,
    0x822b82ff, 0xff002461, 0x82f0ffce, 0xffec2223, 0x15cd49ea, 0x27833183, 0x03890783, 0x850d7943, 0x1dbd4a17, 0x4a000021, 0x398513bd, 0x678f0587,
    0x8615834d, 0x4105202d, 0xff230587, 0x86fdfff6, 0x20068811, 0x065b43ff, 0x2206d543, 0x88f4fff5, 0x51088b1a, 0x1595151b, 0x0b8c378b, 0x8c150d42,
    0x8d0ca622, 0x050b4149, 0x8becff21, 0xe0ff2615, 0xe4ffc6ff, 0x05af4e00, 0x5683d620, 0x0b830d87, 0xff2203b7, 0x4b82fff1, 0xffe4ff25, 0x500000e2,
    0x4f830b31, 0x43dcff21, 0xff2105df, 0x060346d8, 0x4b41d220, 0x09554605, 0x03462583, 0x20098405, 0x20438a0a, 0x8311830c, 0x870783a1, 0x26d18203,
    0xfff4ffe4, 0x82eafff7, 0x00b62209, 0x211f8500, 0x3144eeff, 0x94ff2105, 0xd8226982, 0xa54dd8ff, 0xffe22208, 0x202d82b0, 0x4d3d85ec, 0xff20135f,
    0x1d864382, 0x0b85c584, 0x2b4b0587, 0x21398331, 0x0583f0ff, 0x19510385, 0x09914811, 0x05a12185, 0xa11d0d45, 0x4821c53f, 0x4bb905d1, 0xb92f7146,
    0x41398d69, 0x0c200e81, 0x8d0dab51, 0x8e0d972b, 0x52268543, 0x75822ce1, 0x850c694f, 0x2005c642, 0x9247c62c, 0xecff2746, 0xccffeaff, 0x7b49e4ff,
    0x23208905, 0xacff98ff, 0x820d9754, 0x45f72025, 0x2f890f81, 0x418909a7, 0x84092549, 0x08a9463b, 0x04f40d84, 0xbb8cff21, 0xeeff2d76, 0x0000e4ff,
    0xeaffe4ff, 0xaeffd8ff, 0xe2200982, 0x2509db44, 0xb0ffdcff, 0x2182ecff, 0x0584d020, 0xe0ffe426, 0xc4ffe2ff, 0x71912383, 0x82056747, 0x9143821b,
    0x4511831d, 0x13830f33, 0x69820387, 0x0b85e620, 0x850e8345, 0x4b05a214, 0x28830527, 0xff2141a1, 0x157d51d7, 0x03c53d83, 0x430e9943, 0x83bd2e93,
    0xbd0d7147, 0x4d3d874b, 0x57874fbf, 0x4d4c07af, 0x8f5daf2d, 0x5349412f, 0x95446389, 0x44db890f, 0x1f8f0563, 0x09ad3989, 0xad159756, 0x4a2d8b43,
    0x138b0787, 0xb5960b89, 0x892a2758, 0x52099d4b, 0x00211d0b, 0x110b5200, 0x1da94f9d, 0x420d7758, 0xe74b5725, 0x5b958f05, 0x408830ab, 0x880ff555,
    0x1f022a18, 0x00e01fda, 0x03010001, 0x2205821b, 0x84ec1f00, 0x8410200b, 0x00ce280b, 0x1fce1f02, 0x830300d4, 0xe61f2123, 0x02241382, 0x63016201,
    0xdc241582, 0x0200dc1f, 0x1c223382, 0x49822203, 0x03000128, 0xaa00a900, 0x4b606101, 0x03022e0c, 0x00190318, 0x1fb61f06, 0x1fc21fbc, 0x304984c8,
    0x1fcc1f06, 0x1fd81fd2, 0x1fe41fde, 0x000100ea, 0x22378406, 0x84610160, 0x00042457, 0x86d21f00, 0x82d82003, 0x826c2007, 0x0303224f, 0x08ab600a,
    0x2303062b, 0x0d002403, 0xdd020100, 0x23a782ff, 0x24003a02, 0x3a220b82, 0x0582e2ff, 0xd0ff2a22, 0x6d220582, 0x0582d8ff, 0x0c000322, 0x14200584,
    0xff210583, 0x220584c8, 0x820700ec, 0x82802051, 0x82862003, 0x828c2003, 0x82922003, 0x82982003, 0x829e2003, 0x00a43203, 0xff030202, 0xff6d02c4,
    0x020300cc, 0x021e0083, 0x20038285, 0x3b4783dd, 0x00020b00, 0x31020302, 0x3a023702, 0x82026402, 0x9a028402, 0xbc029b02, 0x5a1f1e00, 0x6021018a,
    0x2101831f, 0x01871fc6, 0x871f6621, 0x1fc62201, 0x24018878, 0x1f6c1f6c, 0x22018272, 0x820f0078, 0x82402075, 0x825e2003, 0x82462003, 0x824c2003,
    0x82522003, 0x86582003, 0x20178313, 0x200b8264, 0x2003826a, 0x20038270, 0x20038276, 0x20038282, 0x0807847c, 0x1e000120, 0x40003f00, 0x42004100,
    0x85004300, 0xbf00be00, 0xeb00c000, 0xed00ec00, 0xef00ee00, 0x517f0f01, 0x7e312008, 0x842c0a93, 0xcd018801, 0xed01d101, 0x101f4d00, 0x46210186,
    0x2101831f, 0x01871f1c, 0x8f1f4c21, 0x1f162101, 0x1c200187, 0x22221b82, 0x0184281f, 0x831f5e21, 0x1f342101, 0x58210187, 0x2101911f, 0x01871f2e,
    0x641f3422, 0x58200188, 0x4c247182, 0x401f3a1f, 0x46204d82, 0x58200382, 0x52204982, 0x5e203d82, 0x6a282182, 0x0100701f, 0x14004d00, 0x2406617c,
    0x002d002c, 0x22e98a2e, 0x824c004b, 0x004e3a1d, 0x0050004f, 0x00520051, 0x00630053, 0x00650064, 0x00670066, 0x00a10085, 0x060941b7, 0xd700d624,
    0x0f41d800, 0xf7003309, 0xf900f800, 0xfb00fa00, 0xfd00fc00, 0xff00fe00, 0x23410001, 0x59300816, 0x7b017a01, 0x95017f01, 0x9e019a01, 0xc401a701,
    0xde01dd01, 0xec01e301, 0xf001ed01, 0x01000003, 0x24009702, 0x45000100, 0x0100f7ff, 0xb4ffc101, 0x852a1182, 0x02000e00, 0xaaff7801, 0xb9828502,
    0x1800022a, 0x0f01f0ff, 0x0300ecff, 0x01290987, 0x000000d2, 0xff330103, 0x283182e7, 0xff9a02a6, 0x000200dc, 0x2045821e, 0x2817820b, 0x00210018,
    0x002f000b, 0x2cf38238, 0x00720068, 0x008b001f, 0x002a0093, 0x2e01829a, 0x009c0033, 0x0034009d, 0x00a0009f, 0x82a20036, 0x00383801, 0x00a700a6,
    0x00ab0039, 0x003b00b6, 0x00cc00c2, 0x00d90047, 0x825200e3, 0x006a08d1, 0x14015d00, 0x5e001e01, 0x48013301, 0x4e016900, 0x7f004e01, 0x51015001,
    0x53018000, 0x82005701, 0x5a015a01, 0x5e018700, 0x88005f01, 0x66016601, 0x6e018a00, 0x8b007001, 0x92019101, 0xa4018e00, 0x9000a401, 0xaf01a901,
    0xb7019100, 0x9800b901, 0xdb01da01, 0xee019b00, 0x9d00ee01, 0xf601f201, 0x05009e00, 0xf6ffcd00, 0x03826001, 0x03826120, 0xf6ff622e, 0xf6ffa002,
    0x63000800, 0x64000c00, 0x65200382, 0x66200382, 0x67240382, 0x7f010c00, 0x94200382, 0x97200382, 0x21820f82, 0x00c8ff23, 0x20038264, 0x20038265,
    0x24038266, 0x01c8ff67, 0x2003827f, 0x20038294, 0x830f8297, 0x82ec2021, 0x00ec2621, 0x00ecff65, 0x22038266, 0x82ecff67, 0x01ec2221, 0x20078294,
    0x2c0f8297, 0x00240002, 0x00210001, 0x00240000, 0x36078283, 0x00a80085, 0x00ab0081, 0x00a500c0, 0x002f01c2, 0x013101bb, 0x8329015f, 0x580131d9,
    0x6a016801, 0x6c015901, 0x5c017701, 0x7b017901, 0x7d260f82, 0x6b018101, 0x01828301, 0x85017034, 0x71018701, 0x93018901, 0x95017401, 0x7f019601,
    0x01829801, 0x9a018128, 0x8201a201, 0x0182a401, 0xa6018b2a, 0x8c01af01, 0xb301b101, 0xb52c1f82, 0x9901b901, 0xc001bc01, 0xc4019e01, 0xa3240182,
    0xca01c601, 0xcc342582, 0xa901cc01, 0xd001ce01, 0xd201aa01, 0xad01e001, 0xe401e301, 0x36082782, 0x01e601e6, 0x01ea01be, 0x02bf01f6, 0x01b802b8,
    0x02bc02cc, 0x02cd01bc, 0x01be02be, 0x02c102ce, 0x02cf01c1, 0x01c502c5, 0x030003d0, 0x00d10100, 0x0063000d, 0x82640014, 0x82652003, 0x82662003,
    0x82672003, 0x00e42403, 0x82e5001e, 0x82e62003, 0x00e72803, 0x007f011e, 0x82940114, 0x82972003, 0x82dc2003, 0x00122613, 0x00c4ff63, 0x20038264,
    0x20038265, 0x20038266, 0x24038267, 0x00ccff73, 0x20038274, 0x20038275, 0x20038276, 0x20038277, 0x20038278, 0x280382a3, 0x01ccffa4, 0x01c4ff7f,
    0x20038294, 0x20038297, 0x200f829b, 0x2417829f, 0xff730017, 0x223582d8, 0x827500d8, 0x82762007, 0x82772003, 0x82782003, 0x82a32003, 0x82a42003,
    0xffcd2803, 0xff0f01f6, 0x821001f2, 0x82112003, 0x82122003, 0x82132003, 0x0a0b4203, 0x82630121, 0xff9b240f, 0x829f01d8, 0x82c82003, 0xffd42a0b,
    0xffa002f2, 0x000200f6, 0x08b9412b, 0x00382208, 0x003c0021, 0x00360083, 0x00a80085, 0x00ab007e, 0x00a200c0, 0x002f01c2, 0x013101b8, 0x0126015f,
    0x22018266, 0x82680155, 0x01562a01, 0x017b016d, 0x017d0157, 0x3e13827f, 0x01830183, 0x01860169, 0x016a0187, 0x018e0189, 0x0191016c, 0x01720192,
    0x01960194, 0x82980174, 0x01772201, 0x2a01829a, 0x019c0178, 0x017901a1, 0x82a401a3, 0x01a62837, 0x018101a7, 0x82af01a9, 0x01b6283d, 0x018a01b9,
    0x82c101bf, 0x01c4223d, 0x223f82c4, 0x82ca01c6, 0x01cc2843, 0x019701cc, 0x82d001cf, 0x01d52243, 0x284382d5, 0x01d701d7, 0x01da019b, 0x264b82df,
    0x01e301e3, 0x82e601a2, 0x01a32201, 0x2e0182ea, 0x01ec01a4, 0x01a501ee, 0x01f601f0, 0x82f801a8, 0xaf280801, 0xb802b802, 0xbc02b001, 0xb101bc02,
    0xbe02be02, 0xc102b201, 0xb301c102, 0xc502c502, 0x0003b401, 0xb5010003, 0x541aa300, 0x00240190, 0x241a001a, 0x2a210192, 0x2101911a, 0x01931a5a,
    0x8f1a3021, 0x84542001, 0x203f834f, 0x211b845a, 0x01931a4e, 0x481a0622, 0x36220192, 0x0194601a, 0x121a0c22, 0x3c210194, 0x2101931a, 0x01931a42,
    0x6f844e20, 0x12205f89, 0x42213b82, 0x24ad851a, 0x1a181a24, 0x85f3821e, 0x842420cb, 0x202f8509, 0x208f8448, 0x842b8436, 0x0100270b, 0x0c005300,
    0x42180d00, 0x0031097f, 0x001e001d, 0x0020001f, 0x00230021, 0x00580054, 0x0a174662, 0x009c5608, 0x00bf009d, 0x00e800cd, 0x010401ed, 0x01060105,
    0x01110107, 0x0120011f, 0x01220121, 0x01240123, 0x01270126, 0x01290128, 0x012b012a, 0x015b014b, 0x0160015c, 0x01680167, 0x016b0169, 0x016e016c,
    0x0170016f, 0x017f0172, 0x018b0189, 0x018d018c, 0x01980197, 0x914418ac, 0x01c82c08, 0x01ca01c9, 0x01e801e4, 0x48f101e9, 0xa02a0a21, 0x4f00bc02,
    0xf2ffb800, 0x0382b900, 0x0382ba20, 0x0382bb20, 0x0382bc20, 0x0382bd20, 0x0382be20, 0x0382bf20, 0x0382c020, 0x0382c120, 0x0382c220, 0x0382c320,
    0x0382c420, 0x0382c520, 0x0382c620, 0x0382c720, 0x0382c820, 0x0382c920, 0x0382ca20, 0x0382cb20, 0x0382cc20, 0x0382ce20, 0x0382cf20, 0x0382d020,
    0x0382d120, 0x0382d220, 0x0382d320, 0x0382d420, 0x0382d520, 0x0382f720, 0x0382f820, 0x0382f920, 0x0382fa20, 0x0382fb20, 0x0382fc20, 0x0382fd20,
    0x0382fe20, 0xf2ffff24, 0x03820001, 0x03820320, 0x03820820, 0x03820920, 0x03820a20, 0x03820b20, 0x03820c20, 0x03820d20, 0x03823e20, 0x03823f20,
    0x03824020, 0x03824120, 0x03824220, 0x03824320, 0x03824420, 0x03824520, 0x03824620, 0x03824720, 0x03824820, 0x03824f20, 0x03825020, 0x03825120,
    0x03825220, 0x03825920, 0x03825f20, 0x0382b020, 0x0382b620, 0x0382b720, 0x0382b820, 0x0382b920, 0x0382bb20, 0x0121e382, 0x820782c7, 0xd70121cf,
    0xd8200782, 0xd9200382, 0xe3200382, 0xee200382, 0xf3200382, 0xf4200382, 0x4f26a782, 0xc7ffb800, 0x0382b900, 0x0382ba20, 0x0382bb20, 0x0382bc20,
    0x0382bd20, 0x0382be20, 0x0382bf20, 0x0382c020, 0x0382c120, 0x0382c220, 0x0382c320, 0x0382c420, 0x0382c520, 0x0382c620, 0x0382c720, 0x0382c820,
    0x0382c920, 0x0382ca20, 0x0382cb20, 0x0382cc20, 0x0382ce20, 0x0382cf20, 0x0382d020, 0x0382d120, 0x0382d220, 0x0382d320, 0x0382d420, 0x0382d520,
    0x0382f720, 0x0382f820, 0x0382f920, 0x0382fa20, 0x0382fb20, 0x0382fc20, 0x0382fd20, 0x0382fe20, 0xc7ffff24, 0x03820001, 0x03820320, 0x03820820,
    0x03820920, 0x03820a20, 0x03820b20, 0x03820c20, 0x03820d20, 0x03823e20, 0x03823f20, 0x03824020, 0x03824120, 0x03824220, 0x03824320, 0x03824420,
    0x03824520, 0x03824620, 0x03824720, 0x03824820, 0x03824f20, 0x03825020, 0x03825120, 0x03825220, 0x03825920, 0x03825f20, 0x0382b020, 0x0382b620,
    0x0382b720, 0x0382b820, 0x0382b920, 0x0382bb20, 0x0121e382, 0x820782c7, 0xd70121cf, 0xd8200782, 0xd9200382, 0xe3200382, 0xee200382, 0xf3200382,
    0xf4200382, 0xb6220382, 0x018f2018, 0x82f81521, 0x18fe2401, 0x8a5e1620, 0x16042101, 0x17210184, 0x21019166, 0x01866416, 0x07830a20, 0x17fc1723,
    0x21018454, 0x0190176c, 0x82101621, 0x16162201, 0x2001841c, 0x20058240, 0x242d82fa, 0x16fc17fc, 0x22038258, 0x8f601722, 0xe0152901, 0x28161217,
    0x42176416, 0x16230183, 0x874e172e, 0x34162501, 0xe2167e17, 0x3a220186, 0x01942618, 0x6a162022, 0x17230187, 0x891418ae, 0x70162101, 0x40240186,
    0x4c164616, 0x52220184, 0x01907217, 0x9b859982, 0x18fc1725, 0x835e1620, 0x838b82f9, 0x186028d5, 0x186a1626, 0x84701614, 0x17fc2233, 0x24019478,
    0x1784170c, 0x210189ea, 0x01837616, 0x098a0f89, 0x2c18cc24, 0x018dca16, 0x84c01721, 0x17f02101, 0x16230190, 0x85a217d0, 0x7c162101, 0x82220182,
    0x01838a14, 0x14881625, 0x848e168a, 0x16c02233, 0x8a0784be, 0x216b857b, 0x91829416, 0xd616ba22, 0x16235385, 0x879c179a, 0xa0162501, 0xa616b417,
    0xac220186, 0x0194d616, 0xdc16b222, 0x17230187, 0x89d817ba, 0x08894101, 0x7982b820, 0x9317de21, 0x17e42101, 0xc6210193, 0x21018217, 0x0582c416,
    0xa1867820, 0x9b85ca20, 0x84f01721, 0x82ea20e5, 0x17dc2487, 0x82e216d8, 0x18e42653, 0x16201820, 0x067f42e8, 0xee164824, 0x01845a17, 0x4e174e2c,
    0xfa16f416, 0x60175417, 0x11821217, 0x06170024, 0x01820c17, 0x0d821220, 0x1e171832, 0x4e172417, 0x30172a17, 0x3c173617, 0x90174217, 0x48202582,
    0x542a1182, 0x84171418, 0x7e17ae17, 0x33826c17, 0x41176021, 0x662005fd, 0x72220d82, 0x15827817, 0x24053b41, 0x17b417b4, 0x20998296, 0x20038284,
    0x20ef848a, 0x204182ba, 0x20138290, 0x24a7849c, 0x17c017a2, 0x204582a8, 0x202782ea, 0x240b82ba, 0x17cc17c6, 0x202782d2, 0x20ed82de, 0x302184ea,
    0x18fc17f6, 0x18081802, 0x1814180e, 0x17d2011a, 0x29018f16, 0xf615f615, 0x1617c414, 0x01890c15, 0x85ca1421, 0x7e152101, 0x12210192, 0x23018a15,
    0xfc15d014, 0x16250183, 0x16d6142c, 0x21018d2c, 0x0183d815, 0x83dc1421, 0x23198901, 0xf2168a15, 0x15230187, 0x8f1a16ae, 0xe2142901, 0xe814a815,
    0xf414ee14, 0x15210185, 0x230189c0, 0x0015fa14, 0x17210187, 0x2201941c, 0x87181516, 0x08162301, 0x01890a17, 0x851e1521, 0x22898201, 0x850615f2,
    0x32162101, 0x1521018f, 0x230189c6, 0x0c151617, 0x1220ff84, 0x1a28bd84, 0x18151c17, 0x1e150a17, 0x15233383, 0x933816c6, 0x24152501, 0xce165016,
    0x15210189, 0x2101832a, 0x0191e616, 0x17301525, 0x8ee01622, 0x16bc2101, 0xec210183, 0x23019016, 0x8c165a15, 0x15210185, 0x22018e4e, 0x89541536,
    0x87798901, 0x3c152109, 0xb0249182, 0x42158616, 0x16210185, 0x2301897a, 0xb8114815, 0x16210187, 0x22019486, 0x876015a4, 0xb0162301, 0x01896615,
    0x8d82fd87, 0xda165422, 0xdd8f0194, 0xc2210f85, 0x20018716, 0x24a38238, 0x16e616e6, 0x84ef87e0, 0x82ce20e5, 0x156022ab, 0x3a5f8266, 0x17e016da,
    0x156c1516, 0x16721572, 0x167815f2, 0x15261626, 0x15f0157e, 0x83141684, 0xf6152101, 0x8a340182, 0x1a16fc15, 0x9015a815, 0x20169615, 0x9c152016,
    0xa2150e16, 0xa8200182, 0xae261382, 0xba15b415, 0x1f82c015, 0xcc15c628, 0xd815d215, 0x4f82de15, 0x0f82e420, 0x4582ea20, 0xfc15f62c, 0x02160a17,
    0x0e160816, 0x4f822c16, 0x3f821a20, 0x20050f42, 0x200f8226, 0x227f8232, 0x8244163e, 0x16b02201, 0x06bd414a, 0x8316c821, 0x16aa2201, 0x20b782aa,
    0x22038250, 0x82d41656, 0x16b02401, 0x825c16b6, 0x16622e01, 0x16681662, 0x1674166e, 0x1680167a, 0x28d38486, 0x16bc168c, 0x16981692, 0x202d829e,
    0x833782a4, 0x82bc202b, 0x82e020ff, 0x82ce2049, 0x82e1823b, 0x82ec205b, 0x16f22e2b, 0x17fe16f8, 0x170a1704, 0x00010010, 0xaf4d1837, 0x181a2016,
    0x080a014d, 0x69026629, 0x6d026c02, 0x70026f02, 0x76027202, 0x7a027802, 0x80027b02, 0x95029402, 0x9c029a02, 0x9f029e02, 0xad02aa02, 0x1802c502,
    0x2b18274c, 0xd402d302, 0xf302d502, 0x23000200, 0xfb3b7182, 0xfc010d00, 0x0200fc01, 0xfd01fd01, 0xfe010600, 0x1600fe01, 0xff01ff01, 0x82021500,
    0x0f002822, 0x01020102, 0x82020e00, 0x13003700, 0x03020302, 0x04021200, 0x0c000402, 0x05020502, 0x1a020200, 0x05821a02, 0x5f025e2e, 0x60020100,
    0x03006102, 0x62026202, 0x66240b82, 0x08006602, 0x6922ad82, 0xb1820b00, 0x14006c22, 0x6d22b582, 0xb9820400, 0x1d826f20, 0x70027022, 0x72222982,
    0x0b827202, 0x76027622, 0x78282982, 0x07007802, 0x7a027a02, 0x7b240582, 0x10007b02, 0x8022d582, 0xd9831100, 0x9a242382, 0x05009a02, 0x9c20df82,
    0xe3820582, 0x82090021, 0x00aa22e5, 0x20e9820a, 0x267d82ad, 0x00c502c5, 0x82f30206, 0x820420d3, 0x842620b2, 0x8a0420d5, 0x901220d5, 0x841020d5,
    0x840f20d5, 0x840220d5, 0x841420d5, 0x980420d5, 0x026322cf, 0x227b8263, 0x82650265, 0x20db83ab, 0x20db8409, 0x20db840d, 0x20db840b, 0x22db920e,
    0x82730273, 0x02752235, 0x83358275, 0x020921e7, 0x1126db83, 0x81028102, 0xdb8a1300, 0x9b020624, 0xf9829b02, 0x9c029c22, 0x9d22c982, 0x0b829d02,
    0x0a20e783, 0x0c20e784, 0x1720e78a, 0x0b20e784, 0x282ae782, 0x83000100, 0x85000000, 0x0782bf00, 0x0d01c138, 0x0f01be00, 0x0b012f01, 0x69013101,
    0x6b012c01, 0x65017401, 0x01827601, 0x78016f22, 0x30065950, 0x017c0186, 0x01920189, 0x0195017e, 0x0188019d, 0x2201829f, 0x82a10191, 0x01923a01,
    0x01a701a4, 0x01ac0193, 0x019701ad, 0x01bf01af, 0x01c10199, 0x01aa01d0, 0x300182d3, 0x01d701ba, 0x01bb01e0, 0x01ef01e2, 0x01f101c5, 0x081382f7,
    0xf901f958, 0xfb01da01, 0xdb010102, 0x05020302, 0x1a02e201, 0xe5011a02, 0x62025e02, 0x6602e601, 0xeb016602, 0x69026902, 0x6c02ec01, 0xed017002,
    0x72027202, 0x7602f201, 0xf3017602, 0x7b027802, 0x8002f401, 0xf8018002, 0x96029402, 0x9802f901, 0xfc019802, 0xa0029a02, 0xf383fd01, 0x83040221,
    0x050227f3, 0xd502c502, 0xf3830602, 0x82170221, 0x82cc20f3, 0x000b24f3, 0x820c0008, 0x00072201, 0x2801820d, 0x000e000e, 0x00110013, 0x2e018214,
    0x00150003, 0x001e0017, 0x00210018, 0x82220007, 0x00032201, 0x28018223, 0x0024002c, 0x0009002b, 0x30018230, 0x0039000a, 0x000a003b, 0x003e003c,
    0x003f000f, 0x282d8240, 0x00410041, 0x0042002d, 0x260b8243, 0x0053004b, 0x82540003, 0x00072201, 0x24018255, 0x00560021, 0x22118257, 0x825b0058,
    0x005c2261, 0x220b8261, 0x82620062, 0x00632875, 0x00120067, 0x82720068, 0x0073224d, 0x228b8278, 0x82790079, 0x007a2253, 0x2685827f, 0x00830080,
    0x82850019, 0x00182401, 0x828a0087, 0x008b223b, 0x22b58293, 0x82990094, 0x009a2689, 0x0008009a, 0x2401829b, 0x009c0011, 0x22ad829d, 0x829e009e,
    0x00a12217, 0x225f82a1, 0x82a200a2, 0x00a32253, 0x225382a4, 0x82a500a5, 0x00a62247, 0x223b82a7, 0x82a800a8, 0x00a92223, 0x2c0b82aa, 0x00b500ab,
    0x00b60006, 0x000100bd, 0x240182bf, 0x00c1001d, 0x3a0b82cc, 0x00cd00cd, 0x00ce0020, 0x000200d5, 0x00d800d6, 0x00e80004, 0x001000ea, 0x82ec00eb,
    0x00ed282f, 0x001d00ed, 0x82ef00ee, 0x00f0220b, 0x341d82f6, 0x000201f7, 0x01030101, 0x01020003, 0x00070104, 0x01080113, 0x2e11820d, 0x0010010f,
    0x0111011a, 0x011d0011, 0x82130112, 0x0114220b, 0x2e23821e, 0x0024011f, 0x01250105, 0x01100025, 0x822b0126, 0x012c340b, 0x011b002f, 0x00310131,
    0x01320106, 0x0104003d, 0x8248013e, 0x014b2229, 0x223b824b, 0x824e014e, 0x014f2217, 0x22538251, 0x82520152, 0x01592217, 0x220b8259, 0x825a015a,
    0x015b220b, 0x2241825c, 0x825d015d, 0x015e2241, 0x223b825e, 0x825f015f, 0x01602817, 0x01200060, 0x82620162, 0x0163223b, 0x3a7d8263, 0x00650164,
    0x01660126, 0x01080066, 0x00680167, 0x0169010e, 0x01120069, 0x826c016b, 0x016d2205, 0x2e17826d, 0x0070016e, 0x01710107, 0x010f0071, 0x82720172,
    0x01762223, 0x340b8276, 0x007b017b, 0x017d0103, 0x0121007d, 0x007e017e, 0x017f0111, 0x2835827f, 0x00810180, 0x0182010d, 0x221d8282, 0x82830183,
    0x01852829, 0x01160085, 0x82890189, 0x018a223b, 0x220b828a, 0x828d018b, 0x018e220b, 0x2223828e, 0x828f018f, 0x0190223b, 0x220b8290, 0x82920191,
    0x0195221d, 0x220b8295, 0x82960196, 0x0197220b, 0x22298298, 0x82990199, 0x019a2247, 0x2217829a, 0x829b019b, 0x019c225f, 0x2211829d, 0x829f019f,
    0x01a1220b, 0x220b82a1, 0x82a401a4, 0x01a5222f, 0x222382a5, 0x82a701a7, 0x01ac2205, 0x22b982ac, 0x82af01af, 0x01b02eef, 0x010100b1, 0x00b501b2,
    0x01b60113, 0x280b82b9, 0x00ba01ba, 0x01bb0110, 0x280b82bb, 0x00be01bc, 0x01bf0102, 0x221182bf, 0x82c301c1, 0x01c4220b, 0x281782c4, 0x00c501c5,
    0x01c60104, 0x220b82c7, 0x82c801c8, 0x01c9283b, 0x010500ca, 0x82cb01cb, 0x01cc2211, 0x222f82cc, 0x82d001cd, 0x01d3222f, 0x220582d3, 0x82d901d7,
    0x01da2217, 0x220b82db, 0x82dd01dd, 0x01de223b, 0x221182de, 0x82df01df, 0x01e02211, 0x221182e0, 0x82e201e2, 0x01e32235, 0x221782e3, 0x82e401e4,
    0x01e5224d, 0x221182e6, 0x82e901e8, 0x01ea220b, 0x220b82ea, 0x82eb01eb, 0x01ec222f, 0x222f82ec, 0x82ee01ee, 0x01ef2229, 0x221182ef, 0x82f101f1,
    0x01f22223, 0x221782f2, 0x82f301f3, 0x01f42211, 0x281d82f4, 0x00f701f7, 0x01f90108, 0x080582f9, 0xfb01fb3e, 0xfc013100, 0x1c00fc01, 0xfd01fd01,
    0xfe012500, 0x3900fe01, 0xff01ff01, 0x00023800, 0x33000002, 0x01020102, 0x03023200, 0x36000302, 0x04020402, 0x05023000, 0x1c000502, 0x1a021a02,
    0x5e2e0582, 0x15005f02, 0x61026002, 0x62021f00, 0x0b826202, 0x02662008, 0x02290066, 0x00690269, 0x026c022f, 0x0237006c, 0x006d026d, 0x026e0222,
    0x0227006e, 0x826f026f, 0x02702223, 0x222f8270, 0x82720272, 0x0276220b, 0x282f8276, 0x00780278, 0x02790228, 0x22238279, 0x827a027a, 0x027b2e0b,
    0x0234007b, 0x00800280, 0x02940235, 0x28298295, 0x00960296, 0x0298022b, 0x2e058298, 0x009a029a, 0x029b0223, 0x0224009b, 0x829c029c, 0x029d220b,
    0x340b829d, 0x009f029e, 0x02a0022a, 0x022000a0, 0x00aa02aa, 0x02ad022e, 0x30a782ad, 0x00c502c5, 0x02c60225, 0x020b00d5, 0x00f302f3, 0x22dc8222,
    0x440100d4, 0x012a08c5, 0x13000e00, 0x14000300, 0x15821500, 0x17001622, 0x18220b82, 0x0b822100, 0x2409c544, 0x00240001, 0x2217822b, 0x8238002c,
    0x00392c17, 0x0019003b, 0x0041003c, 0x8242000a, 0x00012201, 0x24018243, 0x0044002a, 0x221d824a, 0x8254004b, 0x00552229, 0x200b8256, 0x08bf4457,
    0x44000121, 0x012409bf, 0x67006300, 0x68257582, 0x0b007200, 0x09bf4400, 0x7a00112a, 0x12007f00, 0x83008000, 0x85228b82, 0x41828a00, 0x2209b944,
    0x829a0003, 0x00072201, 0x2401829b, 0x009c0003, 0x221d829d, 0x829e009e, 0x009f226b, 0x440b82a0, 0x0b2109bf, 0x09bf4400, 0x44001521, 0x032209bf,
    0x0182a900, 0xaa000722, 0x0b280182, 0xb600ab00, 0xb7000500, 0x01280182, 0xcc00b800, 0xcd000200, 0x16200182, 0x2008bf44, 0x285382e3, 0x00e700e4,
    0x00e80017, 0x250b82ea, 0x00ef00eb, 0xb9440014, 0x00002307, 0x00820102, 0x01040023, 0x0ec54402, 0x08010424, 0x1d820d01, 0x010e2008, 0x0101000e,
    0x0013010f, 0x0114010f, 0x0109001e, 0x0024011f, 0x01250106, 0x01130025, 0x822b0126, 0x012c2e0b, 0x0118002f, 0x00310131, 0x01320114, 0x244d8232,
    0x003d0133, 0x06c54405, 0x4d014922, 0x4e224182, 0x11824e01, 0x52014f22, 0x53225382, 0x11825801, 0x59015922, 0x5a220b82, 0x53825a01, 0x5c015b22,
    0x5d224782, 0x47825d01, 0x5e015e22, 0xc5442982, 0x00622607, 0x01630116, 0x2e7d8263, 0x00650164, 0x01660122, 0x01070066, 0x826a0167, 0x016b2841,
    0x010a006c, 0x826d016d, 0x016e2211, 0x2e118270, 0x00710171, 0x01720111, 0x012b0072, 0x82740173, 0x01762211, 0x22058277, 0x827a0179, 0x05c54405,
    0x7d017c22, 0x7e300b82, 0x03007e01, 0x7f017f01, 0x80010e00, 0x1c008101, 0x240ac544, 0x01840111, 0x22238284, 0x828a0186, 0x018c2805, 0x0119008c,
    0x828d018d, 0x448e206b, 0x0a2408b9, 0x94019401, 0x95223b82, 0x17829501, 0x97019722, 0x98220b82, 0x0b829801, 0x99019922, 0xbf448382, 0x829c200d,
    0x019d2211, 0x444d829e, 0x112409c5, 0xa401a301, 0xc5441182, 0x82ad200d, 0x01af3411, 0x010500af, 0x00b001b0, 0x01b10102, 0x010400b5, 0x82b901b6,
    0x01ba280b, 0x011300ba, 0x82bb01bb, 0x01bc220b, 0x281782bf, 0x00c101c1, 0x01c2011e, 0x220b82c3, 0x82c401c4, 0x01c52217, 0x220b82c6, 0x82c701c7,
    0x01c82e0b, 0x010f00c8, 0x00ca01c9, 0x01cb0106, 0x221182cb, 0x82cc01cc, 0x01cd2241, 0x282382cd, 0x00ce01ce, 0x01cf0109, 0x220b82d0, 0x82d301d2,
    0x01d42205, 0x222f82d4, 0x82d501d5, 0x01d62253, 0x221182d6, 0x82d901d7, 0x01da2235, 0x280b82db, 0x00dc01dc, 0x01dd0117, 0x22a182dd, 0x82de01de,
    0x01e12211, 0x220b82e1, 0x82e201e2, 0x01e32253, 0x222982e3, 0x82e401e4, 0x01e5226b, 0x221182e5, 0x82e701e6, 0x01e8221d, 0x221182e9, 0x82ea01ea,
    0x01eb2211, 0x227182eb, 0x82ed01ec, 0x01ee2217, 0x222f82ee, 0x82ef01ef, 0x01f12247, 0x222382f1, 0x82f201f2, 0x01f322f5, 0x221782f4, 0x44f601f5,
    0x2b0806e9, 0x01f90107, 0x010700f9, 0x00fb01fb, 0x01fc011d, 0x011a00fc, 0x00fd01fd, 0x01fe0131, 0x013500fe, 0x00ff01ff, 0x02000234, 0x022f0000,
    0x23080082, 0x03021a00, 0x33000302, 0x04020402, 0x1a021d00, 0x1a001a02, 0x5f025e02, 0x60021000, 0x1b006102, 0x62026202, 0x26080b82, 0x00630263,
    0x0265021f, 0x02250065, 0x00690269, 0x026c022d, 0x0229006c, 0x006d026d, 0x026e022e, 0x0223006e, 0x826f026f, 0x02702229, 0x22358270, 0x82720272,
    0x0273220b, 0x22358273, 0x82750275, 0x02782835, 0x02240078, 0x82790279, 0x027a2229, 0x2e0b827a, 0x007b027b, 0x02810230, 0x02320081, 0x82950294,
    0x02962e2f, 0x02270096, 0x00970297, 0x02980228, 0x220b8298, 0x82990299, 0x029a2e0b, 0x0220009a, 0x009b029b, 0x029c0221, 0x220b829c, 0x829d029d,
    0x029e340b, 0x0226009f, 0x00a002a0, 0x02aa0216, 0x022c00aa, 0x82ad02ad, 0x02c530bf, 0x023600c5, 0x00d502c6, 0x02f30208, 0x832900f3, 0x96062dee,
    0x96060200, 0x01009c06, 0x14021e00, 0x9620118a, 0xc7281182, 0x02000000, 0x9006c201, 0x00230587, 0x82900600, 0xff732817, 0x0302000c, 0x878a06e4,
    0xaa012105, 0xde200b84, 0xd8200584, 0x06210583, 0x2229828a, 0x8a240602, 0x84902005, 0x841e206b, 0x8a182005, 0x82732077, 0x00012265, 0x2f0583ab,
    0x55011201, 0x6e010100, 0x01003402, 0x8701a700, 0x10220b82, 0x05820801, 0x17832f20, 0x01ca0023, 0x220b828b, 0x82630156, 0x82762005, 0x020122ad,
    0x21058331, 0x0b847a01, 0xc6026e26, 0x3b020100, 0x00230b83, 0x821202da, 0x84be2041, 0x8461200b, 0x84a82005, 0x84592005, 0x84a02005, 0x84bd2005,
    0x84bb2005, 0x84892005, 0x84cc2005, 0x84b52005, 0x84c12005, 0x84622005, 0x84cf2005, 0x84cb2005, 0x841c2077, 0x01b12289, 0x225f827c, 0x820a0199,
    0x02b92289, 0x220b8269, 0x822001d2, 0x01842205, 0x82b38490, 0x790221c5, 0x66222f84, 0x11823a02, 0x0b837820, 0x84030221, 0x8326202f, 0xa4002105,
    0x8b203584, 0x24202f84, 0xa5221784, 0xbf827501, 0x00009a28, 0x17030100, 0x05821b00, 0x05833e20, 0x83ff0121, 0xc6002111, 0xbf200584, 0x02210583,
    0x200b842c, 0x210583c2, 0x0b848d01, 0xf9018d26, 0xf0010100, 0x15201d84, 0x01220583, 0x418200b3, 0x84240221, 0x849d2011, 0x00cc2611, 0x00010002,
    0x200b84b5, 0x20178456, 0x200b840d, 0x26058444, 0x000cff74, 0x845e0101, 0x845e200b, 0x8439200b, 0xff75260b, 0x0101006a, 0x200b843a, 0x20178461,
    0x2005844e, 0x2005841c, 0x20058439, 0x20058472, 0x2023844f, 0x200b844f, 0x20058475, 0x20118472, 0x20058474, 0x200584e4, 0x20058421, 0x2005842f,
    0x8305852e, 0xab002129, 0xba202f84, 0xe7201184, 0x00210583, 0x20118480, 0x201d8412, 0x201184f3, 0x201184f3, 0x200b8418, 0x200b8499, 0x201d8428,
    0x200b848b, 0x20a78421, 0x2005847e, 0x20478422, 0x2005849f, 0x2005841c, 0x2005849b, 0x2005844c, 0x20058481, 0x200584bd, 0x20058410, 0x2005843c,
    0x200584d3, 0x20058449, 0x210583a0, 0x05831503, 0x84f40221, 0x84902071, 0x84892005, 0x84d4201d, 0x84792017, 0x8461200b, 0x84e12005, 0x844e2005,
    0x84662005, 0x84702005, 0x84772005, 0x84402005, 0x848c203b, 0x84dd2005, 0x84132011, 0x84622005, 0x84312005, 0x841d2005, 0x84982005, 0x84532005,
    0x84122005, 0x838e202f, 0x030221d1, 0x3d201184, 0x32200584, 0x30200584, 0x28200584, 0x8b202384, 0x19260b84, 0x01000200, 0x11842401, 0x3583b920,
    0x830f0121, 0x1e01210b, 0x26200584, 0x80201784, 0x73200b84, 0x75200584, 0x26260584, 0x01005b00, 0x3b844901, 0x2920dd85, 0xa5201784, 0x58200584,
    0x5b200584, 0xcf203b84, 0x0d26f584, 0x0100c602, 0x05844401, 0x05837320, 0x84e90221, 0x844e200b, 0x8424200b, 0x843a200b, 0x84742005, 0x84542005,
    0x84622005, 0x841c2005, 0x844f2005, 0x846f2005, 0x84712005, 0x84e42005, 0x84212005, 0x02d32205, 0x205f8214, 0x2005842f, 0x20058419, 0x200584ba,
    0x210583e7, 0x0b84d000, 0xd0023328, 0x80000100, 0x2982a402, 0x11842820, 0x05848c20, 0x05849f20, 0x05841520, 0x4d844a20, 0x05844b20, 0x05849b20,
    0x05843f20, 0x05844c20, 0x0584bd20, 0x05846d20, 0x05841020, 0x05843c20, 0x0584d320, 0x05844920, 0x05837520, 0x84150321, 0x84f420d7, 0x843b2011,
    0x83722005, 0x90002105, 0x89200584, 0xe3201184, 0xfb200584, 0x98200584, 0x59200584, 0xe1200584, 0x56200584, 0x66200584, 0x31200584, 0x3d200584,
    0x30200584, 0x65200584, 0x77200584, 0x1a200584, 0x43200584, 0x8c205984, 0xdd200584, 0x1c201184, 0x2d20d184, 0x0a200584, 0x62200584, 0xfd440584,
    0x841d2005, 0x8498200b, 0x84292005, 0x83492005, 0xcd022105, 0x72200584, 0x0b201184, 0x1f200584, 0x22200584, 0x00210583, 0x200b849c, 0x20058497,
    0x26118457, 0x00c902a5, 0x84180101, 0x842b2011, 0x84302005, 0x84352005, 0x0281261d, 0x000100b2, 0x208f848b, 0x20178423, 0x20058426, 0x20058414,
    0x20058410, 0x22058424, 0x82120226, 0x84802029, 0x8480200b, 0x0226222f, 0x2259826f, 0x82b90236, 0x05314105, 0x17842920, 0x0584a520, 0x05845820,
    0xef845b20, 0x0583cf20, 0x010e0223, 0x26418290, 0x000a01b8, 0x84270201, 0x84592005, 0x83cb20cb, 0x3e042705, 0x01000000, 0x05834304, 0x05840220,
    0x838d0321, 0x9203210b, 0x01210583, 0x201784f5, 0x2005840e, 0x21058335, 0x0b84b800, 0x23842720, 0x5f838d20, 0x84920321, 0x84b5206b, 0x85f12077,
    0x295f8471, 0x00a4020a, 0x02b80001, 0x77820091, 0x67820582, 0x38083582, 0x0070000a, 0x44020018, 0x01544c46, 0x74616c10, 0x0014016e, 0x0146012b,
    0x0288024e, 0x01600256, 0x016a0256, 0x015e0156, 0x016e0166, 0x017e0176, 0x018e0186, 0x019e0196, 0x080182a6, 0xc601ae54, 0xbe01b601, 0x7402c601,
    0x7e02ce01, 0xde01d601, 0xee01e601, 0xfe01f601, 0x0e020602, 0x1e021602, 0x2e022602, 0x3e023602, 0x4e024602, 0x61611c00, 0xcc02746c, 0x65736163,
    0x63633c02, 0xe602706d, 0x67696c64, 0x6e644202, 0x48026d6f, 0x63617266, 0x1082dc02, 0x4e026128, 0x6c636f6c, 0x05845402, 0x05845a20, 0x05846020,
    0x05846620, 0x756e6c2d, 0x7202726d, 0x6e64726f, 0x8270d402, 0x78022d0c, 0x666e6973, 0x73737e02, 0x84023130, 0x32220582, 0x05828a02, 0x90023322,
    0x34220582, 0x05829602, 0x9c023522, 0x36220582, 0x0582a202, 0xa8023722, 0x38220582, 0x0582ae02, 0xb402392f, 0x73627573, 0x7573ba02, 0xc0027370,
    0x374d8374, 0x004802c6, 0x00440200, 0x455a410a, 0x435c0520, 0x04205441, 0x54524384, 0x4b220b82, 0x05825a41, 0x48414d34, 0x4dba0420, 0x05204c4f,
    0x444c4e26, 0x52f00420, 0x0b824d4f, 0x29825420, 0x545c0524, 0x23824b52, 0x00010029, 0x06010000, 0x8303002c, 0x4a052107, 0x02240f85, 0x000200c0,
    0x02211782, 0x200f8690, 0x20078618, 0x220786b4, 0x840600e4, 0x855a201f, 0xfe01210f, 0xfc200786, 0x62201786, 0x02210f85, 0x21078564, 0x0786ea01,
    0x0786e820, 0x0786e620, 0x0786e420, 0x0786e220, 0x0785e020, 0x005a0223, 0x205f8404, 0x210f8502, 0x0786ce01, 0x0785cc20, 0x0426f982, 0x01000800,
    0x27820e02, 0x46200783, 0x03211785, 0x20078622, 0x21078538, 0x0786a201, 0x0785a020, 0x853e0321, 0x34022107, 0x01210785, 0x2107858e, 0x0785ba04,
    0x82840121, 0x00102407, 0x82920101, 0x8206207d, 0x02022403, 0x842e021c, 0x020222d3, 0x85758236, 0x02502213, 0x22138662, 0x827c026a, 0x00102609,
    0x02840202, 0x202f8296, 0x203f8200, 0x2207821f, 0x84200001, 0x84152005, 0x84212005, 0x84092005, 0x840c2005, 0x840b2005, 0x840a2005, 0x840f2005,
    0x84142005, 0x841d2005, 0x04122805, 0x00010000, 0x82fe0322, 0x03232205, 0x220582fc, 0x82fa0324, 0x03252205, 0x220582f8, 0x82f60326, 0x03272205,
    0x220582f4, 0x82f20328, 0x03292205, 0x200582f0, 0x203b842a, 0x20058411, 0x20058413, 0x2005821e, 0x26098402, 0x00020000, 0x821c001a, 0x0003260b,
    0x00170016, 0x20098218, 0x28138204, 0x00060004, 0xff000008, 0x831382ff, 0x00023673, 0x00040003, 0x00060005, 0x000d000c, 0x000f000e, 0x00110010,
    0x4d641812, 0x04012212, 0x282782ec, 0x00dc0401, 0x04010007, 0x2a2582d6, 0x004a0501, 0x05010049, 0x82530044, 0x003e2205, 0x2217822a, 0x82ceffb8,
    0x0032220b, 0x22058234, 0x82f6ff22, 0xffe02211, 0x220b82e0, 0x82200020, 0x00de220b, 0x2205825e, 0x822f00e2, 0x00e62205, 0x22058215, 0x821e009e,
    0x82882005, 0x84a02003, 0x0401220d, 0x22078286, 0x820100d4, 0x00f62405, 0x82d60402, 0x0401226f, 0x220982f4, 0x8290048c, 0x82ea2005, 0x003a22c3,
    0x201d82e6, 0x220d82e8, 0x82840480, 0x00fa3605, 0x03200303, 0x00220321, 0x00020502, 0x00610004, 0x010d0167, 0x260d8213, 0x01040000, 0x83650164,
    0x24278203, 0x020400fe, 0x2c298678, 0x00fc0401, 0x04b40404, 0x04bc04b0, 0x202982ce, 0x28db8216, 0x01860085, 0x03320131, 0x300f8219, 0x00060028,
    0x00950094, 0x00970096, 0x00990098, 0x20718203, 0x20038494, 0x209b8200, 0x822d8200, 0x34052111, 0x82211182, 0x82118900, 0x70042109, 0x0120e784,
    0x07201582, 0xcc203584, 0x5e200f82, 0x11852386, 0x11829020, 0x11860c20, 0x23841920, 0x0100b224, 0x118bfa03, 0x82f20321, 0x86722023, 0x831b2011,
    0xe0032123, 0x68201182, 0x6b82118a, 0x825e0321, 0x00962113, 0x03206b83, 0x2105cf43, 0x11824c04, 0x11868420, 0x04022008, 0x010c0082, 0x01340133,
    0x01360135, 0x01380137, 0x013a0139, 0x013c013b, 0x00f2013d, 0x82640402, 0x013e261d, 0x0140013f, 0x2f691841, 0x82f3200e, 0x7220081d, 0x8b000c00,
    0x8d008c00, 0x8f008e00, 0x91009000, 0x93009200, 0xaa01a901, 0x0000ab01, 0x1800ffff, 0x3f428b84, 0x42082009, 0x35932041, 0x35b40920, 0x35b40b20,
    0x35b40a20, 0x35a00720, 0x04014308, 0x031f0062, 0x03680362, 0x03ce036e, 0x037a0374, 0x03860380, 0x038c03d6, 0x03980392, 0x03a4039e, 0x03b003aa,
    0x03bc03b6, 0x044604c2, 0x03e60354, 0x04fe03f2, 0x0416040a, 0x042e0422, 0x03de033a, 0xe64400c8, 0x82012005, 0x82022007, 0x82032003, 0x00042403,
    0x82050100, 0x00062403, 0x82070100, 0x08260803, 0x3c040200, 0x9a003600, 0x9c009b00, 0x9e009d00, 0xa0009f00, 0xa200a100, 0xa400a300, 0xa600a500,
    0xa800a700, 0x6a184e01, 0xac3422df, 0xae01ad01, 0xf501f401, 0x6f02f601, 0x71027002, 0x73027202, 0x08276818, 0x7a02792a, 0x24032303, 0x33033203,
    0x3a247182, 0x64017100, 0x11437388, 0x42992007, 0x15420619, 0x3a002706, 0x86008500, 0x8d826501, 0x8800872a, 0x8a008900, 0x67006100, 0x4f2e998e,
    0x51015001, 0x54015201, 0x56015501, 0xff6c5701, 0x014d2a06, 0x01650132, 0x010d0159, 0x836b1813, 0x01ac240c, 0x87ab01a9, 0xfc0121a5, 0x12c96918,
    0x13896918, 0x3a2acd8f, 0xf4027a02, 0xf602f502, 0x6718f702, 0xdf840b59, 0x09441920, 0x25e78405, 0x02010001, 0x0583006c, 0x01006724, 0x09832c04,
    0x82d90021, 0x83022005, 0x02002579, 0x78046804, 0x45201384, 0x28201d82, 0x32200382, 0x0e200382, 0x10220382, 0x39820200, 0x25021c26, 0x02000000,
    0x8506a153, 0x00582209, 0x2313855b, 0xe802df02, 0x01220982, 0x51820200, 0x0582e420, 0x0782cd20, 0xcd000224, 0x3b84eb00, 0x39023022, 0x02261d82,
    0xfc010100, 0x27850502, 0x01610124, 0x2f830062, 0xe4003922, 0x01360784, 0x01006800, 0x0300aa03, 0xce03c803, 0x0300d403, 0xf8030604, 0x1b82d203,
    0x1c03032c, 0x1f031e03, 0x0e040400, 0x1582fe03, 0x1382ee20, 0x5f000428, 0x0b016600, 0x0b841201, 0x4b000126, 0xf700ab00, 0x02210b83, 0x2a2d866e,
    0x00040001, 0x020f01cd, 0x84cd027b, 0x863a20f3, 0x84ab2065, 0x844b2007, 0x8401202d, 0x00052a7b, 0x00480042, 0x03f400ee, 0x456d8418, 0xf3820665,
    0x2f022634, 0x01000000, 0x24000600, 0x27002500, 0x29002800, 0x50182a00, 0x022012c3, 0xb5207d82, 0xaf242882, 0x0b00af01, 0x04201f82, 0xaa203382,
    0x66300f82, 0xaa00ae01, 0xf801f701, 0xfb01f300, 0xf500fb01, 0x0c381782, 0x31002f00, 0x33003200, 0x35003400, 0x37003600, 0x91013800, 0xa4019201,
    0x98223782, 0x05829e00, 0x9f008e22, 0x8f280582, 0x0200a000, 0x3f013401, 0x35220582, 0x05824001, 0x41013622, 0x37220582, 0x05824201, 0x44013922,
    0x3a220582, 0x05824501, 0x46013b22, 0x3c220582, 0x05824701, 0x48013d22, 0xde223b82, 0x05825301, 0x5801e622, 0x31221182, 0x05824c01, 0xad01aa22,
    0xf2300582, 0x0200f301, 0x79027802, 0x64010300, 0x3e013301, 0x38280782, 0x4e014301, 0x6e020300, 0x772c1782, 0x47020500, 0x32025102, 0x1e022802,
    0x48280b82, 0x33025202, 0x1f022902, 0x49280b82, 0x34025302, 0x20022a02, 0x4a280b82, 0x35025402, 0x21022b02, 0x4b280b82, 0x36025502, 0x22022c02,
    0x4c280b82, 0x37025602, 0x23022d02, 0x4d280b82, 0x38025702, 0x24022e02, 0x4e360b82, 0x39025802, 0x25022f02, 0x45020600, 0x30024f02, 0x1c022602,
    0x0d821a02, 0x02463408, 0x02310250, 0x021d0227, 0x0001001b, 0x0029001f, 0x00340033, 0x00ac00ab, 0x00ae00ad, 0x00b000af, 0x00b200b1, 0x00b400b3,
    0x00d900b5, 0x01ee00e4, 0x43af0192, 0x67221429, 0x41826e02, 0x06003628, 0x1c001300, 0x49861d00, 0x6c004e2e, 0x7d007700, 0x8e008300, 0x98008f00,
    0xbd264f82, 0xc700c600, 0x4d82d300, 0xde00dd26, 0xe300e100, 0xfa2e5582, 0x23011801, 0x2f012901, 0x43013801, 0x63827001, 0xb901aa28, 0xdb01da01,
    0x6c185e02, 0x6e2a1097, 0x0b037802, 0x25030c03, 0x6f822603, 0x03827120, 0x24217187, 0x05234200, 0xe1412a20, 0x06dd4106, 0x00390035, 0x00480042,
    0x004e004b, 0x00590058, 0x005b005a, 0x8e66005f, 0x87958797, 0x00eb3093, 0x00ed00ec, 0x00f400ef, 0x01fa00f7, 0x8e12010b, 0x019123a1, 0xa38701a4,
    0x18021c21, 0x2011c16d, 0xad6d1830, 0x29cb8f12, 0x0278026c, 0x02e002df, 0x6c1802e1, 0xdd840c0b, 0x45431820, 0x2be58305, 0x0300b802, 0x5e02f700,
    0x0200a900, 0xaa20d982, 0x01250583, 0x01020063, 0x20fb820f, 0x20038231, 0x20038400, 0x20058210, 0x210d89db, 0x27826001, 0x6101cd22, 0xd9220582,
    0x05826201, 0x5d02eb26, 0xcc020200, 0xeb202182, 0x01210382, 0x22058300, 0x820d0000, 0x843f200b, 0x2c05830f, 0x020e0000, 0x0203005c, 0x02cc027b,
    0x242d82a2, 0x005b027b, 0x830d8204, 0x86a5200f, 0x84a32017, 0x027b2207, 0x211986a4, 0x0083007b, 0x04830120, 0x28200382, 0x02240382, 0x676e6c64,
    0x04210b86, 0x2c0b8573, 0x0000002c, 0x74614c03, 0x7279436e, 0x08fa0500, 0x00b0af61,
};

// File: 'Geist-Bold.ttf' (113904 bytes)
// Exported using binary_to_compressed_c.cpp
static const unsigned int GeistBold_compressed_size = 74593;
static const unsigned int GeistBold_compressed_data[74596 / 4] =
{
    0x0000bc57, 0x00000000, 0xf0bc0100, 0x00000400, 0x00010025, 0x82120000, 0x043a0804, 0x44472000, 0x6e464645, 0x01000e40, 0x00002867, 0x50472001,
    0x46b7534f, 0x01009c48, 0x00004868, 0x53472a47, 0x924c4255, 0x0100582f, 0x000074af, 0x534f4a0d, 0x343f322f, 0x2b82926f, 0x4582a820, 0x6d63603c,
    0x1a547061, 0x0000e0a7, 0x0000ec0e, 0x7663ee07, 0x9d242074, 0x00003a12, 0x1f82c025, 0x7066a034, 0x2f626d67, 0x00007f03, 0x0000dc16, 0x61670c0e,
    0x17827073, 0x6f821020, 0x07822020, 0x6c670838, 0x85ca6679, 0x00001810, 0x0100d42c, 0x65682018, 0xe72e6461, 0x5f8252f7, 0x1f822c20, 0x82683621,
    0x4a0c2310, 0x0f827a0c, 0x0f826420, 0x68242708, 0x8278746d, 0x00338542, 0x00080200, 0x6ce40c00, 0x1c61636f, 0x00d66443, 0x00602600, 0x6d740600,
    0x04707861, 0x3b820f97, 0x82880121, 0x6d202b2f, 0x67617465, 0x00c2c3b3, 0x8f83bc01, 0x6e2f2c08, 0xa5656d61, 0x00d6bf5a, 0x00f44401, 0x70680500,
    0xf074736f, 0x00104c3f, 0x005c4a01, 0x70c11c00, 0x7e706572, 0x000b94be, 0x82e82400, 0x8227823f, 0x66012d05, 0x34f6ada8, 0x3c0f5fba, 0x030f00f5,
    0x00241783, 0xe7a129e3, 0x00331982, 0x1fab3fe4, 0x03ff38ff, 0xbe032209, 0x06000100, 0x85000200, 0x00012e00, 0xfeed0300, 0x090000d9, 0xfd38ff60,
    0x841f8220, 0x831c8537, 0x39032205, 0x28238300, 0x00710039, 0x00550010, 0x24398205, 0x0057002a, 0x241b828d, 0x000c0e8d, 0x241d8204, 0x02690204,
    0x241982bc, 0x028a0200, 0x20178258, 0x2507854b, 0x32005e01, 0x0f824201, 0xa1270288, 0x50ff0200, 0x87fbe501, 0x52562910, 0xa0004c43, 0x02fb2000,
    0x03278385, 0x200601f4, 0x83970000, 0x1802231f, 0x0782c602, 0x04002022, 0x28245382, 0x1300da02, 0xe02303a0, 0x82020d00, 0x12042103, 0xbf262b82,
    0xde024a00, 0x03942a00, 0x1b82d020, 0x09260385, 0x0900d002, 0x0f826e02, 0xf52003a3, 0x5c204f82, 0xe2202b82, 0x03960782, 0x820b0321, 0x82d1201b,
    0x00d12323, 0x07820203, 0x002c0127, 0x0091034a, 0x2307834a, 0xeeff2c01, 0xe3200382, 0x49200b82, 0x0c200382, 0x01200382, 0x2b200382, 0xea241382,
    0x31007302, 0xb1200388, 0x03873f82, 0x0b824d20, 0x0522038d, 0x13829303, 0x0395ee20, 0x00080323, 0x21039f2a, 0xa3826004, 0x3f82a020, 0x9b828220,
    0x0b820120, 0x0b82b920, 0xa923038b, 0x93023400, 0x82e52003, 0x00572327, 0x038f020b, 0x3b00bf23, 0x2603a702, 0x031300da, 0x8f2500f7, 0xb0022703,
    0x77020c00, 0x0394f9ff, 0x1b005223, 0x21038a02, 0xb382e200, 0xff864d20, 0x0782c520, 0x0123038a, 0x9f2a00d8, 0x82022003, 0x82039423, 0xde02219b,
    0x0b425b82, 0x29678207, 0xe4ff2c01, 0x4a002c01, 0x17820803, 0xb783e382, 0x8f82a384, 0x4b836787, 0x00b20427, 0x00980413, 0x20a7823b, 0x2903a725,
    0x2500bf03, 0x42007a02, 0x07825602, 0x7a200393, 0xe5201782, 0x25222384, 0x07826a02, 0x03a95d20, 0x00bf0123, 0x835b822e, 0x2003955f, 0x204b8292,
    0x2a7b8263, 0x02feff63, 0x01e6ff63, 0x823f0019, 0x85422003, 0xe5ff2503, 0xdaff1901, 0x03201386, 0xf7200b82, 0x21200b82, 0xe1220782, 0x27824902,
    0xfdff4b23, 0x21038a01, 0x47828702, 0xe5ff8722, 0x01230783, 0x84420039, 0x86862003, 0x00392407, 0x82840302, 0x926b841f, 0x9ed78307, 0xe6032103,
    0x7a20ab82, 0x70203b82, 0x7a240382, 0xa9012500, 0x03855b82, 0x0b823f20, 0x3b023b22, 0x03931f82, 0x27829020, 0x2900bd23, 0x20038301, 0x820786c2,
    0x5f02210b, 0x03a34782, 0x27826020, 0x15006124, 0x03915103, 0x008a0227, 0x004a022e, 0x23039415, 0x02380053, 0x0121038a, 0x050b410a, 0x82630221,
    0x0054234f, 0x03a70220, 0xc341eb82, 0x231f8a1c, 0x4a002a01, 0x84200384, 0x43260784, 0xfdff2a01, 0x57425202, 0x07374206, 0xdf412f82, 0x85db2006,
    0x21002307, 0x9b824902, 0x2b824b20, 0x2b826a20, 0x42005f22, 0xd384eb83, 0xa783bf83, 0x03213382, 0x20eb821b, 0x2d0382cb, 0x032e00e8, 0x0129002b,
    0x012800b0, 0x934500be, 0x00aa2405, 0x82bf024a, 0x86622003, 0x82392003, 0x00972607, 0x00580336, 0x0b574532, 0x00040425, 0x82b1020c, 0x00ec2343,
    0x03870248, 0x2b82af20, 0x03250382, 0x0331000d, 0x200b8293, 0x066743d1, 0x0b82cd20, 0x0382a020, 0x2b00d92b, 0x00006d02, 0x13006402, 0x29038202,
    0x2a006503, 0x0c00b002, 0x1f842a03, 0xc8032426, 0x23044a00, 0x2f830b82, 0x03218782, 0x280b829f, 0x043600f3, 0x0431006d, 0x340b824b, 0x023400a9,
    0x022600fb, 0x012a00fe, 0x014e0030, 0x02dcff2c, 0x246b8273, 0x040b0011, 0x261f821e, 0x033300c5, 0x820b0015, 0x022c228f, 0x285782ea, 0x032a0008,
    0x04130005, 0x20ab8239, 0x208b82e4, 0x28238215, 0x02f9ff77, 0x02fdffbc, 0x231382f3, 0x022400e5, 0x01219782, 0x2017822c, 0x238b82f5, 0x034800ec,
    0x9b833382, 0x830b7344, 0x206b82f7, 0x251383e4, 0x25005202, 0x2b827f02, 0x42006b24, 0x0386f201, 0x4200d327, 0x2e002102, 0x434f8302, 0x03210ad3,
    0x241382df, 0x02140033, 0x871f8254, 0x828b2003, 0x2003830b, 0x201b82a9, 0x200b82ee, 0x20038259, 0x2053826a, 0x44078267, 0x4a22073b, 0x87422700,
    0x82d32008, 0x828a201b, 0x82c6202b, 0x0088241f, 0x825c0342, 0x82b32003, 0x202f830b, 0x830b8262, 0x00a12407, 0x82f2032e, 0x82a22003, 0x823b2017,
    0x8561202f, 0x05ef4303, 0x01daff23, 0x24ef824b, 0x03feff63, 0x201f825d, 0x20038271, 0x204f828c, 0x200382b6, 0x830382f3, 0x0081247b, 0x82f10315,
    0x82a8200b, 0x43b4201b, 0x02250523, 0x02150061, 0x201382b5, 0x05e343d2, 0x002a0124, 0xdb83024a, 0x6c22c783, 0x9f842300, 0x83064f42, 0x057f4217,
    0xdbff2f08, 0x1300d102, 0x2a000003, 0x13007f02, 0x29009d02, 0x24005702, 0x2f00bb02, 0x2600c101, 0x3a008d02, 0x2c008a02, 0x18009002, 0x38009f02,
    0x03829502, 0x14002024, 0x23829c02, 0x38009926, 0x25002c03, 0x492003a4, 0x03a22782, 0xda267784, 0x7c020b00, 0x03822200, 0x80025c22, 0x7c206f82,
    0x7c26bb82, 0x7e020900, 0x03822d00, 0x86023122, 0x11200784, 0x2f2a0b82, 0x2800ab01, 0x14001a01, 0x07827401, 0x07827120, 0x0a006824, 0x0b827d01,
    0x03829220, 0x0f823c20, 0x1e008226, 0x2a009201, 0x002927a7, 0x0338ffa4, 0x0314004e, 0x2403824b, 0x03280089, 0x20078216, 0x20038251, 0x20038257,
    0x2003825c, 0x20038297, 0x201782a3, 0xcf5b8244, 0x00e4367b, 0x00e40000, 0x00600900, 0x0008073e, 0x00b0043e, 0x00ec003e, 0x23038325, 0x4a003701,
    0x02270383, 0x012500b7, 0x832f0001, 0x4f022303, 0x03832500, 0x6a241f84, 0xa6012400, 0x8d201b82, 0x4d301382, 0x0a020300, 0xf5012000, 0xc7001c00,
    0xfa001200, 0x44201782, 0x03823f82, 0x82ba0221, 0x830f824f, 0x833f8813, 0x2067830f, 0x207f82af, 0x203782f0, 0x244382a1, 0x03250053, 0x2007828f,
    0x20078231, 0x283f8261, 0x012a0043, 0x010c0043, 0x20078298, 0x20078298, 0x204f8286, 0x20078286, 0x831b8289, 0x82652003, 0x20038307, 0x8207827c,
    0x77022103, 0x03823b82, 0x82850121, 0x2003830f, 0x83078279, 0x82752003, 0x84038207, 0x82c420b3, 0x82ce200b, 0x2303824f, 0x2a00f700, 0x02200383,
    0x02252b82, 0x012b008f, 0x831b827d, 0x82862003, 0x00cb2c17, 0x0010022a, 0x00ac022e, 0x41b0044a, 0x2341051b, 0x42032007, 0x02250653, 0x03080058,
    0x242782c2, 0x022400c5, 0x24078295, 0x0334005e, 0x20078236, 0x21038589, 0xaf828e03, 0xfb82ac20, 0x2800ff24, 0x0382b401, 0x0f822620, 0x02230382,
    0x834a004a, 0x91042103, 0x58240782, 0x87034b00, 0x58242f82, 0x56023000, 0x7920bf82, 0x9e240b82, 0xfd023400, 0xd7200382, 0xe0280382, 0xc6022800,
    0x61034a00, 0x87202b82, 0x77240f82, 0x3a02f9ff, 0x20201382, 0x1c200382, 0x34200382, 0x28200382, 0x26240386, 0x26023200, 0x2d200b82, 0x2d200782,
    0x0b830782, 0x07820b20, 0x00200383, 0xcd247f82, 0x4b032800, 0xc4340782, 0x8c020d00, 0xa9021300, 0x21020b00, 0xdb021b00, 0x39021500, 0x82060746,
    0xba042107, 0xd7830b82, 0x2a007d24, 0x8f821a03, 0x03827f20, 0x07820f83, 0x7d240f84, 0x3a042a00, 0x87201386, 0x9a200782, 0x94200386, 0x03830782,
    0x07829520, 0x0325038e, 0x01130072, 0x201782e6, 0x20038265, 0x8f0785f8, 0x6803230f, 0x13832a00, 0x82460321, 0x21038677, 0x0b825302, 0x1300592f,
    0x4a002303, 0xf9ff2503, 0x19002903, 0x230f8e03, 0x25000000, 0x32200396, 0x2f971796, 0x2f826520, 0x03821420, 0x03862820, 0x0b870f83, 0x01293384,
    0x002500b0, 0x012500e5, 0x20038616, 0x200782c7, 0x2003869a, 0x20078283, 0x20038217, 0x056f42a0, 0x82480121, 0x82252007, 0x82ae2003, 0x82e12033,
    0x00f22c03, 0x00050139, 0x00c20028, 0x442c0327, 0x6782059b, 0x00000224, 0x77840300, 0x01000322, 0x04220784, 0x0782da07, 0x00f0f608, 0x00060080,
    0x002f0070, 0x007e0039, 0x011301ac, 0x0137012b, 0x0148013e, 0x017e014d, 0x0192018f, 0x02e901ce, 0x0237021b, 0x02b90259, 0x02c802bc, 0x030403dd,
    0x030c0308, 0x03280312, 0x039b0338, 0x03bb03a9, 0x041a04c0, 0x043a0423, 0x045f0443, 0x046b0463, 0x04930475, 0x049b0497, 0x04b304a3, 0x04bb04b7,
    0x04cf04c0, 0x04e304d9, 0x0eef04e9, 0x1e211e3f, 0x1e9e1e85, 0x1ef31ebd, 0x201420f9, 0x201e201a, 0x20262022, 0x20332030, 0x2044203a, 0x20792070,
    0x20aa2089, 0x20b420ac, 0x21bd20b9, 0x21172107, 0x21552122, 0x2199215e, 0x21aa219d, 0x21b521b1, 0x22e721e5, 0x22062202, 0x2212220f, 0x221e221a,
    0x2248222b, 0x23652260, 0x240c24ce, 0x24ea2468, 0x25b325ff, 0x25bd25b7, 0x25cc25c1, 0x273a26cf, 0x3003307e, 0x30173011, 0xf88ca71c, 0xff02fbff,
    0x34f982ff, 0x00300020, 0x00a0003a, 0x011601ae, 0x0139012e, 0x014a0141, 0x24f18450, 0x02e401cd, 0x28f18818, 0x03d802c6, 0x03060300, 0x22f1820a,
    0x88350326, 0x04003cf1, 0x0424041b, 0x0444043b, 0x046a0462, 0x04900472, 0x049a0496, 0x04ae04a2, 0x84ba04b6, 0x04d826f1, 0x04e804e2, 0x22f182ee,
    0x82801e20, 0x1ebc2cf1, 0x20f81ef2, 0x20182013, 0x8420201c, 0x203222f1, 0x22f18439, 0x8c802074, 0x821620f1, 0x215324f1, 0x8290215b, 0x21a926f1,
    0x21b321b0, 0x20f188e4, 0x20f18a11, 0x22f18264, 0x8460240b, 0x25b228f1, 0x25bc25b6, 0x82ca25c0, 0x273922f1, 0x22f18276, 0x82143008, 0x828b20f1,
    0x830120f1, 0xcc0121f1, 0x028ef582, 0x0193fe23, 0x2712850e, 0x73feaefe, 0x78007c00, 0x05840d85, 0x00000530, 0x5cfee7ff, 0x3efe4ffe, 0x00003afe,
    0x03825dfd, 0x19848620, 0xfc230490, 0x871efde4, 0x62f42114, 0xe1210983, 0x230583c4, 0x69e20000, 0x3c2a0786, 0x80e2aee2, 0xf6e163e2, 0x0182dfe1,
    0x19e2c534, 0x0ce213e2, 0x04e209e2, 0x0000f4e0, 0x00008ee1, 0x0782e6e0, 0x43e14c30, 0x3de13ee1, 0x0ce106e1, 0xd1e0d9e0, 0x1782c9e0, 0xb7e0c034,
    0x89e0abe0, 0x00006be0, 0x0000ecde, 0x26ddb1dd, 0x558507dd, 0xdd270583, 0xda6ddc2f, 0x8367d291, 0x63d23f0b, 0xa9090000, 0x01006006, 0x0000f000,
    0x94010c01, 0x7602ac01, 0xb202a002, 0xca02bc02, 0x2383d002, 0x03280325, 0x8334032a, 0x2d038309, 0x36033203, 0x48034003, 0x00004c03, 0x11834e03,
    0x03210385, 0x200f8248, 0x3403827a, 0x03da03a4, 0x03de03dc, 0x03ea03e4, 0x03ee03ec, 0x03fa03f0, 0x832383fc, 0xfe032207, 0x2b0a8204, 0x02040004,
    0x0a040000, 0x0e040c04, 0x0e250782, 0x16041204, 0x24009a00, 0x0000fe03, 0x83038203, 0x8b268f3b, 0xf8032113, 0x03822782, 0x03252383, 0x03f603f4,
    0x847b87f8, 0x04f82211, 0x836d830a, 0x00850c0b, 0x02590200, 0x029e0263, 0x02be026b, 0x02aa02dd, 0x0280029f, 0x02690281, 0x025f02c6, 0x025e027b,
    0x0260026c, 0x02cd0261, 0x02cc02ca, 0x00a90265, 0x000d0001, 0x0014000e, 0x00230018, 0x002c0024, 0x0039002f, 0x003f003c, 0x00450044, 0x0055004b,
    0x00580057, 0x0063005c, 0x00730068, 0x00790074, 0x0280007a, 0x026d0284, 0x02d40285, 0x0027037e, 0x00b700ab, 0x00be00b8, 0x00cd00c2, 0x00d600ce,
    0x00e400d9, 0x00eb00e8, 0x00f100f0, 0x010101f7, 0x01040103, 0x010f0108, 0x011f0114, 0x01250120, 0x022c0126, 0x02b40282, 0x02d20283, 0x0264025a,
    0x02c402bc, 0x02c502bd, 0x03ac02b5, 0x01ad0225, 0x029a0264, 0x03ae02d3, 0x02b1022f, 0x025102d0, 0x02280352, 0x02ab02dc, 0x02300367, 0x02650150,
    0x023e029b, 0x023f023b, 0x00070066, 0x00050002, 0x0006000b, 0x000c000a, 0x001e0011, 0x001b0019, 0x0035001c, 0x00320031, 0x00170033, 0x004f0049,
    0x004d004c, 0x024e0053, 0x005200c8, 0x0069006d, 0x006c006b, 0x0156007b, 0x00b1000e, 0x00af00ac, 0x00b000b5, 0x00b600b4, 0x00c800bb, 0x00c500c3,
    0x00df00c6, 0x00dc00db, 0x00c100dd, 0x00fb00f5, 0x00f900f8, 0x02fa00ff, 0x01fe00c9, 0x01150119, 0x01180117, 0x01020127, 0x00080029, 0x000300b2,
    0x000900ad, 0x000f00b3, 0x001200b9, 0x001300bc, 0x001000bd, 0x001500ba, 0x001600bf, 0x001f00c0, 0x001d00c9, 0x002000c7, 0x001a00ca, 0x002700c4,
    0x002500d1, 0x002900cf, 0x002800d3, 0x002e00d2, 0x002d00d8, 0x003800d7, 0x003600e2, 0x003700e0, 0x003400e1, 0x003000da, 0x003b00e3, 0x003e00e7,
    0x004000ea, 0x004200ec, 0x004100ee, 0x004300ed, 0x004600ef, 0x004800f2, 0x004700f4, 0x004a00f3, 0x005100f6, 0x005000fd, 0x015400fc, 0x01590000,
    0x015b0005, 0x015a0007, 0x015d0006, 0x01600009, 0x015f000c, 0x015e000b, 0x0166000a, 0x01650012, 0x01640011, 0x01720010, 0x016f001e, 0x016a001b,
    0x01710016, 0x016e001d, 0x0170001a, 0x0176001c, 0x017c0022, 0x007d0028, 0x002d0181, 0x002f0183, 0x002e0182, 0x00ae0004, 0x00d5002b, 0x00d00026,
    0x00e9003d, 0x000d0161, 0x03130167, 0x032b032a, 0x032c0336, 0x032d0326, 0x032e0331, 0x030d0329, 0x0311030e, 0x03160315, 0x030c0313, 0x0314030b,
    0x0312030f, 0x031a0318, 0x016f011b, 0x01970170, 0x018f016a, 0x0191018e, 0x01930192, 0x018d018c, 0x01770194, 0x01810175, 0x01660188, 0x01680167,
    0x016d0169, 0x0171016e, 0x01730172, 0x01760174, 0x01830182, 0x01850184, 0x01870186, 0x018a018b, 0x01900189, 0x01960195, 0x01b001af, 0x01b201b1,
    0x01b701b6, 0x01bb01ba, 0x01bd01bc, 0x01cb01bf, 0x01cd01cc, 0x01cf01ce, 0x01d401d0, 0x01d201d3, 0x01de01d9, 0x01b801df, 0x01e001b9, 0x01d801b3,
    0x01da01d7, 0x01dc01db, 0x01d601d5, 0x01c001dd, 0x01ca01be, 0x019801d1, 0x019901e1, 0x019a01e2, 0x019b01e3, 0x016b01e4, 0x016c01b4, 0x019c01b5,
    0x019d01e5, 0x019e01e6, 0x019f01e7, 0x01a001e8, 0x01a101e9, 0x01a201ea, 0x01a301eb, 0x01a501ec, 0x01a601ee, 0x01a701ef, 0x01a801f0, 0x002a00f1,
    0x017800d4, 0x01750024, 0x01770021, 0x00210023, 0x017e00cb, 0x017f002a, 0x0298022b, 0x02940299, 0x02970296, 0x02b60295, 0x026802b7, 0x02af02b8,
    0x023d023c, 0x02e50240, 0x02e102df, 0x02e702e3, 0x02e602e8, 0x02e202e0, 0x02d902e4, 0x02cf02c7, 0x02bb02ce, 0x030203b9, 0x03030306, 0x03040307,
    0x03050308, 0x02010309, 0x020003ff, 0x02870286, 0x028d028c, 0x028b028a, 0x02910290, 0x02890288, 0x028f028e, 0x00930292, 0x00300184, 0x2c00b000,
    0x5500b020, 0x20594558, 0x00b84b20, 0xb04b510e, 0x585a5306, 0xb01b34b0, 0x66605928, 0x58558a20, 0x612502b0, 0x080008b9, 0x23636300, 0x21211b62,
    0xb05900b0, 0x44234300, 0x000100b2, 0x2d426043, 0xb02c01b0, 0x2d666020, 0x232c02b0, 0x2d212321, 0x202c03b0, 0x1403b364, 0x43420015, 0x204313b0,
    0xb1426060, 0x42431402, 0x430325b1, 0x544302b0, 0x0cb02078, 0x2a088223, 0xb0646143, 0xb2785004, 0x82020202, 0x21b02446, 0x83211c65, 0x0eb22615,
    0x1c420115, 0x250a8220, 0x13b24223, 0x1b821301, 0x00b02329, 0x59655850, 0x830116b2, 0xb02d2a29, 0x03b02c04, 0x4315b02b, 0x236f8358, 0x434316b0,
    0x1b3e2086, 0xb0206420, 0x04b050c0, 0x28b25a26, 0x45430d01, 0x06b04563, 0xb0215845, 0x52592503, 0x9c82585b, 0x588a1b26, 0x5050b020, 0x40251282,
    0xb0201b59, 0x24098338, 0x20595938, 0x822d85b1, 0x82282091, 0x220d8612, 0x8230b020, 0x30b0210c, 0xc02e2983, 0x66205850, 0x618a8a20, 0x500ab020,
    0x3b826058, 0x1b832020, 0x09830a20, 0x09833620, 0x1b603635, 0x59595960, 0x2502b01b, 0x63430cb0, 0x585200b0, 0x834b00b0, 0x8221202c, 0x4b1b230f,
    0x25831eb0, 0x614b1e26, 0x630010b8, 0x632f1182, 0x620005b8, 0x61645959, 0x2b01b059, 0x85235959, 0x205922e2, 0x2dcf8264, 0x2d594223, 0x202c05b0,
    0x04b02045, 0xd3826125, 0x5043072e, 0x2307b058, 0x2308b042, 0x21211b42, 0x60243282, 0x2c06b02d, 0x0328fe84, 0xb164202b, 0x20426207, 0xee831c83,
    0xbe851b20, 0xb0280583, 0x63456005, 0x212a05b0, 0x43241c82, 0x8a208a20, 0xb1386b82, 0xb0250530, 0x58512604, 0x611b5060, 0x23585952, 0x20592159,
    0x585340b0, 0x1b231b82, 0x8740b021, 0xb02d2a8a, 0x09b02c07, 0x00b22b43, 0x05e64102, 0x0e820820, 0x2342233a, 0x2300b020, 0x02b06142, 0x01b06662,
    0x6001b063, 0x2d2a07b0, 0x202c09b0, 0x0e26ad83, 0x04b86343, 0x22826200, 0x4022af82, 0x22835960, 0x82446021, 0xb02d2c24, 0x09b22c0a, 0x4543000e,
    0x42212a42, 0x0b210838, 0x0d48422c, 0x45850c20, 0x232b0122, 0xfa821782, 0x45206032, 0x2061238a, 0x20b02064, 0xb0215850, 0x30b01b00, 0x20215782,
    0x87a4821b, 0x03b025a5, 0x44612325, 0x0d206285, 0xb0213e96, 0x82358224, 0x8bda883c, 0x2c0e2134, 0xb325d084, 0x03000c0d, 0x35658245, 0x5921231b,
    0xb02d212a, 0x02b12c0f, 0x64b04502, 0xb02d4461, 0xc2822c10, 0xb0202029, 0xb04a430f, 0x82585000, 0x42232408, 0x8310b059, 0x8252200d, 0x8210200d,
    0xb02d220d, 0x21488211, 0xf1836210, 0x04b82024, 0xb8826300, 0x11b02708, 0x8a206043, 0x11b02060, 0x2d234223, 0x4b2c12b0, 0x04b15854, 0x24594464,
    0x23650db0, 0x13b02d78, 0x58514b2c, 0x1485534b, 0x82211b21, 0x84132017, 0x2c143c17, 0x431200b1, 0x12b15855, 0x01b04312, 0x11b04261, 0x00b0592b,
    0x2502b043, 0x830fb142, 0x82102004, 0x01b02404, 0x82202316, 0x58502dc9, 0x430001b1, 0x2504b060, 0x208a8a42, 0x10237683, 0x8223212a, 0x200b8736,
    0x831f851b, 0x25022332, 0x1d82b061, 0xc9825920, 0xbf824720, 0xb0604723, 0x0dac4102, 0x41b02021, 0x410814c2, 0x130000b1, 0x01b04423, 0x3e00b043,
    0x010101b2, 0x2d426043, 0x002c15b0, 0x450200b1, 0x12b05854, 0x45204223, 0x42230eb0, 0xb0230db0, 0x20426005, 0x1818b760, 0x00110001, 0x42420013,
    0x20608a42, 0x1b8214b0, 0xb161012e, 0xb02b0814, 0x221b2b8b, 0x16b02d59, 0x1527e382, 0x17b02d2b, 0x8301b12c, 0x2c182307, 0x078302b1, 0xb12c1923,
    0x23078303, 0x04b12c1a, 0x1b230783, 0x8305b12c, 0x2c1c2307, 0x078306b1, 0xb12c1d23, 0x23078307, 0x08b12c1e, 0x1f230783, 0x8309b12c, 0x2c2b2407,
    0x41b02023, 0xb02e057f, 0x544b6006, 0x2e202358, 0x1b5d01b0, 0x6c822121, 0x1c8a2c20, 0x1c881620, 0x1c857120, 0x1c8a2d20, 0x1c882620, 0x1c857220,
    0x002c2025, 0x982b0fb0, 0x01b023e7, 0xea85b561, 0xdf8be783, 0xdf822120, 0xdf822020, 0xdf822220, 0x23200783, 0x0783df82, 0xdf822420, 0x25200783,
    0x0783df82, 0xdf822620, 0x27200783, 0x0783df82, 0xdf822820, 0x29200783, 0x0783df82, 0xdf822a20, 0x2e320783, 0xb03c202c, 0xb02d6001, 0x60202c2f,
    0x206018b0, 0x0e822343, 0x02b04324, 0x07826125, 0x2a2eb035, 0x30b02d21, 0x2b2fb02c, 0x2d2a2fb0, 0x202c31b0, 0x41204720, 0x232716cd, 0x20233861,
    0x9c58558a, 0x211b2521, 0x32b02d59, 0x3407e241, 0x45060eb1, 0x1601b042, 0xb12a31b0, 0x45150105, 0x1b593058, 0x20208222, 0x0a1e4133, 0x34232397,
    0x8435202c, 0x823520b9, 0x2047854d, 0x11264445, 0x2b01b022, 0x83147b42, 0x16002317, 0x008300b4, 0x233e4427, 0x0134b138, 0x23eb8315, 0x3c202c36,
    0x3394c082, 0x00b0602f, 0x2d386143, 0x2e2c37b0, 0xb02d3c17, 0x232a9f38, 0x634301b0, 0x33082e82, 0x02b12c39, 0x20251600, 0xb047202e, 0xb0422300,
    0x8a492502, 0x4723478a, 0x58206123, 0x59211b62, 0x422301b0, 0x010138b2, 0x2d2a1415, 0xb02c3ab0, 0x17b01600, 0x04242682, 0x2504b025, 0xb12f2684,
    0xb042000c, 0x652b430b, 0x20232e8a, 0x828a3c20, 0x8d3b2053, 0x2e202126, 0x20242884, 0x422306b0, 0x203e2d87, 0x585060b0, 0x5140b020, 0x2004b358,
    0xb31b2005, 0x1a052604, 0x23424259, 0x430ab020, 0x7f828a20, 0x23258182, 0x06b06046, 0x0fae4343, 0xb0206024, 0x95462b01, 0x43043005, 0xb0236460,
    0x64614305, 0x04b05850, 0x821b6143, 0x5960240b, 0x8f2503b0, 0x82612033, 0x04b0289a, 0x61462326, 0x82231b38, 0x82462061, 0x840682e7, 0x924f8297,
    0x22888264, 0x82232b01, 0x8260207e, 0x05b0236d, 0x03826125, 0x5182558f, 0xb0206124, 0x84832504, 0x05820320, 0x89064945, 0x2d59236b, 0x0b413cb0,
    0x20202507, 0x2605b020, 0x25060b41, 0x2d383c23, 0x1a883db0, 0x230ab023, 0x221f8242, 0x82472346, 0x6123216c, 0x3e201b82, 0x83084241, 0x056941cc,
    0x5400b029, 0x3c202e58, 0x831b2123, 0x850220bd, 0x41548214, 0xb022088a, 0xa5822506, 0xbb484920, 0x05c4410b, 0x21117942, 0xad412360, 0x21232106,
    0x3f20a482, 0x4320898a, 0x2025a286, 0x6020b060, 0x41f28f66, 0x402507e2, 0x2e20232c, 0x35698246, 0x4317b046, 0x521b5058, 0x3c205859, 0x30b12e59,
    0x2d2b1401, 0x1d8c41b0, 0x501b5222, 0x42201d8c, 0x3b871d8c, 0x318f4f8b, 0xb02c4324, 0x709b2b3a, 0xb02c442e, 0x208a2b3b, 0x06b03c20, 0x388a4223,
    0xb0252a99, 0xb02e4306, 0x20a28230, 0x24f28445, 0x04b02504, 0x05794126, 0x0cb06124, 0xa9424223, 0x0bb02205, 0x246d8243, 0x232e203c, 0x2ad08638,
    0x0ab12c46, 0xb0422504, 0x83b01600, 0x42252032, 0x47202dd2, 0x2447c542, 0x462502b0, 0x26dd8261, 0x1b38233c, 0x42202021, 0x2121082f, 0x25a78659,
    0x00b12c47, 0x86412b3a, 0x82482007, 0x2b3b230d, 0x17412321, 0x41cd8606, 0x49240802, 0x1500b02c, 0x2d05f643, 0x010100b2, 0x2e131415, 0x2d2a36b0,
    0x17964ab0, 0xb12c4b28, 0x13140100, 0x238237b0, 0xb02c4c23, 0x20068239, 0x292a824d, 0x20234516, 0x8a46202e, 0x2d416123, 0x2c4e3007, 0x42230ab0,
    0x2d2b4db0, 0xb22c4fb0, 0x82460000, 0x82502008, 0x83012008, 0x2c512308, 0x118401b2, 0x08825220, 0x53201184, 0x00211a82, 0x20238247, 0x20088254,
    0x20088301, 0x841a8255, 0x82562011, 0x26118408, 0x00b32c57, 0x82430000, 0x82582024, 0x84012009, 0x2c592309, 0x138501b3, 0x09825a20, 0x5b201385,
    0x00221d82, 0x27824301, 0x09825c20, 0x09840120, 0x1d825d20, 0x5e201385, 0x13850982, 0x6a825f20, 0x82450021, 0x82602026, 0x83012008, 0x82612008,
    0x2011846a, 0x84088262, 0x82632011, 0x4800211a, 0x64202382, 0x01200882, 0x65200883, 0x11841a82, 0x08826620, 0x67201184, 0x44209784, 0x68202482,
    0x09839784, 0x97846920, 0x6a200983, 0x09839784, 0x97846b20, 0x6c200983, 0x09839784, 0x97846d20, 0x6e200983, 0x09839784, 0xb12c6f24, 0xc0413c00,
    0x84702008, 0x40b0210d, 0x71205e82, 0x41200a85, 0x72240a82, 0x1600b02c, 0xb0212683, 0x250d8242, 0x01b12c73, 0x23842b3c, 0x0a857420, 0x75202383,
    0x18832384, 0x76202383, 0x3d203c82, 0x77205588, 0x31840d84, 0x0a857820, 0x47824120, 0x0a857920, 0x7a202e83, 0x3d204782, 0x7b205285, 0x20830a85,
    0x0a857c20, 0x7d202083, 0x3e202b82, 0x7e204f88, 0x4f840d84, 0x0a857f20, 0x80202e83, 0x42200a85, 0x81205a82, 0x3e203982, 0x82204f85, 0x20830a85,
    0x0a858320, 0x84202083, 0x3f202b82, 0x85204f88, 0x4f840d84, 0x0a858620, 0x44824120, 0x0a858720, 0x88202e83, 0x3f203982, 0x89204f85, 0x20830a85,
    0x0a858a20, 0x21082083, 0x0bb22c8b, 0x50450300, 0x1b06b058, 0x030204b2, 0x21235845, 0x5959211b, 0x08b02b42, 0x2403b065, 0xd0477850, 0x002d2e07,
    0xc800b84b, 0x01b15852, 0xb0598e01, 0x05f24d01, 0x00b1702d, 0x00b64207, 0x212e3d00, 0x832a0005, 0x0c402d0c, 0x0442044a, 0x06260832, 0x0a050718,
    0x4e291286, 0x3a024602, 0x1f042c06, 0x30128405, 0x12be420c, 0x0cc010c0, 0x06c009c0, 0x00050040, 0x2426820b, 0x00be4211, 0x83018840, 0x00b92f13,
    0x44000003, 0x880124b1, 0x40b05851, 0x0f835888, 0xb1446423, 0x220f8328, 0x850008b8, 0x44002510, 0x27b11b59, 0xba291283, 0x01008008, 0x63884004,
    0x82298454, 0x82592018, 0x40210800, 0x44024c0c, 0x28063402, 0x05051a04, 0x01b82a0e, 0x04b085ff, 0x0002b18d, 0x6405b344, 0x44440006, 0x3c00ad00,
    0x009a009a, 0x02730073, 0x020000c6, 0xff000018, 0xffd6026a, 0xff2402f0, 0x006afff4, 0x24018518, 0xc602d602, 0x871b8202, 0x89318207, 0x82198433,
    0x82c62035, 0x84c62035, 0x005e2237, 0x2a018262, 0x014d004d, 0x019cff20, 0x8794ff27, 0xc602270f, 0xce024301, 0xa0823b01, 0x0046b00c, 0x00980086,
    0x00bc00aa, 0x00e000ce, 0x010401f2, 0x01220110, 0x01920134, 0x026e02f6, 0x02920280, 0x02b0029e, 0x030403c2, 0x03260316, 0x03780336, 0x039c038a,
    0x03c003ae, 0x03e403d2, 0x040204f6, 0x04940414, 0x057e05d0, 0x05a20590, 0x05c005b4, 0x06e405d2, 0x06bc0680, 0x07de06cc, 0x070e0702, 0x07320720,
    0x07560744, 0x077a0768, 0x07980786, 0x08f207e0, 0x08400804, 0x085e0852, 0x089c088a, 0x08b408a8, 0x090209c6, 0x094a0938, 0x0968095c, 0x0ad4097a,
    0x0a480a36, 0x0a6c0a5a, 0x0a980a7e, 0x0ab60aaa, 0x0b940bc8, 0x0c2a0cdc, 0x0d280dce, 0x0d4c0d3a, 0x0de60d58, 0x0e0a0ef8, 0x0e280e16, 0x0e900e34,
    0x0ecc0ec0, 0x0eea0ede, 0x0f380ff6, 0x0f5c0f4a, 0x0f800f6e, 0x0fac0f92, 0x0fd00fbe, 0x10f40fe2, 0x10641026, 0x10881076, 0x10ac109a, 0x111a11e6,
    0x113e112c, 0x11621150, 0x11b41174, 0x11d811c6, 0x120612ea, 0x121e1212, 0x12821270, 0x12a01294, 0x13ee12dc, 0x13121300, 0x13361324, 0x13541348,
    0x13e61366, 0x140a14f8, 0x14281416, 0x144c143a, 0x1470145e, 0x14941482, 0x14b814a6, 0x14dc14ca, 0x150015ee, 0x15241512, 0x15481536, 0x16601554,
    0x1646163a, 0x165e1652, 0x1676166a, 0x168e1682, 0x16a6169a, 0x189417b2, 0x1866181a, 0x187e1872, 0x1896188a, 0x192819a2, 0x19461934, 0x1afa19aa,
    0x1a1e1a0c, 0x1a421a30, 0x1a661a54, 0x1bee1a78, 0x1b501b00, 0x1c361caa, 0x1c4e1c42, 0x1c661c5a, 0x1d7e1c72, 0x1d661d1e, 0x1d8a1d78, 0x1dba1d96,
    0x1dd21dc6, 0x1dea1dde, 0x1e021ef6, 0x1e1c1e10, 0x1e3c1e30, 0x1e6e1e62, 0x1eb61e7a, 0x1fd41ec8, 0x1f1a1f08, 0x1f321f26, 0x20b21f44, 0x20142008,
    0x202c2020, 0x20a62038, 0x21f420e8, 0x210c2100, 0x21282118, 0x21442134, 0x215c2150, 0x221822c2, 0x22c02284, 0x22d822cc, 0x235623e4, 0x236e2362,
    0x2386237a, 0x24082492, 0x25b22454, 0x25222516, 0x258c252e, 0x25a42598, 0x25bc25b0, 0x25d825c8, 0x25f025e4, 0x260826fc, 0x26762638, 0x268e2682,
    0x26a6269a, 0x271827e0, 0x27302724, 0x2748273c, 0x27922754, 0x27aa279e, 0x27d427b6, 0x28ec27e0, 0x289a288e, 0x28b228a6, 0x28ca28be, 0x28e228d6,
    0x29fa28ee, 0x298c2906, 0x29a42998, 0x29bc29b0, 0x29d429c8, 0x29ec29e0, 0x2a042af8, 0x2a3a2a28, 0x2a582a4c, 0x2a762a6a, 0x2a942a82, 0x2ab22aa6,
    0x2aca2abe, 0x2ae42ad6, 0x2b042bf8, 0x2b1c2b10, 0x2b342b28, 0x2b4c2b40, 0x2b642b58, 0x2b802b74, 0x2c202c8c, 0x2c602c58, 0x2cb42cac, 0x2df22ce0,
    0x2d662d26, 0x2dc62dbe, 0x2eea2dd8, 0x2ebc2e34, 0x2f4c2fee, 0x2fce2f94, 0x302030e0, 0x30303028, 0x30683038, 0x30783070, 0x30c83080, 0x313431da,
    0x3180313c, 0x32fe31c6, 0x3288324a, 0x332a33d0, 0x34e0337c, 0x34483440, 0x352835b8, 0x35423530, 0x369a354a, 0x366e361c, 0x372a37ca, 0x380a3890,
    0x38a2384a, 0x393439ea, 0x3980393c, 0x3a1e3aca, 0x3a6c3a64, 0x3a863a74, 0x3b003bee, 0x3b1a3b08, 0x3b343b22, 0x3b583b46, 0x3cd03b60, 0x3c643c38,
    0x3cb43c70, 0x3d4e3df4, 0x3d683d56, 0x3ebe3d7a, 0x3e8c3e58, 0x3ea43e98, 0x3fe83edc, 0x3f623f26, 0x3fa23f9a, 0x3fdc3fd4, 0x401440e4, 0x4028401c,
    0x4084407c, 0x410e41c8, 0x41924146, 0x421242ce, 0x42b04264, 0x431043bc, 0x43684318, 0x43c443b8, 0x43dc43d0, 0x447044ee, 0x453245c4, 0x46f4458e,
    0x46944656, 0x472c47e6, 0x47984774, 0x481248ca, 0x486e4866, 0x48c64876, 0x492449d2, 0x49384930, 0x49524940, 0x496a495e, 0x4aee498e, 0x4a624a2e,
    0x4b2c4bca, 0x4cce4b60, 0x4de44c9e, 0x4e064e76, 0x4fd04e3e, 0x50c64f5c, 0x507c5012, 0x517451fc, 0x526252e8, 0x533453b0, 0x53c053ae, 0x53e453d2,
    0x540854f6, 0x542c541a, 0x5450543e, 0x555c55ec, 0x56fa559c, 0x5642563a, 0x5652564a, 0x5662565a, 0x5672566a, 0x568a567a, 0x56aa569a, 0x56ca56ba,
    0x56ea56da, 0x570a57fa, 0x57685760, 0x57785770, 0x57885780, 0x57985790, 0x58a857a0, 0x58385812, 0x5864584e, 0x5890587a, 0x58bc58a6, 0x58e858d2,
    0x591459fe, 0x59345924, 0x59545944, 0x59745964, 0x59945984, 0x5afa59a4, 0x5a685a42, 0x5b5a5bc4, 0x5c165c8c, 0x5c945c6c, 0x844a5df4, 0x78f30901,
    0xd45da65d, 0x2a5ef85d, 0x4e5e3c5e, 0xa25e5e5e, 0x645fe45e, 0xc45fb65f, 0x2260ea5f, 0xba604a60, 0xea60d460, 0x1c61f860, 0x40612e61, 0x8c615061,
    0x5862e661, 0xc262b462, 0xe062d262, 0x0c63f062, 0x44632863, 0xb2636463, 0xf663d663, 0x96644664, 0xe064ba64, 0x20650265, 0x56653a65, 0x9a657865,
    0xd265a665, 0x0066ea65, 0x66663266, 0xc6669666, 0xe466ce66, 0x42672a67, 0x84677467, 0xc067b467, 0x0668e267, 0x52683268, 0x7669aa68, 0xce69a269,
    0x346afa69, 0x7a6bd66a, 0x8c6cb26b, 0x866d426d, 0xe26e4c6e, 0xe66f6a6f, 0x74702c70, 0x9a708e70, 0xe270b670, 0x6a711c71, 0x4c720272, 0xd0729072,
    0xdc735873, 0x00754c74, 0xec759075, 0xbe765876, 0xba776077, 0xfe77e277, 0x90781a78, 0x2e79bc78, 0x5a794479, 0xb4798879, 0x167a007a, 0x947a727a,
    0x2e7bba7a, 0x967b667b, 0xf47bc27b, 0x787c227c, 0x907de27c, 0x8e7e6a7e, 0xe47eb67e, 0x2e7f0c7f, 0x867f5a7f, 0xe47fae7f, 0x5a800680, 0xbe808e80,
    0x7e811c81, 0xd281a881, 0x2082fc81, 0x82824a82, 0xc682ae82, 0x0283ea82, 0x48833083, 0x84836c83, 0xd683ae83, 0x50840284, 0x7a855085, 0xa2859285,
    0xca85b885, 0x0886f085, 0x48862e86, 0x7a865086, 0xba869a86, 0xe686da86, 0x2a870287, 0x84875087, 0x3688c687, 0x92885688, 0xd488cc88, 0x58891a89,
    0x98897889, 0xc689a889, 0xf289e289, 0x7c8a188a, 0xce8ac68a, 0xde8ad68a, 0xf28ae68a, 0x028bfa8a, 0x128b0a8b, 0x228b1a8b, 0x328b2a8b, 0x428b3a8b,
    0x6c8b648b, 0xbe8b928b, 0x0500108c, 0x00002800, 0xc6023502, 0x06000300, 0x0c000900, 0x3b000f00, 0x0c0f3840, 0x0708090b, 0x02030705, 0x00004c01,
    0x03020105, 0x00670200, 0x03010103, 0x03030057, 0x82045f01, 0x014d0809, 0x0004044f, 0x040d0e00, 0x00060406, 0x11030003, 0x2b170606, 0x11211133,
    0x05131301, 0x13331311, 0x03210111, 0xfe0d0228, 0xfecfd02a, 0xd129d14b, 0x9f014bfe, 0xfdc602cf, 0xfea2023a, 0x1c2201de, 0x2301bafd, 0x4602ddfe,
    0x22019efd, 0x26008200, 0x00130002, 0x82c70200, 0x00073a8b, 0xb54d000a, 0x0004010a, 0xb04b4c01, 0x4058502f, 0x00040015, 0x02040102, 0x22278268,
    0x82054d34, 0x35012497, 0x931b4e01, 0x382d0817, 0x40594e01, 0x0900000e, 0x00070008, 0x11111107, 0x2b190906, 0x01330133, 0x07212723, 0x13033313,
    0x01b40001, 0xfe349e00, 0xbc5f34ef, 0x278f835e, 0x14019797, 0xffff1201, 0x032b7f85, 0x00260291, 0x01000001, 0x820e0307, 0x00ae2c81, 0x0102b108,
    0x35b0aeb0, 0x9200002b, 0x00132323, 0x239500ac, 0x47889620, 0xa0001222, 0x112023a0, 0x7e202398, 0x0b224788, 0x47859500, 0x8f8f0220, 0x23889720,
    0xbf000d22, 0x7b206b96, 0x16222388, 0x2391b300, 0x0227ff25, 0x85c602ec, 0x07002523, 0xeb011b03, 0x0d3bef84, 0xc1020000, 0x2600be03, 0x00fa0100,
    0x14030701, 0xb400df00, 0x02b10800, 0x41b4b002, 0x23850713, 0x23889c20, 0x96001522, 0x01202385, 0x002b2386, 0x00130002, 0x02e50300, 0x820f00c6,
    0x41722009, 0x282005d4, 0x26081682, 0x03020903, 0x00090067, 0x06090406, 0x01010867, 0x005f0001, 0x4d340000, 0x05040400, 0x02070a5f, 0x05350505,
    0xa5401b4e, 0x05382b2a, 0x1440594e, 0x12130000, 0x68821011, 0x85110f21, 0x090b2700, 0x01332b1d, 0x01881521, 0x21352a08, 0x03230107, 0x7c011333,
    0xc7fe4e02, 0xd3fe2d01, 0x27fe4101, 0x014ef5fe, 0xcba02b59, 0xa380c602, 0x9880a57e, 0xfe480298, 0x268c82cb, 0x004a0003, 0x828c0200, 0x000e2bbb,
    0x00200017, 0x0108b563, 0x99420205, 0x821e2007, 0x040527c4, 0x00670502, 0xbb890303, 0x065f0122, 0x3521cb82, 0x9bba8201, 0x38220820, 0x40594e01,
    0x20000012, 0x17181a1e, 0x000f1115, 0x210d000e, 0x2b170907, 0x32211133, 0x06141516, 0x05831607, 0x3228ab82, 0x26343536, 0x33112323, 0x2f080886,
    0x8414014a, 0x56474c8c, 0x9e818b5b, 0x41433878, 0x3697783a, 0x97374344, 0x645dc602, 0x07074f40, 0x61634a5a, 0x2a2ba001, 0x32fe292c, 0x2f2d2e2c,
    0x2208c782, 0xff2a0001, 0x02b902f0, 0x001b00d6, 0x1eb04b95, 0x25405850, 0x05030200, 0x80050203, 0x03040500, 0x827e0405, 0x610133c3, 0x34010100,
    0x0404004d, 0x01066100, 0x003b0000, 0xae411b4e, 0x8f232005, 0x0001262c, 0x03010203, 0x202a8c69, 0x0825a040, 0x4e003e2f, 0x13405959, 0x18190001,
    0x0e101416, 0x07090b0c, 0x1b011b00, 0x2b160907, 0x26262205, 0x36363435, 0x17163233, 0x23262607, 0x14150622, 0x08f18216, 0x06173731, 0x61770106,
    0x97535696, 0x179a8b66, 0x42500c9e, 0x52605e55, 0x9f0a5047, 0x5810a116, 0xa77174a6, 0x067f895c, 0x6f854b43, 0x48518270, 0x82918206, 0xffff21ee,
    0x0326ef85, 0x00260291, 0xcf43000e, 0x00102605, 0xb10800ae, 0x0acf4301, 0xf0ff2a26, 0x9603b902, 0x12202388, 0x8d06cf43, 0x02182423, 0x85d602b9,
    0x07002723, 0xd0001a03, 0x5f880000, 0x11203b89, 0x5f833b94, 0x5f888020, 0x07010c22, 0x002f838d, 0x004a0002, 0x02a60200, 0x000800c6, 0x41480011,
    0x1620056c, 0x240a4e42, 0x5f010202, 0x074e4204, 0x38211893, 0x05f24401, 0x0b0f1123, 0x2f448209, 0x09052107, 0x11332b17, 0x15163233, 0x27230614,
    0x36083342, 0xb8bbacf5, 0x675d63a9, 0x5d676363, 0xabb9c602, 0x6f80b8aa, 0x84707374, 0x208384cb, 0x28cb8303, 0x01000014, 0x00120307, 0x10234478,
    0xa7850920, 0x2383cb82, 0x20030624, 0x1d451da4, 0xb01d2605, 0xffff2b35, 0x211f9c00, 0xe7840100, 0xe7824020, 0x58000b22, 0x1e20e585, 0x0325fc82,
    0x67030204, 0x0df84300, 0x43010621, 0x209b06f7, 0x85053821, 0x0b0024f5, 0x83110b00, 0x09072200, 0x43f5821b, 0x152b08e5, 0xfeee014a, 0xfe4a01aa,
    0x435e01b6, 0xa38206d3, 0x4022e783, 0xc3829103, 0xe7841820, 0xd9000e22, 0x880d8f41, 0x88962023, 0x00122223, 0x2023a075, 0x20239811, 0x2247887e,
    0x856a000b, 0x0abf4547, 0x80208f85, 0x0c222388, 0x6b96cf00, 0x23889720, 0x93000d22, 0x7b202396, 0x16222388, 0x23918700, 0x0227ff25, 0x85c60265,
    0x07002523, 0x64011b03, 0x2108fb41, 0xef890340, 0x71001522, 0x002d3b8d, 0xff2a0002, 0x02cb02f0, 0x001800d6, 0x073d441f, 0x00262108, 0x02010203,
    0x00800103, 0x05060001, 0x00670601, 0x61040202, 0x34040400, 0x0501074d, 0x00610005, 0x200b3e44, 0x262d8824, 0x03020004, 0x87690204, 0x202b8c35,
    0x4426a140, 0x6a080540, 0x1d191a10, 0x1a1f191c, 0x2212221f, 0x09082315, 0x14012b1b, 0x22230606, 0x3535022e, 0x23262621, 0x27070622, 0x32333636,
    0x32011616, 0x16213736, 0x5dcb0216, 0x77425e9c, 0x0302355c, 0x2f4b650a, 0x21a01650, 0x9b6573a2, 0x4aabfe57, 0xa1fe0c60, 0x6301570e, 0x2e54a57a,
    0x385a895b, 0x3436655d, 0x57796809, 0x5897fea6, 0x82535a55, 0x05bb42c6, 0xc6023426, 0x4d000900, 0x2005bb42, 0x11bb4219, 0x04010528, 0x4e043504,
    0x1b96401b, 0x4e043825, 0x820d4059, 0x0009234e, 0x00821109, 0x1a090622, 0x3109b042, 0xea014a11, 0x4001aefe, 0xc602c0fe, 0xfe7eac80, 0xb34500e4,
    0x02b33308, 0x002200d6, 0x10b04bf0, 0x20b55850, 0x01040001, 0x07821b4c, 0x07820720, 0x14845920, 0x00274031, 0x03060302, 0x00800602, 0x04050006,
    0x45670506, 0x07220ec9, 0x8b410208, 0x501e2407, 0x9a2b4058, 0x0707222e, 0x05fd4535, 0xfd450820, 0x8829200c, 0x07f64532, 0x30906987, 0x2b9b4020,
    0x5c893820, 0x4e003e31, 0x40595959, 0x1f000117, 0x1b1c1d1e, 0x4616181a, 0x2223060e, 0x46092201, 0x4908140e, 0x16141506, 0x36323316, 0x21352337,
    0x06272311, 0x67720106, 0x97504f92, 0x17958a6a, 0x46470b9d, 0x2727513d, 0x54464051, 0x3701a205, 0x771c055e, 0x6da75e10, 0x8861a86b, 0x453b0771,
    0x47466e40, 0x40523e6d, 0x658ffe6f, 0xbf454035, 0x03b32e08, 0x00260291, 0x01000024, 0x00130307, 0x0df742bb, 0x2206e345, 0x889603b3, 0x00122223,
    0x2023a0af, 0x24239411, 0x02b30203, 0x254785d6, 0x18030700, 0x838a0801, 0x5f888020, 0x0a010c22, 0x7b205f96, 0x16222388, 0x238dc200, 0xdb470020,
    0x02e62605, 0x002900d6, 0x05db47c0, 0x02003035, 0x02030803, 0x08008008, 0x08060700, 0x01096707, 0x42010a06, 0x0b20131c, 0x200ce841, 0x4137882e,
    0x3f9107e8, 0x00040423, 0x20358761, 0x3430ab40, 0x594e003e, 0x011d4059, 0x25262700, 0x1f202124, 0x1a1b1c1e, 0x08f74119, 0x29012923, 0x1bf7410c,
    0x35233724, 0x04823633, 0x15213708, 0x15330714, 0x01060623, 0x4c96717d, 0x816e9950, 0x0b9d159a, 0x51404645, 0x3d4f2726, 0x9e83295c, 0x01a20103,
    0x4b390637, 0x61109422, 0xa86a69a8, 0x07748562, 0x0242463a, 0x48392a05, 0x2a541814, 0x5c48282e, 0x0693465d, 0xc6028724, 0x79470b00, 0x00013809,
    0x04010304, 0x00010267, 0x064d3400, 0x03030205, 0x1b4e0335, 0x91001640, 0x03382118, 0x26148346, 0x11211133, 0x82231133, 0x4a2b0805, 0x980d0198,
    0x02f3fe98, 0x01dffec6, 0x013afd21, 0x00dbfe25, 0x00ffff00, 0x02000003, 0x02c602cf, 0x002c0026, 0x03060100, 0x481aef1d, 0x1a200599, 0x20054b47,
    0x221f824a, 0x86960387, 0x0307241f, 0x419c0011, 0x238210f3, 0x82e20021, 0x000322bb, 0x05934430, 0x83000c21, 0x480220b2, 0x0e89072b, 0x82013821,
    0x820a20a7, 0x0003241d, 0x48031103, 0x1126051d, 0xc602984a, 0x8b823afd, 0xf0ff4a24, 0x47825603, 0x2f002622, 0x07242282, 0x1e013900, 0x5f82a384,
    0x031e0123, 0x82838291, 0x07012517, 0x2d000e03, 0xff23838d, 0x82eeffff, 0x843e20bd, 0x222385a7, 0x90c9ff11, 0x82e32023, 0x03492223, 0x2247887e,
    0x47beff0b, 0x49201007, 0xe4227982, 0x23888003, 0x24000c22, 0x0021478f, 0x2223820c, 0x889703e2, 0xff0d2223, 0x202390e7, 0x226b8201, 0x887b032c,
    0xff162223, 0x262390dc, 0x0127ff2b, 0x85c60207, 0x06002423, 0x82061b03, 0x23cb8258, 0x010000ea, 0x85050747, 0xff1522cb, 0x2d3b8dc5, 0x31000100,
    0x3802f0ff, 0x1100c602, 0x73414f00, 0x00193305, 0x03020301, 0x00800201, 0x4d340303, 0x00020200, 0x50430461, 0x96402006, 0x003e321b, 0x0f40594e,
    0x0c0d0001, 0x04050709, 0x11011100, 0x06f64205, 0x37273008, 0x32331616, 0x33113536, 0x06061411, 0x73533501, 0x0199013d, 0x38333238, 0x10744198,
    0x074e7946, 0x4946484c, 0x39fec701, 0x00437953, 0x84ffff00, 0x0374228f, 0x20cb8291, 0x24bd8239, 0x010e0307, 0x86b38d83, 0x03942223, 0x22238896,
    0x8d1f0111, 0x06074323, 0xd782a520, 0x41000b2a, 0x090a0940, 0x02040306, 0x21087d4f, 0xd082010e, 0x044d342b, 0x02020203, 0x1b4e0235, 0x21108b40,
    0xcc820238, 0x00000c28, 0x0b000b00, 0xc9821212, 0x332b1922, 0x2108be82, 0x01013301, 0x15070323, 0x0201984a, 0x01fbfeb1, 0x4accad15, 0xcafec602,
    0xc7fe3601, 0x270173fe, 0x3282d156, 0x20066b49, 0x209b84a5, 0x22bf843c, 0x8d8d0012, 0x2223839b, 0x820203ff, 0x82bf829b, 0x07002523, 0xee001803,
    0x20089347, 0x22b38229, 0x413b0005, 0x1120058b, 0x34281682, 0x0101004d, 0x01036002, 0x138eab86, 0x0b20ae84, 0x05272782, 0x11110500, 0x84180904,
    0x832120ad, 0x024725a7, 0x80bafdc6, 0x29229386, 0x6f829103, 0x93843f20, 0x2412f742, 0x00004a00, 0x857b8202, 0x24938223, 0x004c0110, 0x8bab8600,
    0x00182217, 0x201784c3, 0x302f8b05, 0x21030601, 0x0900f4dd, 0xb80101b1, 0x35b0f4ff, 0x418f822b, 0x03210583, 0x27cf8249, 0xb742000c, 0x0303080b,
    0x20098141, 0x0581410f, 0x82040521, 0x05824114, 0xd484118c, 0x44820d20, 0x0c000c26, 0x11121112, 0x33055848, 0x33131333, 0x03112311, 0x4a110323,
    0xcbb4b5cb, 0xa682a798, 0xfb2ce282, 0x3afd0502, 0x36fecc01, 0x34feca01, 0x20084741, 0x267782a4, 0xb63e0009, 0x41020308, 0x09222ff8, 0x73820900,
    0x19090528, 0x3311332b, 0x73821101, 0x4a11012f, 0x981a01a8, 0x02e8feaa, 0x0116fec6, 0x226f82ea, 0x4a27fed9, 0xa426086b, 0x26029103, 0x5b414500,
    0x14012105, 0x2511ef41, 0xa4020000, 0x23889603, 0xb0001222, 0xff222391, 0xb3820203, 0x00252385, 0x00180307, 0x895f8afe, 0x0015223b, 0x253b8dad,
    0x4a000100, 0x3b835eff, 0x00130037, 0x120b4070, 0x00040203, 0x0403010f, 0xb04b4c02, 0x40585029, 0x066b4117, 0x0404012e, 0x03004d35, 0x00600203,
    0x02390202, 0x2707064f, 0x00030014, 0x64020302, 0x0423258a, 0x91401b4e, 0x04382316, 0xee49594e, 0x00132405, 0x41232113, 0x012e0895, 0x14113311,
    0x35232306, 0x35363233, 0x2b412335, 0x50513c06, 0x1a1b5e82, 0x02e8fe1a, 0x0117fec6, 0x4934fde9, 0x1b176853, 0xfed90108, 0x4b000027, 0xde28067f,
    0x0f00d602, 0x6b001b00, 0x2005e147, 0x09e44917, 0x44010521, 0x0c430b77, 0x82152005, 0x020324e9, 0x8d690301, 0x9240201c, 0x05964717, 0x10111331,
    0x15170001, 0x1b111b10, 0x0f000709, 0x47060f01, 0x16250d8c, 0x06061415, 0x05805027, 0x1506222c, 0x84011614, 0x53539b6c, 0x05856c9b, 0x64645923,
    0x35038259, 0x72a65a10, 0x5b5ba772, 0xa67272a7, 0x737f805a, 0x73818173, 0xeb487f73, 0x03de2608, 0x00260291, 0x06fb414b, 0x634e1b20, 0xff2a2610,
    0x03de02f0, 0x22238896, 0x96b70011, 0x887e2023, 0x4f0b2023, 0x02200677, 0x850a574d, 0x88972047, 0x000d2223, 0x864796d5, 0x27002d8f, 0xcd000e03,
    0x0701ae00, 0x7e010e03, 0x10202b82, 0x2107f753, 0x2f5003b1, 0x03de220e, 0x2157887b, 0xef460016, 0x0b235405, 0x02217b84, 0x242385d6, 0x22030600,
    0x098f5020, 0x1520db8b, 0x410f8753, 0x042905e7, 0x00d60232, 0x012a001a, 0x05dc4b16, 0x010b0a2c, 0x01180103, 0x4c020600, 0x0c82401b, 0x18020927,
    0x02080701, 0x06fb4b4c, 0x0400233d, 0x04060500, 0x01096705, 0x61010303, 0x01010102, 0x080b4d34, 0x00060602, 0x4b0a0761, 0x33200cf7, 0x00222a87,
    0xe8510909, 0x03033907, 0x02005f02, 0x004d3402, 0x5f070606, 0x35070700, 0x08010b4d, 0x0a610008, 0x280c164a, 0x00010031, 0x09010309, 0xa0428869,
    0xa2402038, 0x8a382033, 0x4c3e206c, 0x1f3c050f, 0x00011b1c, 0x2a1b2224, 0x16172a1c, 0x12131415, 0x0e0f1011, 0x07090c0d, 0x1a011a00, 0x200f1f4a,
    0x09ee4f35, 0x35215808, 0x32270606, 0x34353636, 0x22232626, 0x14150606, 0x82011616, 0x55559b68, 0x6b44689b, 0xfed20127, 0xfe2e01c6, 0xfe4201d2,
    0x446b2726, 0x28285442, 0x53404254, 0x10532928, 0x7473a55a, 0x292c59a7, 0x7ea38045, 0x294580a5, 0x6e3f802c, 0x406f4545, 0x45466e40, 0x82003f6e,
    0x05a35100, 0xc6027726, 0x13000a00, 0x2909f947, 0x02010003, 0x00670103, 0xfa530404, 0x46052006, 0x19210775, 0x2b1b9400, 0x594e0238, 0x00000f40,
    0x0b0d1113, 0x0a254a82, 0x09062124, 0x08ed5318, 0x15232322, 0x380ae053, 0x9191801c, 0x3c7b8480, 0x7b3c4242, 0x6c7cc602, 0x01f57d6c, 0x34343575,
    0x208f8834, 0x208f8259, 0x208f820c, 0x05f0435c, 0x01001d31, 0x05040107, 0x00670401, 0x03020005, 0x82670205, 0x4d342329, 0xc04a0106, 0x211f9a06,
    0x97820338, 0x0d0e1432, 0x0f110000, 0x130e130d, 0x0c000c00, 0x08112124, 0x2105d345, 0x49523315, 0x15232305, 0x0b822313, 0x4a34353a, 0x8b7e6e98,
    0x6b6e7e8b, 0x02706b6b, 0x66727fc6, 0x01957268, 0x5859b1c6, 0x26052b41, 0x02c2ff2a, 0x82d602d7, 0x00273f99, 0x190c40ce, 0x04030216, 0x00020112,
    0x4b4c0203, 0x58500ab0, 0x04002340, 0x04030305, 0x14820672, 0x00860224, 0x8c420505, 0x82072006, 0x620021aa, 0x20083650, 0x202a821e, 0x232a8324,
    0x80030405, 0x2f202b9e, 0x22202b82, 0x01262b8e, 0x01040500, 0x558c6905, 0x249f4020, 0x2c068542, 0x00141515, 0x181f2100, 0x15271417, 0x2ac98227,
    0x08222613, 0x052b1809, 0x54230627, 0x162b09a5, 0x07061415, 0x37322517, 0x42173327, 0x41080d78, 0x31373702, 0x549a694e, 0x6f6f994f, 0x3e434f98,
    0x1ccdfe5e, 0x347e6311, 0x5227201d, 0x27524140, 0x453e5227, 0x6ca75f17, 0x6262a86a, 0x96636aa8, 0x07ae7532, 0x591c4579, 0x446f4142, 0x40416f44,
    0x1754436f, 0x02872206, 0x277d82c6, 0xb559001c, 0x04020109, 0x2b077556, 0x0004001a, 0x02040102, 0x05050067, 0x20067a42, 0x08145906, 0x382b1c97,
    0x40594e01, 0x1c000010, 0x8214161a, 0x23132653, 0x09072119, 0x057d4219, 0x1629c984, 0x27231717, 0x23232626, 0x0a864211, 0x4e372b08, 0x38453f72,
    0x9b120969, 0x362d030d, 0x3d378e97, 0x02893b3e, 0x415f34c6, 0x0f115a41, 0x29b4cc6b, 0x01fcfe27, 0x302f3383, 0x3b490031, 0x03872606, 0x00260291,
    0x05e34558, 0x45f00021, 0xdb4c1077, 0x22238509, 0x918c0012, 0x03ff2223, 0x85fb8202, 0x07002647, 0xf1001803, 0x29508200, 0xf0ff3400, 0xd6027502,
    0x85522c00, 0x00253407, 0x05010504, 0x00800104, 0x01050201, 0x05007e02, 0x4b610305, 0xc356098b, 0x2a2c8e0f, 0x04050003, 0x00690503, 0x56000202,
    0x402108ee, 0x8f528f23, 0x003e2125, 0x2d06c356, 0x1a1b1d1f, 0x06081517, 0x2c000304, 0xc3562c01, 0x07c44b06, 0x26263425, 0x56022e27, 0xd15606d0,
    0x1657080a, 0x15021e17, 0x01060614, 0x089d8a63, 0x454a0999, 0x44183f38, 0x326f5b42, 0x5853783f, 0x9808447a, 0x343d4506, 0x3a401a3b, 0x43317263,
    0x7288107b, 0x29443f07, 0x1f251929, 0x4f34150f, 0x36613f3c, 0x08466c3e, 0x252e4337, 0x0c1a231a, 0x36543d14, 0x00346142, 0x41ffff00, 0x0325051b,
    0x00260291, 0x067b415c, 0xfb48e420, 0x2023880d, 0x22238896, 0x92800012, 0x02182423, 0x85d60275, 0x07002523, 0xb2001a03, 0x3b895f8a, 0x3b941120,
    0x3b8c0320, 0xe6001822, 0x2c08634a, 0x00c602b3, 0xb763001d, 0x03060718, 0x08cb4203, 0x03001f28, 0x03040204, 0x46458002, 0x02002809, 0x065f0102,
    0x5b010205, 0x219c05e5, 0xfc563820, 0x25598206, 0x2124221d, 0x06562327, 0x36342405, 0x59152133, 0x6a49063e, 0x343a0805, 0x35232326, 0x15222337,
    0x7f844a11, 0x68b04301, 0x7984916b, 0x45403979, 0x91ab623d, 0x75d5016b, 0x0e9e837c, 0x74695466, 0x2e2d3280, 0x719f6931, 0x01002bfe, 0x00000b00,
    0xb7824d02, 0x3e000722, 0x2c056545, 0x00010212, 0x005f0100, 0x4d340101, 0x075a4504, 0x3821148f, 0x06144d03, 0x07000724, 0x144d1111, 0x35233306,
    0x11231521, 0x4202d4df, 0x804602d5, 0x00bafd80, 0x5f87ffff, 0x0026022a, 0x00000063, 0xfe200306, 0x17870682, 0x85960321, 0x07012517, 0x5e001203,
    0x2210a741, 0x8318ff0b, 0x2623859b, 0x1a030700, 0x84008000, 0x03ff2153, 0x1822178c, 0x5482b400, 0x3b00012c, 0x8402f0ff, 0x1300c702, 0xcb864100,
    0x83010321, 0x0db44ec6, 0x148e1220, 0x2907ad4e, 0x090b0e0f, 0x13000506, 0xad4e1301, 0x11352407, 0x4e141133, 0x60370baf, 0x9848835a, 0x49434449,
    0x10844798, 0x01537a43, 0x4539fec7, 0x83454b4b, 0x7a532207, 0x849b8343, 0x91032183, 0x6828b382, 0x07010000, 0xf7000e03, 0x238fd790, 0x9e001322,
    0x96202396, 0x11204788, 0x85121357, 0x887e2047, 0x000b2223, 0x10775088, 0x97202385, 0x0d222388, 0x6b96b100, 0x0021b386, 0x20b38227, 0x06274aa9,
    0x2b825a20, 0x4f5a1020, 0x0c275e07, 0x7b205785, 0x16225788, 0x5792a500, 0x84022824, 0x2388c702, 0xf7001b24, 0x05520100, 0xb0012105, 0x85066f5e,
    0x88b82047, 0x00142223, 0x41c396d4, 0x1522090b, 0x6b8d8f00, 0x5b5f5582, 0x00062507, 0x0103b53a, 0x2009e24d, 0x05c74c0d, 0x8a082e4f, 0x082a4f0f,
    0x00062208, 0x04111206, 0x212b1809, 0x13133301, 0x13010133, 0xbd9d00ff, 0xfffe9dbd, 0xe5fdc602, 0x3afd1b02, 0x32008200, 0x00250001, 0x02d20300,
    0x000c00c6, 0x060bb742, 0x50030303, 0x0f290841, 0x00020102, 0x054d3400, 0x074d5304, 0x3821118c, 0x06185703, 0x0c000c24, 0x294d1211, 0x83032006,
    0x366e826b, 0x03032303, 0x7a9fc0e5, 0x797c857b, 0x74a4bf9f, 0xfec60274, 0x83f4010c, 0x3afd2403, 0x82fec601, 0xffff217c, 0x032d7b85, 0x00260291,
    0x01000074, 0x010e0307, 0x0d034192, 0x96202388, 0x11222388, 0x23962e01, 0x23887e20, 0x52010b21, 0x5b4c0687, 0x21e7840a, 0x23889703, 0x4d010d22,
    0x0027478d, 0x000c0001, 0x51a40200, 0x0722084f, 0x4f510104, 0x12280835, 0x2b190905, 0x33031333, 0x03333717, 0x07272313, 0xb0eff10c, 0xefb1979b,
    0x9a9cb1f2, 0x62016401, 0xa0feefef, 0xf3f39afe, 0xff21f482, 0x207382f9, 0x2373827e, 0xb73c0008, 0x3f507182, 0x23e5410a, 0x00082808, 0x04121208,
    0x332b1809, 0x13330311, 0x11033313, 0x9ba8f7f0, 0x01f6a89a, 0xfeb20114, 0xfe1e01e2, 0x00ecfe4e, 0x85ffff00, 0x91032167, 0x7a20ff82, 0x07247682,
    0xd3000e03, 0x2388ff8d, 0x23889620, 0x6f001122, 0x7e202396, 0x0b222388, 0xdb426400, 0x206b860f, 0x22238897, 0x968e000d, 0x226b8947, 0x8d6c0015,
    0x01003923, 0x00001b00, 0xc6023702, 0x52000900, 0x01060a40, 0x01010100, 0x4c020203, 0x21050745, 0xd2450016, 0x02002408, 0x455f0302, 0x189308d7,
    0x2408db45, 0x12090009, 0x05a04111, 0x2101353b, 0x01152135, 0x011b1521, 0x01befe52, 0x01a7feff, 0xca017c66, 0x36fe7c80, 0x215b8280, 0x7f85ffff,
    0x82910321, 0x231082c7, 0x0e030701, 0x5e06374e, 0xa3840b67, 0xc7830320, 0x12222385, 0xc78d6500, 0x80204788, 0x0c204788, 0x8806ef61, 0x24eb8247,
    0x004a012a, 0x25eb82b8, 0x40190005, 0x54610216, 0x4e012108, 0x05378a82, 0x03120500, 0x132b1709, 0x15333527, 0x8e0d3707, 0xf04a010d, 0x52f08c8c,
    0x4a201bbb, 0x20106b51, 0x08834cfc, 0x67829220, 0x16000d26, 0x08b55900, 0x29479f4a, 0x0e101416, 0x0d000d00, 0x9f4a1611, 0x14152609, 0x23130706,
    0x0c994a03, 0x831c2108, 0x9f42428e, 0x7b828aa4, 0x3a45453a, 0x76c6027b, 0x176a446b, 0x0501e0fe, 0x8301fbfe, 0x32303031, 0x2e068f4a, 0x02910392,
    0x00870026, 0x03070100, 0x4aed000e, 0x0025116b, 0x03920200, 0x22238896, 0x91890012, 0x03ff2223, 0x85eb8202, 0x07002623, 0xdf001803, 0x21508200,
    0x04822a00, 0xc602ae25, 0x42000b00, 0x1824064b, 0x01010103, 0x2606524f, 0x00000104, 0x5e065f05, 0x1a9507cd, 0x2215c75e, 0x48113335, 0x332f052f,
    0x70762a15, 0x76707801, 0x80c60180, 0x423afe80, 0x7784064f, 0x8b20d784, 0xd7838182, 0x8511f755, 0x85d78323, 0x00112123, 0x210ef755, 0xbf85ffff,
    0x827e0321, 0x212385d7, 0x8f53000b, 0x0aef4406, 0x80204785, 0x0c222388, 0x97427900, 0x20238510, 0x22238897, 0x963d000d, 0x887b2023, 0x00162223,
    0x25239131, 0xd30127ff, 0x2385c602, 0x03070027, 0x00d2001b, 0x89a78800, 0x001521cb, 0x42053b52, 0xff290cf7, 0x02b302f0, 0x002000d6, 0x0521539a,
    0xe75c2620, 0x0404241a, 0x50076100, 0x24200ce2, 0x8b18e25c, 0xa140202b, 0x051e4c26, 0x00011522, 0x230cd55c, 0x08200120, 0x620d5053, 0x062106e4,
    0x09d55c15, 0x5a141521, 0x4c2615d4, 0x01a20553, 0xcd5aa737, 0x41512511, 0xadaa2a6f, 0x5c095f52, 0x942805cf, 0x07010000, 0xbc001303, 0x21125f41,
    0xcf5c02f0, 0x20238505, 0x125b5511, 0x5cff2a21, 0x238207ab, 0x03070025, 0x41090118, 0xff200583, 0x80233b83, 0x85002602, 0x010c223b, 0x205f960b,
    0x2223887b, 0x90c30016, 0x00132623, 0x03c70200, 0x088f668c, 0x96002322, 0x2010d766, 0x206b822a, 0x202384b9, 0x20cb840e, 0x63838224, 0x3b610fbb,
    0x20478305, 0x22238418, 0x466b0023, 0x00200f3f, 0x2422238f, 0x8f90d200, 0xb3206b83, 0x24206b84, 0x24224784, 0x238f0c01, 0x82e4ff21, 0x84482019,
    0x051b5a23, 0xbfff2322, 0x00216b93, 0x22238ae2, 0x8f260024, 0x83002047, 0x84de206b, 0x05035523, 0x9f562320, 0x0bbb5406, 0x8305f349, 0x05234bd7,
    0x44002321, 0x0120058f, 0x83108348, 0x05ef4823, 0xa7482320, 0x063b4711, 0xa7472383, 0x46232005, 0x478a074f, 0x00001b24, 0x8f843702, 0xfb858020,
    0x430f5b5e, 0x4783087b, 0x22052344, 0x90150023, 0x05ff43fb, 0x24222389, 0xfb947c00, 0x42056741, 0x2422053f, 0x23900d01, 0x00001333, 0xc6028804,
    0x01002600, 0x07000000, 0xda028b00, 0x06374c00, 0x026d0423, 0x201782c7, 0x20178668, 0x080782bf, 0x25000225, 0x4502f4ff, 0x20002402, 0x38012900,
    0x5013b04b, 0x250c4058, 0x02040207, 0x0002181e, 0x1b4c0204, 0x8c27b04b, 0x82062013, 0x20228913, 0x240e8205, 0xb04b5959, 0x08238212, 0x02002020,
    0x02010401, 0x01010072, 0x03006103, 0x084d3d03, 0x04040206, 0x07056100, 0x3e000002, 0x4b824e00, 0x21205f83, 0x04212785, 0x83289b80, 0x88272074,
    0x06042528, 0x7e060401, 0x01222f8a, 0x578c0606, 0x95612f20, 0x82012005, 0x8f57827f, 0x0500252e, 0x084d3505, 0x07213384, 0x218a8501, 0x5c982b40,
    0x38202d82, 0x59202d8d, 0x26080082, 0x21221940, 0x29210001, 0x1a1c2922, 0x0e101517, 0x080a0b0c, 0x20012000, 0x2b160909, 0x35262217, 0x37373634,
    0x63222334, 0x5b080635, 0x16141515, 0x06153333, 0x26222306, 0x27060627, 0x35353632, 0x14150607, 0x596854e1, 0x535bad57, 0x810f970f, 0x0f797869,
    0x1f070f0f, 0x0a422a0f, 0x38216014, 0x0c497a45, 0x4d47454d, 0x4d692212, 0x735b5807, 0x0f17b76d, 0x25040267, 0x67332b33, 0x1a1a3942, 0x0039340e,
    0xffff0000, 0x2406b341, 0x002602e3, 0x241082ab, 0x000e0307, 0x231792c0, 0x67130306, 0xe8202f8b, 0x06232f86, 0x955c1203, 0x8c112017, 0x88d02017,
    0x510b212f, 0xe9202f8b, 0x0d211788, 0x20178b7a, 0x211788cd, 0x17876e16, 0x6a022724, 0xa7882402, 0x69011b22, 0x0321a789, 0x2217880a, 0x899d0014,
    0x89022017, 0x581521a7, 0x00214782, 0x2bef8303, 0x24029a03, 0x31002a00, 0x0c013c00, 0x3405a542, 0x01011312, 0x09010703, 0x05013602, 0x00012809,
    0x1b4c0406, 0x20148e40, 0x4214820b, 0x3239069c, 0x09010200, 0x00720201, 0x05060507, 0x00800607, 0x07050009, 0x0a670509, 0x2f468201, 0x03010461,
    0x0d4d3d03, 0x0606020b, 0x0c086100, 0x200cae42, 0x21398533, 0x3aab8009, 0xa33e4021, 0x89002035, 0x0d4d246e, 0x890b0b01, 0x5924087b, 0x33234059,
    0x32000132, 0x303c333c, 0x262b2c2e, 0x20212224, 0x171b1c1e, 0x0e101215, 0x00090b0d, 0x0e2a012a, 0x650b7942, 0x172009b1, 0x2805b665, 0x16211515,
    0x37323316, 0x07834217, 0x26331322, 0x71082483, 0x35363601, 0x06060735, 0xe2161415, 0x4f616a53, 0x2a2d30ad, 0x10970630, 0x3d7e677f, 0x50365b23,
    0x87fe4176, 0x4f343f03, 0x88159715, 0x23714960, 0xe0f46d1e, 0x2f2f3b04, 0x33e9fe3d, 0x23267a3f, 0x474b0c26, 0x1e0f494e, 0x24293439, 0x3e5c5707,
    0x8246201e, 0x3e401e5a, 0x5a500941, 0x35343237, 0x3a3b4c01, 0x01e2fe3d, 0x16183c3d, 0x1d1a2206, 0x0082001f, 0x4200022e, 0x5502f4ff, 0x1200c602,
    0xac001e00, 0x2c05c141, 0x0501080a, 0x00010303, 0x1b4c0204, 0x200c8640, 0x200c8201, 0x201e8559, 0x0555591d, 0x29068e54, 0x01074d3d, 0x61000404,
    0x9c410601, 0x502f2408, 0x8e214058, 0x01002324, 0x29863501, 0xe9430620, 0x20239207, 0x37238d38, 0x17405959, 0x00011314, 0x1e13181a, 0x0a0c1e14,
    0x04050607, 0x12011200, 0x25066f48, 0x11230727, 0x56411533, 0x0fc35b06, 0x38763f08, 0x8f031753, 0x37521596, 0x37376444, 0x3d326e64, 0x3d38323c,
    0x2b300c3d, 0xfac6024f, 0x7e453325, 0x457e5555, 0x4e4e5773, 0x4d4e5757, 0x01000058, 0xf4ff2500, 0x24023b02, 0x3b001d00, 0x156c3840, 0x0303270f,
    0x01006101, 0x426c3d01, 0x003e2209, 0x2c9a824e, 0x11151719, 0x090c0d0f, 0x011d0007, 0x0629551d, 0x1c552620, 0x332f0811, 0x17373632, 0x3501020e,
    0x43437b52, 0x7147527b, 0x079b0846, 0x3e382b39, 0x3a2b383e, 0x45079b06, 0x7d460c71, 0x467e5455, 0x07425e32, 0x82563332, 0x36352596, 0x35614206,
    0x26065744, 0x02e3023b, 0x44b80026, 0xcc200657, 0x22089743, 0x86e8023b, 0x03062317, 0x1e826812, 0x18202f84, 0x2f88c783, 0x8a001a22, 0x11202f94,
    0xf7832f88, 0x2f88d220, 0xc3000c22, 0x83464882, 0x42382005, 0x0b240e1b, 0x10010501, 0x85071b42, 0x4203200c, 0x2b41121b, 0x051b4206, 0x1b420320,
    0x22248616, 0x42030300, 0x2389191b, 0x5b1c1b42, 0x1b420649, 0x08706d09, 0x11333523, 0x06e94523, 0x23263422, 0x0805df5d, 0x6344012e, 0x43633635,
    0x96155339, 0x5717038f, 0x3a3a3606, 0x3f3e3536, 0x567e440c, 0x2f457d56, 0x3afdfa29, 0x73302b4f, 0x53525154, 0x5a4b4d58, 0x8206db45, 0x00c62ce7,
    0x00be0026, 0x03070000, 0x41340210, 0x7b230853, 0x8402c602, 0x07013417, 0xba001c03, 0x09002701, 0xb80102b1, 0x35b02701, 0x4100002b, 0x33080547,
    0x00d20245, 0x0028001c, 0x17444047, 0x0b0c0d0e, 0x09020105, 0x02010401, 0x1415164c, 0x4a020411, 0x02010200, 0x00010085, 0x04010304, 0x03010669,
    0x05610003, 0x31052843, 0x00011d1e, 0x281d2224, 0x0f10281e, 0x1c000507, 0x65421c01, 0x34353306, 0x16323336, 0x07272617, 0x27263727, 0x17161637,
    0x19561737, 0x0ccc5e05, 0x8c84353d, 0x3a1f848c, 0x802c161b, 0x392d4a1c, 0x26613b28, 0x39611c84, 0x38848c34, 0x82383e3e, 0x0c220803, 0x84737384,
    0x263e0c0f, 0x101f4536, 0x21066603, 0x2944371a, 0x8864b040, 0x4248718b, 0x3d49483a, 0xf282483e, 0x393dc786, 0x16002402, 0x3e001d00, 0x04003b40,
    0x04020302, 0x05008003, 0x05040200, 0x06006702, 0x09ad4106, 0x3405844c, 0x014e003e, 0x181a1c00, 0x12131417, 0x090d0e10, 0x01160007, 0x0e2d4c16,
    0x11451620, 0x4503200a, 0x3326060b, 0x42437952, 0xf4445279, 0x164e2b07, 0xd4871697, 0x2f3b03df, 0x26433d2f, 0x09dc4406, 0x3b4c0124, 0x8b413d3a,
    0x02392708, 0x002602e1, 0x134f00c2, 0xffcc2205, 0x058b41fe, 0xb0feff24, 0xa3472b35, 0x02392207, 0x232386e6, 0x68120306, 0x478a218c, 0x11202389,
    0xce202398, 0x0b214788, 0x2147845d, 0x6985b802, 0xd020478a, 0x0c228f88, 0x8f96c300, 0x2388e720, 0x87000d22, 0xcb202396, 0x16216b88, 0x3bb38e7b,
    0x25000200, 0x390227ff, 0x2b002402, 0x53003200, 0x011f5040, 0x01200005, 0x4c020506, 0x3008a541, 0x04020007, 0x00670207, 0x05060005, 0x08006606,
    0x0bac4108, 0x6b420920, 0x00012905, 0x2c2d2f31, 0x1c1e2224, 0x2308b041, 0x0a2b012b, 0x410dde4d, 0x07220ab0, 0xcb700717, 0x06ce4605, 0x36343525,
    0x41063737, 0x0d3319c5, 0x1f580120, 0x12190a10, 0x203b0d1b, 0x14183b35, 0x417f0b08, 0x313214d6, 0x26690125, 0x0d0d0f1c, 0x300f0b4c, 0x1732202b,
    0xe741010a, 0x099f410f, 0x41651521, 0xf421130f, 0x0cab4202, 0x0302032a, 0x00800204, 0x06050002, 0x2606d572, 0x00010761, 0x424d3d00, 0x3e2107b6,
    0x16ab4201, 0x1632012b, 0x06141516, 0x26222306, 0x06846d26, 0x3627073b, 0x16231336, 0x36323316, 0x7a522a01, 0x51794343, 0x01417650, 0x33400278,
    0x06ab424f, 0x2f2f3c2b, 0x4524023c, 0x7e54557e, 0x09ac4246, 0x3bb4fe29, 0x00003d3a, 0x822e0001, 0x029f2e04, 0x001300c6, 0x19b04b79, 0x1d405850,
    0x08786000, 0x97820520, 0x045f012d, 0x37010101, 0x0601074d, 0x63063506, 0x1b2007a4, 0x05261482, 0x01060001, 0x2e896700, 0x40202287, 0x26081d98,
    0x594e0638, 0x000f4059, 0x00130000, 0x21131113, 0x08111123, 0x332b1c09, 0x33352311, 0x33363435, 0x22231533, 0x82151506, 0x11290806, 0x564e4e7c,
    0x1f52725b, 0x0185851c, 0x4f1b7094, 0x1f1f7058, 0x6cfe7014, 0x00020000, 0x025eff25, 0x00240238, 0x002b001f, 0x050c4894, 0x01190f31, 0x010b0306,
    0x03040502, 0x03020102, 0x83401b4c, 0x8a042011, 0x06354811, 0x0108202d, 0x01020005, 0x00690205, 0x49030606, 0x002206d8, 0x27440101, 0x003f2505,
    0x24401b4e, 0x04232289, 0x844d3704, 0x03002427, 0x8b4d3d03, 0x40593926, 0x01202119, 0x20252700, 0x1b2b212b, 0x0f15171a, 0x0006080d, 0x091f011f,
    0x5c05a442, 0x352007a4, 0x7306af41, 0x35230676, 0x82141133, 0x36322377, 0x04463635, 0x32440807, 0x9a127873, 0x352f2c08, 0x3454133a, 0x39396642,
    0x513b4165, 0x76429315, 0x013e334f, 0x3c36343e, 0x4254a23e, 0x331e1a0b, 0x2d253938, 0x4d4f7640, 0x2b344376, 0x481dfe53, 0x2a012f60, 0x5146484f,
    0x52454552, 0x2f06e743, 0x0238025e, 0x002602e3, 0x000000ce, 0x74130306, 0xff210682, 0x062f41ff, 0x1788e820, 0x83099f47, 0x4717892f, 0x17820987,
    0x861c0321, 0x0307242f, 0x8ad00017, 0x88d2205f, 0x000c2217, 0x20178ac3, 0x215f88cd, 0x77827b16, 0x2806a741, 0x00240279, 0x00320023, 0x08a741b0,
    0x0b030a25, 0x41070201, 0x0a210ba7, 0x41118a04, 0x2a3606a7, 0x08050109, 0x05070601, 0x010c6706, 0x01020007, 0x00690207, 0xb1410a0a, 0x010b290c,
    0x003f0000, 0x2e401b4e, 0x04232c93, 0x844d3704, 0x09bb4131, 0x59303086, 0x24252140, 0x2c2e0001, 0x2728292a, 0x32253224, 0x41051f6f, 0x232306c3,
    0x410d2301, 0x15241ec3, 0x15231533, 0x2205c741, 0x46352337, 0x1523052b, 0x41011614, 0x412c16ca, 0x4f764241, 0x860a382a, 0x2c3b0889, 0x0816cf41,
    0xb958d223, 0x012f6048, 0x5831352a, 0x45523b35, 0x01005245, 0x00004200, 0xc6022102, 0x50001300, 0x030103b5, 0x079d6001, 0x00001725, 0x824d3400,
    0x063945d6, 0x6a040521, 0x19940738, 0x59023821, 0x132506fd, 0x13231300, 0x07bd6823, 0x2305b04a, 0x11231115, 0x08058f48, 0x96421122, 0x5a304e16,
    0x2b26965b, 0xc602342e, 0x722628f0, 0x01a7fe59, 0x3f3c3c35, 0x00cffe3d, 0xfeffffff, 0x02318f85, 0x00d60026, 0x03070100, 0x0199ff1c, 0xb1090027,
    0x07634801, 0xe6202382, 0x03212383, 0x24238882, 0x00c1ff11, 0x05735b9a, 0x5bb09a21, 0x3f200673, 0xda22bf82, 0x2382d202, 0x0982da20, 0x0c030623,
    0x8506821a, 0xd80024ef, 0x6d001802, 0x37210c6f, 0x0c6f6d4d, 0x6f6d0e85, 0x96422f14, 0xe8fd1802, 0x4200ffff, 0x15010000, 0x5f88e302, 0x82240e21,
    0x209b825f, 0x221782e5, 0x88e80235, 0xc0112117, 0x85821785, 0x02400123, 0x211788d0, 0x1784b50b, 0xa7940020, 0x03205f82, 0xd8221e82, 0x2f88e902,
    0x84de0d21, 0xf7ff212f, 0x22225f82, 0x1788cd02, 0x84d21621, 0x21002517, 0xfd0027ff, 0x2620ef88, 0x0624ef84, 0x00fc1b03, 0xe1209382, 0x37203382,
    0x1521938a, 0x293385bc, 0x026aff3f, 0x00d2020a, 0x9d820026, 0x33850020, 0xe5002724, 0x1e82fd00, 0x0c030724, 0x07824a01, 0x3f820020, 0x6afffd24,
    0x5b840c01, 0x0024dd82, 0x4c0c0306, 0x01211883, 0x2d1783ff, 0x0018020a, 0x401f000b, 0x0101001c, 0x17824d37, 0x2205b66b, 0x824e0239, 0x000b2a0b,
    0x0421130a, 0x072b1809, 0x08116d35, 0x3b032330, 0x51971e1d, 0x18709662, 0xfd020224, 0x28825afa, 0x47246386, 0x2602e302, 0x00207f82, 0x0e216382,
    0x863f8256, 0x84672017, 0x217b85bb, 0xc741f211, 0x59022708, 0x0b00c602, 0xeb6c4900, 0x08bb4207, 0x22821220, 0x844d3421, 0x09ef6c90, 0xf36c148f,
    0x33373c16, 0x27231307, 0x96421507, 0xd6d0b4c7, 0x024a93a4, 0xdc76fec6, 0xe6c5fedd, 0x4100974f, 0x022305df, 0x82800359, 0x00e82aa7, 0x03070100,
    0x00c0ff12, 0x057b4298, 0x7b429820, 0xff422207, 0x859b8303, 0x07002523, 0xc6001803, 0x01229182, 0x31824200, 0xb3842720, 0xb35a3d20, 0x82112005,
    0x2ca882a3, 0x60000202, 0x00000103, 0x1b4e0035, 0x36138e40, 0x594e0038, 0x00010d40, 0x0405080a, 0x0b010b00, 0x2b160904, 0x5f262233, 0x333106b6,
    0x4a42ce15, 0x24151696, 0x3a024b41, 0x1418d6fd, 0x85a38270, 0x7b032167, 0xeb207f82, 0x07247182, 0x24000e03, 0x1982a391, 0x8b82a620, 0x82002621,
    0x23a38223, 0x00d60010, 0xff223b84, 0xa3820103, 0x00243b85, 0x41180306, 0xff23ba82, 0x820200ff, 0x0232222f, 0x251785c6, 0x1e030601, 0x9543fcda,
    0xfcff2105, 0x8208fb6c, 0x42032fdf, 0x21002402, 0x09b67900, 0x00040203, 0x91454c01, 0x06162805, 0x00040401, 0x82010261, 0x4d372545, 0x03050708,
    0x4105ce66, 0x1a250505, 0x37000000, 0x2022834d, 0x22228201, 0x8a3d0101, 0x97402021, 0x0338261c, 0x4059594e, 0x363a8210, 0x23210021, 0x24132213,
    0x09091123, 0x11332b1d, 0x36361733, 0x85163233, 0x11152705, 0x23341123, 0x82440622, 0x8731080b, 0x314d1403, 0x13114e3a, 0x6252354f, 0x2d295196,
    0x292c2487, 0x5718022d, 0x323b342f, 0x63683835, 0x2f01a7fe, 0xfe3d437e, 0x3e2d01d3, 0xfe3c4442, 0x082745d3, 0x13002427, 0x03b56c00, 0x05155f01,
    0x5850132b, 0x03001340, 0x01610003, 0x45c28301, 0xd7850823, 0x9c821720, 0x42453720, 0x21199018, 0x6b6c0238, 0x0a43450a, 0x2620c88a, 0x4233c984,
    0x54160387, 0x965f5735, 0x322f2f23, 0x37591802, 0x825d6e2e, 0x402726b2, 0xfe404646, 0x059b44d9, 0x02210227, 0x002602e3, 0x248282f1, 0x000e0307,
    0x05db41c8, 0x02000025, 0x86e80221, 0x03062317, 0xdb416412, 0xff422205, 0x20178203, 0x222f8824, 0x94ba0018, 0x6115212f, 0x00252f82, 0xff420001,
    0x252f836a, 0x88001b00, 0xe17f03b5, 0x50132706, 0x001c4058, 0x0b410404, 0x01062307, 0x7a6d0505, 0x6d5f2005, 0x20200c7a, 0x28051441, 0x61010404,
    0x3d010100, 0x2027914d, 0x21229340, 0x034a4d38, 0x02392607, 0x4059594e, 0x2746820e, 0x251b001b, 0x11232521, 0x41052c64, 0x152106f6, 0x08976d11,
    0x41087346, 0x5a25062f, 0x1c3c654e, 0x0b34411f, 0x543fa427, 0x011a1f66, 0x0539411e, 0x260c8b56, 0x001b000f, 0x472a402d, 0x9e6d0a00, 0x003e2208,
    0x30656d4e, 0x7a52352d, 0x527a4444, 0x43437b52, 0x4e38527b, 0x4527068b, 0x7d55557e, 0x517d4646, 0x4e210a9c, 0x0c5b5557, 0x0351f720, 0x02452510,
    0x002602e8, 0x06211783, 0x094b4903, 0x4502f424, 0x1788d002, 0x555d0b21, 0xe9200b13, 0x07241786, 0x87000d03, 0x2208ab4d, 0x86e30245, 0x03262b17,
    0x00007e0e, 0x010e0307, 0x4b550030, 0x2167850f, 0x17877b16, 0x6782f220, 0x37852620, 0x03060125, 0x7c02161f, 0x0220053b, 0x5705ef74, 0x9f8905c7,
    0x88651521, 0xc103244f, 0x85002402, 0x000724b7, 0x828801c2, 0x00022618, 0x026aff42, 0x2f178255, 0x001e0012, 0x030a406c, 0x11000501, 0x02040201,
    0x23063544, 0x0505001d, 0x34074e42, 0x04040107, 0x02006102, 0x064d3e02, 0x39030301, 0x401b4e03, 0x054a4221, 0x51050521, 0x238d0a80, 0x14405925,
    0x53001314, 0x002b0652, 0x26120012, 0x09081123, 0x44172b19, 0xeb4c0724, 0x15272207, 0x0a136f37, 0x90422e08, 0x35521802, 0x3332654b, 0x52324b65,
    0x3d357116, 0x3c35353d, 0xae02963b, 0x4a2f2d50, 0x7f4f4f7f, 0xe1292e4a, 0x4d4d58fd, 0x51515458, 0x22cb8854, 0x82c6024b, 0x00222864, 0x033f4042,
    0x85010501, 0x058b46cb, 0xa183a49a, 0x131a1c25, 0x8d221422, 0x0aec53a1, 0x26222325, 0x6d131527, 0x423f0e17, 0x30421398, 0x3636694d, 0x442b4d69,
    0x32276616, 0x27321717, 0x18183226, 0x5c039632, 0x851f1bdc, 0x1b1f38a8, 0x2a0801c4, 0x472b2947, 0x2a472c2b, 0x002b4629, 0xff250002, 0x4138026a,
    0x78200677, 0x2c05a145, 0x0501100a, 0x01010202, 0x1b4c0204, 0x200c8340, 0x4b0c8503, 0x1c2a0629, 0x02050500, 0x02010361, 0xa8453d02, 0x01002406,
    0x824d3e01, 0x00392adb, 0x20401b4e, 0x37030300, 0x2023844d, 0x24229400, 0x140f4059, 0x05d95413, 0x23261329, 0x1a090710, 0x4c23052b, 0x37220eb6,
    0x83410133, 0x38023d0a, 0x32521696, 0x3233654b, 0x52354b65, 0xfe900218, 0x3c3b36f9, 0x3d3d3535, 0x2e29e196, 0x2f2cdb85, 0x4ffe502d, 0x54515154,
    0x584d4d58, 0x2705a345, 0x18028401, 0x45000d00, 0x200c1f65, 0x42948212, 0x16620748, 0x62148f08, 0x0d280812, 0x23210d00, 0x19090511, 0x4e074b46,
    0x11340531, 0x10048e42, 0x3131313e, 0x18023c3f, 0x7c33386b, 0xd3fe3c33, 0x2a05df42, 0x01000042, 0x02e30284, 0x82040126, 0x03062310, 0xdb497e0e,
    0x8f012308, 0x1788e802, 0x851a1221, 0xff3b2217, 0x202f8203, 0x21178818, 0x17821618, 0x29069355, 0x00240217, 0x4b690028, 0x636d10b0, 0x05012a06,
    0x01007204, 0x70010202, 0x08865600, 0x6220cf83, 0x6b085b56, 0x3d21173d, 0x32278b4d, 0x01134059, 0x191b1d00, 0x08141618, 0x00030406, 0x6a280128,
    0x332017eb, 0x0bbb4118, 0x1e174908, 0x06141502, 0x7f7d2701, 0x32079806, 0x102d2831, 0x60552e2f, 0x72777728, 0x05970b76, 0x2b282830, 0x6556372d,
    0x660c832c, 0x2a26054f, 0x17111b1a, 0x2a0e0711, 0x5f4d2e3f, 0x27065068, 0x1d1b212d, 0x2a0d081d, 0x544e2f40, 0x22087b44, 0x82e30217, 0x820820fb,
    0x030724f4, 0x8ab6000e, 0x86e82017, 0x03062317, 0xdf555212, 0x02172209, 0x21178824, 0x5344791a, 0x17022208, 0x202f8902, 0x202f8811, 0x87178203,
    0x0307242f, 0x82ad0018, 0x00013030, 0x02000042, 0x00d00270, 0xb5880024, 0x6a03010a, 0x042b0ab9, 0x04020300, 0x05006903, 0x43610005, 0x022505ac,
    0x07610102, 0x06b96a06, 0x31b04b27, 0x1f405850, 0x25269a00, 0x1b4e0138, 0x3b821d40, 0x00040524, 0x29886905, 0x1f824688, 0x28069250, 0x24240024,
    0x2a212221, 0x05925023, 0x33363422, 0x0b224418, 0x33352325, 0x74343532, 0x304d0655, 0x8d3d0807, 0x4281757f, 0x915a4d39, 0x7f404286, 0x2e293086,
    0x372f3036, 0x7bcf013f, 0x39596786, 0x5f10104f, 0x7e685d44, 0x2c7a5d5a, 0x462c2427, 0x0031fe3d, 0x00290001, 0x02a20100, 0x00130096, 0x0589485d,
    0xe2821d20, 0x05850333, 0x02010101, 0x0201045f, 0x004d3702, 0x60000606, 0x07734a07, 0x38311f9a, 0x40594e00, 0x12000115, 0x0b0c0d10, 0x0708090a,
    0x2be48206, 0x08130113, 0x212b1609, 0x11352622, 0x2308b482, 0x33153335, 0x14152315, 0x15333316, 0x4e532001, 0x8d965656, 0x4b21218d, 0x0701544d,
    0x707e7e70, 0x701c27f5, 0x97889282, 0x70001b22, 0x27209785, 0x062a9784, 0x0a0b0001, 0x00080702, 0xa28c6707, 0x0908082b, 0x09090060, 0x1b4e0935,
    0x2129a440, 0xab820938, 0x0000142a, 0x1b001b00, 0x11231618, 0x0c270086, 0x372b1f09, 0x89353335, 0x20ad88a9, 0x22c18223, 0x84512e35, 0x7d7d21b0,
    0x8225b282, 0x57ef4e53, 0x22b48362, 0x823c5762, 0x544d22b6, 0x214f824e, 0xbb840200, 0x1a03d828, 0x17000300, 0xbd857c00, 0x00292308, 0x00010005,
    0x00800105, 0x01010900, 0x67010004, 0x03030107, 0x01065f04, 0x4d370404, 0x02080800, 0x4b720a60, 0x212ba607, 0xc1820238, 0x04051c26, 0x14160000,
    0x27053273, 0x08090a0b, 0x17051704, 0x032a7882, 0x17090b11, 0x3337012b, 0x78410307, 0x1d432313, 0xbe823678, 0xc982cb84, 0xec2e0225, 0x41d2fdec,
    0xff340d82, 0xff2900ff, 0x02a20118, 0x01260296, 0x0000000f, 0x5b1a0306, 0x17840682, 0x178a0320, 0x18030724, 0x18828f00, 0x42000139, 0x1e02f4ff,
    0x12001802, 0xb04b7e00, 0xb5585013, 0x02000111, 0x821b4c01, 0x82042007, 0x061f4607, 0x01031324, 0xf3820101, 0x00020225, 0x5b050462, 0x17200c1d,
    0x04221a86, 0x8f443504, 0x06ea5705, 0x89401b21, 0x8c382019, 0x59592219, 0x2c648240, 0x0d0e0f10, 0x0405080a, 0x12011200, 0x06655c06, 0x3f0bab6c,
    0xf2062723, 0x26965d53, 0x96332e29, 0x0c290289, 0x5901606b, 0x393ecafe, 0x2f013f3f, 0x6357e8fd, 0xbb85d382, 0xeb82e320, 0x6b441420, 0x00c42106,
    0x8305e34c, 0x231787d3, 0x6c130306, 0x2f881e82, 0x2f86e820, 0x11030623, 0x20178b60, 0x201788d0, 0x059b4e0b, 0x20061b41, 0x211788e9, 0x2f8b7f0d,
    0x262a5f87, 0x00770e03, 0x0e030700, 0x1e822801, 0xcd207f89, 0x16213788, 0x84188273, 0x0227247f, 0x88180243, 0x011b22af, 0x21af8942, 0x17880a03,
    0xa2001422, 0x02241789, 0x012600e8, 0x0623df83, 0x82571503, 0x01002a47, 0x00001500, 0x18024c02, 0x14276c00, 0x6c4d3721, 0x0f850d27, 0x4e023825,
    0x820b4059, 0x08276c3e, 0x33033335, 0x03331313, 0x7f9dc4d9, 0x02c59d7e, 0x017ffe18, 0x82e8fd81, 0x215f8421, 0x5f823c03, 0x2017236c, 0x10236c37,
    0x236c1186, 0x9fb42c20, 0x7a635c97, 0x9f975d63, 0x82636392, 0x01952373, 0x0382fe6b, 0x01e8fd25, 0x84b1fe4f, 0x82db82f3, 0x02e3247b, 0x60200126,
    0x01210577, 0x20178a40, 0x221788e8, 0x8adc0011, 0x88d02017, 0x000b2217, 0x20178ad1, 0x221788e9, 0x84fa000d, 0x002e24db, 0x825c0200, 0x05437ddb,
    0x2012f36b, 0x0f437d37, 0x38201086, 0x6b0c437d, 0x200810f3, 0x9fbabf2e, 0xb9a36f73, 0x77769fbe, 0x08011001, 0xf7feacac, 0xb6b6f1fe, 0x00010000,
    0x026aff15, 0x33738235, 0x40300010, 0x01010a2d, 0x004c0102, 0x02000201, 0x03800001, 0x2a05ad45, 0x60040000, 0x04040105, 0x824e0439, 0x001032a5,
    0x1311120f, 0x1a090621, 0x3335172b, 0x37373632, 0x05ac4123, 0x06062008, 0x1a476e23, 0x290b0818, 0x737b99bc, 0x4412ce99, 0x0f70963d, 0xfd011f13,
    0x71018ffe, 0x8235b5fd, 0xffff21dd, 0xe3206f86, 0x2620fb82, 0x21054341, 0x1341bd00, 0x20878405, 0x231786e8, 0x59110306, 0x85059742, 0x88d0209f,
    0x4e0b2117, 0xe920178b, 0x0d211788, 0x89178b78, 0x56152147, 0x00271782, 0x00380001, 0x821b0200, 0x000924e7, 0x8206b64e, 0x540020d8, 0x1620076c,
    0x01221f82, 0x4244005f, 0x13bb6b06, 0x004d3722, 0x6b07d46b, 0x38321cbb, 0xe5fe2701, 0xd4fecf01, 0x01763401, 0xfe767032, 0x938570ce, 0xe3207b85,
    0x2c20ab82, 0x850c0b44, 0x83ab8317, 0x03062217, 0x06f34312, 0xd2201785, 0x0c222f88, 0x3782ba00, 0x42000126, 0xc8005e01, 0x301f976b, 0x15333503,
    0x860d4f03, 0x015e010d, 0xfe646404, 0x08674ffc, 0x200d5b51, 0x1a7f4f2f, 0x02002208, 0xf4ff2000, 0x24021302, 0x20001700, 0xb04bdf00, 0x40585013,
    0x02071c0b, 0x01150205, 0x4c020500, 0x200d881b, 0x200d8204, 0x05006559, 0x02001f24, 0x00650501, 0x0107260c, 0x61000505, 0x09975e04, 0x20204783,
    0x05202685, 0x900aff64, 0x822f2027, 0x9124206f, 0x04002427, 0x854d3504, 0x08824a2c, 0x38202695, 0x5939268d, 0x17405959, 0x00011819, 0x20192018,
    0x0e101314, 0x080a0b0c, 0x17011700, 0x15be6408, 0x2508cb5e, 0x15060735, 0xb564dc14, 0x0580240d, 0x641f5b14, 0xfe2411ae, 0x372d58bc, 0x2108a964,
    0x4341ffff, 0x02e32406, 0x4a330126, 0x5b410c6f, 0x23178705, 0x5e130306, 0x85058b41, 0x86e82017, 0x09874a2f, 0x6f4a178f, 0x20178507, 0x212f88d0,
    0x478b470b, 0x1788e920, 0x8b710d21, 0x88cd2017, 0x65162117, 0x27241787, 0x24023802, 0x1b24a788, 0x00003701, 0x0321bf87, 0x2217880a, 0x89940014,
    0x89022017, 0x4f1521a7, 0x8209b75e, 0x12002547, 0xa8001f00, 0x20053342, 0x0fc7600a, 0x01100222, 0x240ac760, 0x05050019, 0x06785301, 0x04010725,
    0x60610004, 0x372112c3, 0x2425844d, 0x3d010100, 0x17c3604d, 0xc360238e, 0x141f2219, 0x2cc3601f, 0x01163208, 0x32624801, 0x39496231, 0x8f961652,
    0x09541703, 0x3d33333d, 0x331a393a, 0x507f490c, 0x2e4a7f4f, 0xe8fd4c2a, 0x73302c50, 0x5d48465f, 0x4b2c4560, 0x08534c2e, 0xe3023826, 0x3e012602,
    0x2006fb41, 0x221792ca, 0x41130306, 0x2526069b, 0x3802f4ff, 0x2f86e802, 0x12030623, 0x096b4c66, 0x1120178b, 0xd020178c, 0x0b212f88, 0x202f8b5b,
    0x227788e9, 0x8a84000d, 0x88cd2077, 0x4516202f, 0x2526062f, 0x5e0227ff, 0x2f882402, 0x5d011b22, 0x03212f89, 0x2217880a, 0x89a70014, 0x21a78a17,
    0x77826215, 0x00010023, 0x2206824a, 0x58c602e0, 0x34200ddb, 0x850ddb58, 0x14db580e, 0x18964a21, 0x25074b46, 0x1d010000, 0x77829103, 0x3f564920,
    0x692c2006, 0x6b8210e3, 0x82a40121, 0x0126216b, 0x102c2385, 0xfaffd400, 0x01b10900, 0xfaffb801, 0x23067f60, 0x0003ff43, 0x47858f82, 0x03060024,
    0xa0821e18, 0xffffff23, 0x225582fd, 0x85c6022d, 0x06012417, 0x56d51e03, 0xff220e4b, 0x4b5200ff, 0x67de2005, 0x232008cf, 0x2308df4d, 0x023b02f4,
    0xb8201783, 0x07244c82, 0xc5002403, 0x22081341, 0x60dc0239, 0x23220837, 0x8d82fe5e, 0xa3600220, 0x84238712, 0x127f603b, 0x38025e22, 0xce205f84,
    0x42205f8c, 0xd9200d82, 0x4f5a1784, 0x1d242105, 0xdb20cb85, 0x3f20cb82, 0x2321178a, 0x081350b6, 0x2f920020, 0x2006a759, 0x83a782de, 0x03262147,
    0xa7594783, 0x42002706, 0x08026aff, 0x8f59de02, 0x591b8308, 0x2422098f, 0x5a824c01, 0x20078f59, 0x5973840b, 0x24210513, 0x0977424f, 0x17844520,
    0x1082f720, 0x23030622, 0x4b06d344, 0x73820507, 0x2106274a, 0x2f855623, 0x83054b49, 0x054b4917, 0xa76f2320, 0x82152006, 0x83352087, 0x26012147,
    0x5f864785, 0x83051347, 0x412c202f, 0x3748061b, 0x05034505, 0x33201783, 0x48202f85, 0x38208f89, 0x3e204784, 0x5c201785, 0x2e261785, 0xfb020000,
    0xe782c602, 0x1082cd20, 0xcd000723, 0x22188201, 0x8300ffff, 0x028c2217, 0x241786d2, 0x01da0027, 0x246784b2, 0x00cc010c, 0x201f8600, 0x22378ad6,
    0x84af01eb, 0x00292717, 0x02100300, 0xd34c0096, 0x01072405, 0x826e010f, 0x00023b37, 0x01780128, 0x00d60292, 0x0028001f, 0x22b04bb1, 0x0c405850,
    0x04020724, 0x576c1d02, 0x230e8a06, 0x594c0206, 0x20057070, 0x05946b1d, 0x0608722d, 0x07050402, 0x00040002, 0x6c010065, 0x4e23054d, 0x851b4e01,
    0x851e2047, 0x80042124, 0x40212596, 0x0ada6b23, 0x59040025, 0x83060108, 0x8c06204b, 0x5f59204b, 0x203706e0, 0x1b282128, 0x10151619, 0x0b0c0d0e,
    0x011f0009, 0x160b091f, 0x6b22132b, 0x262906d0, 0x27072223, 0x16323336, 0x05624f15, 0x080fcf6b, 0x4439a53e, 0x1a683a3c, 0x71082e17, 0x50529413,
    0x0d08090a, 0x072d191f, 0x1e123b0c, 0x01294128, 0x2e2c2f78, 0x1d150c2f, 0x72042c1e, 0x0f6c4548, 0x1704480a, 0x45201b24, 0x0f102124, 0x00201c0a,
    0x2f052741, 0x00d60296, 0x0015000b, 0x0527402a, 0x01040201, 0x65211682, 0x06076800, 0x4e034e33, 0x00010c0d, 0x150c1012, 0x0507150d, 0x0b010b00,
    0x50a08806, 0x272205c1, 0xb0503532, 0xdf142505, 0x55626255, 0x43360383, 0x22212122, 0x505f7801, 0x4f60604f, 0x5f505f50, 0x2d32312e, 0x5718005f,
    0x0225077f, 0x000602c6, 0x97411801, 0x000c220c, 0x55521813, 0x0405290b, 0x00670502, 0x5f000101, 0x1a302582, 0x0404004d, 0x01065f03, 0x031b0303,
    0x1c401b4e, 0x01271382, 0x67010002, 0x85000200, 0x211e8728, 0x227f031d, 0x11133405, 0x0c000d0f, 0x11210b00, 0x19070711, 0x2111332b, 0x85152115,
    0x272321ad, 0x39056851, 0xfe0d024a, 0x9180848b, 0x7b848091, 0x027b7e7e, 0x788380c6, 0x8078696a, 0x46186361, 0x8c200887, 0x0d20a784, 0x2608ff7c,
    0x00c60257, 0x5b390005, 0x9d8609bf, 0x02010325, 0x82021b02, 0x870f2098, 0x21118398, 0x564d021d, 0x00052706, 0x04111105, 0x86851807, 0x78841120,
    0x3f7c6e82, 0x004a2b05, 0x03570200, 0x01260291, 0xcb650069, 0x45e72005, 0xdb450d6f, 0x2e022705, 0x07006103, 0x7b854400, 0x14821620, 0x00850124,
    0x80860202, 0x19410420, 0x85142007, 0x00002618, 0x02000302, 0x20168368, 0x0ec97c1d, 0x2f050d41, 0x21113335, 0x4c014a11, 0x02b4fe98, 0xe5fe9bc6,
    0x39828b82, 0x37823620, 0x0023f382, 0x8551000d, 0x12686367, 0x074d1a27, 0x1b060601, 0x25511806, 0x02012607, 0x01046703, 0x06ac6301, 0x1d211b83,
    0x26f78206, 0x0000000f, 0x510d000d, 0x08220585, 0x83631c07, 0x05864105, 0x1123153f, 0x0249497f, 0xd98bfe0d, 0x800801d9, 0xbe803e01, 0x00f8fe80,
    0xff320002, 0x0226036a, 0x223882c6, 0x85680013, 0x00253581, 0x5f010707, 0x1a010100, 0x0202064d, 0x5f040000, 0x1b040400, 0x03280b85, 0x0205085f,
    0x031e0303, 0x23208b82, 0x0724be82, 0x67070100, 0x1d202589, 0x5928258f, 0x00001240, 0x0e0f1011, 0x122d9986, 0x1b070921, 0x3311172b, 0x21133732,
    0x05af7511, 0x233e0882, 0x1f320603, 0x0134104f, 0xfe9858ea, 0x1401573d, 0x960a26c6, 0x01841601, 0xfebafdc2, 0x0a8296ea, 0xfec60132, 0xffff51b4,
    0x00004a00, 0xc6024002, 0x18000602, 0x21083342, 0x53180340, 0x9a200be7, 0x870dcb41, 0x18032033, 0x361a5354, 0x0c000100, 0xf8030000, 0x1100c602,
    0x0b404900, 0x070a0d10, 0x7b060104, 0x102b098b, 0x00020102, 0x064d1a00, 0x43030405, 0x12850610, 0x855f0321, 0x031d2212, 0x05245b4e, 0x11001123,
    0x20008312, 0x24e68207, 0x33030133, 0x08e48213, 0x01331322, 0x11032301, 0x0c031123, 0xbeff0901, 0xbee298e2, 0x0a0100ff, 0xec98ecbe, 0x63016301,
    0x3a01c6fe, 0x9d260384, 0x3c019dfe, 0x0383c4fe, 0x00000031, 0xff2e0001, 0x028302f0, 0x002e00d6, 0x5528b586, 0x2e210a43, 0x08748200, 0x0406052c,
    0x03010080, 0x02010302, 0x00040080, 0x03040103, 0x05050067, 0x07006107, 0x004d1f07, 0x61000202, 0x00000108, 0x1b4e0020, 0x30902c40, 0x05000724,
    0x3b550706, 0x87388405, 0x0022212e, 0x173cc782, 0x20220001, 0x181a1c1d, 0x0e101113, 0x04050709, 0x2e012e00, 0x2b160709, 0x26262205, 0x26070465,
    0x07262634, 0x59173507, 0x23270524, 0x27070622, 0x6633023e, 0x286a05cd, 0x065e0805, 0x84565801, 0x049b034d, 0x4b423e4e, 0x48223c26, 0x1f321b48,
    0x43363841, 0x4b079a04, 0x7b534e7a, 0x574c5145, 0x10864b5e, 0x06436538, 0x313a372f, 0x01172e24, 0x13016a01, 0x29252129, 0x3a072127, 0x532e3057,
    0x0f503e38, 0x3f4a6211, 0x0100355f, 0x00004800, 0xc602a202, 0x36000900, 0xb18207b6, 0x08505a18, 0x01030d27, 0x4d1a0202, 0x20ef8201, 0x84ef831b,
    0x5f00210f, 0x1d200f83, 0x2708d082, 0x121112b6, 0x1a070410, 0x1123212b, 0x33112301, 0x02330111, 0xe8fe98a2, 0x1b0198aa, 0xfed901a7, 0xfec60227,
    0x00ea0116, 0x63855e82, 0x0097032d, 0x0017000d, 0x1015b665, 0x4f060402, 0x1c3e0735, 0x02010103, 0x02008501, 0x06000108, 0x07690002, 0x1a060601,
    0x0401054d, 0x4e041b04, 0x1e93401b, 0x21054550, 0x5441041d, 0x17240805, 0x12131416, 0x0b0e0f11, 0x0406080a, 0x010d0003, 0x1607090d, 0x2622012b,
    0x16163327, 0x37363233, 0x13060633, 0x012fa288, 0x03554573, 0x1e240457, 0x5704241e, 0x87e95403, 0x04032bb0, 0x1e23464d, 0x4d46231e, 0xbc8bfcfc,
    0xbb880220, 0x00255a82, 0x060bb654, 0xfc441802, 0x00162309, 0x33550600, 0x21af8305, 0x3e454d1a, 0x21188d08, 0x45455f02, 0x00123708, 0x0a0c0d00,
    0x05070809, 0x00030004, 0x07071103, 0x27012b17, 0xa08a1733, 0x925a3f24, 0x9689f03b, 0x8c939321, 0x00013090, 0x0200004a, 0x00c602a3, 0xb73f000a,
    0x7d030609, 0x0e250a5b, 0x00000101, 0x05d9511a, 0x4e021b24, 0x1084401b, 0x045f0227, 0x02020203, 0x07d9511d, 0x0a000a27, 0x05111212, 0x1d4f1807,
    0x1101370a, 0x0901984a, 0x01effeae, 0xeffeb01b, 0xa6fec602, 0x9dfe5a01, 0x05829dfe, 0x0f44a620, 0x03a32608, 0x01260291, 0x06db4576, 0x0f44fa20,
    0x0100230d, 0x97823100, 0x9782c320, 0x47000f22, 0x2305f144, 0x03030017, 0x2006f144, 0x221b8200, 0x8204055f, 0x20978486, 0x242e8215, 0x03010003,
    0x84178967, 0x820d209e, 0x0f35080f, 0x11110e00, 0x07062113, 0x35332b1a, 0x37363233, 0x23112113, 0x06032311, 0x39312306, 0x2e041f1d, 0xca97eb01,
    0x4b530825, 0x01222680, 0x023afdfe, 0x4f67fe46, 0x058f445e, 0x02490327, 0x000602c6, 0x20b38844, 0x200f8487, 0x260f842c, 0x02f0ff2a, 0x82d602de,
    0x474b201f, 0x83200807, 0x0722af82, 0xaf853c00, 0x86461220, 0x0203290a, 0x011b0101, 0x10401b4e, 0x02252b82, 0x67020001, 0x25128304, 0x594e011d,
    0x12820c40, 0x07000724, 0x44411111, 0x82212006, 0x1121299f, 0x9839024a, 0xc602f7fe, 0xfd219183, 0x218f85ba, 0x7f847702, 0x7f845520, 0x7f822b20,
    0xd602ba2a, 0x0e000600, 0xffff0001, 0x00224482, 0x7f824202, 0x6300062c, 0x010000f5, 0x00001300, 0x0f825102, 0x53000f26, 0x010109b5, 0x20088643,
    0x0b45531a, 0x824d1a21, 0x05ff4237, 0x82041b21, 0x0317219e, 0x02212882, 0x072c4785, 0x410a1943, 0x1222064b, 0x4b411211, 0x0b615308, 0x31506a3b,
    0xbf36120b, 0x9c81849d, 0x3a4812db, 0x0130237c, 0x018bfef7, 0x339dfd75, 0x48628230, 0x512606df, 0x26029103, 0x9e828001, 0x13030724, 0xf3417000,
    0x0003260e, 0x0300002a, 0x33b3823b, 0x001c0015, 0x403f0023, 0x1a20210d, 0x090c1419, 0x00010801, 0x2707e043, 0x0000000c, 0x01024d1a, 0x83065041,
    0x5f01210e, 0x1d250e83, 0x40594e01, 0x081d820a, 0x15001540, 0x1707031a, 0x2e35212b, 0x36343502, 0x33353736, 0x15021e15, 0x07060614, 0x16140115,
    0x06061117, 0x27263405, 0x01363611, 0x4f90626b, 0x8f62904f, 0x50509061, 0xcdfe6190, 0x574d4d57, 0x0583d701, 0x4a0a4d3d, 0x764c4c76, 0x4d4d0a4a,
    0x4c754b0a, 0x0a4b754c, 0x3a63014d, 0x2a010d4e, 0x823a4e0d, 0xd6fe2407, 0x82004e0d, 0x278082d7, 0xc602a402, 0x79000602, 0x01267b82, 0x6aff4a00,
    0xc382f402, 0xb5490b20, 0x01032b08, 0x4d1a0101, 0x02020104, 0x22826000, 0x0a841b20, 0x0660052b, 0x1e050501, 0x401b4e05, 0x05b2441e, 0x1d202088,
    0x5922208d, 0x35820e40, 0x080b5c18, 0x2b1b0728, 0x11213505, 0x03831133, 0x0211333f, 0x98eefd5c, 0x71980901, 0xc6029696, 0x4602bafd, 0xeafebafd,
    0x00010000, 0x02000024, 0x26878256, 0xb54c0013, 0x41000101, 0x152808ff, 0x00000200, 0x6a000204, 0x19459685, 0x21178c08, 0x17835f04, 0x68041d21,
    0x133709bf, 0x06231323, 0x212b1a07, 0x23060611, 0x35352622, 0x16141533, 0x82363233, 0x01113d08, 0x3c601bbe, 0x3a98786b, 0x984e4139, 0x2f284501,
    0xdaff6376, 0x3c45433e, 0x003afdda, 0x4a248b83, 0x7e030000, 0x0b208b82, 0x2707a749, 0x02020414, 0x4d1a0000, 0x09418383, 0x051b2405, 0x84401b4e,
    0x00012216, 0x21168985, 0x5618051d, 0xff820f87, 0xfd823320, 0x4a250387, 0xb599b698, 0x82fa8798, 0x003a28fe, 0xff4a0001, 0x82ed036a, 0x000f226f,
    0x058b4360, 0x6f862120, 0x0203052c, 0x60070101, 0x07070108, 0x0c844d1b, 0x00600626, 0x061e0606, 0x23847c82, 0x238a7c82, 0x238d1d20, 0x10405924,
    0x61180000, 0x09230a7f, 0x8b2b1d07, 0x1133238b, 0x8f853523, 0x918b6f20, 0xeafeba23, 0x85378296, 0x83022197, 0x2c10537f, 0x02004d1a, 0x04600002,
    0x1b000001, 0x0815424d, 0x15421820, 0x201a8805, 0x421a871d, 0x2320130f, 0x29060f42, 0x1b011523, 0x090198d1, 0x0e42d098, 0x843a2008, 0x0002267b,
    0x0200004a, 0x227b8277, 0x1813000a, 0x2709e95b, 0x04010501, 0x67040103, 0x85829e82, 0x02030323, 0x266f8260, 0x1b4e021b, 0x82001940, 0x008521af,
    0x1b862088, 0x2f055745, 0x130b0b0b, 0x2422120b, 0x07061021, 0x33132b1a, 0x2107414c, 0x09821321, 0x35362108, 0x4a232634, 0x91808498, 0xe4fe8091,
    0x423c7b98, 0xc6023c42, 0x6c6c7df5, 0xd151017c, 0x35343335, 0x03206d82, 0x03218f83, 0x268f8255, 0x000e0003, 0x41650017, 0x1c3605a7, 0x01080300,
    0x06030506, 0x00010267, 0x004d1a00, 0x60010505, 0x3d450704, 0x8c232007, 0x5f01211e, 0x1d201984, 0x1d33258a, 0x40594e01, 0x000f0f18, 0x0f170f00,
    0x0e101216, 0x4706080c, 0x0928061a, 0x212b1707, 0x01113311, 0x0224ad92, 0xf5fc97be, 0xfd21b18f, 0x26b58e3a, 0x00360002, 0x82cb0200, 0x000c24b3,
    0x855e0015, 0x001f2db1, 0x05010701, 0x67050104, 0x03030106, 0x2406764c, 0x02040400, 0x0749415f, 0x00001d29, 0x01030106, 0x88670300, 0x211f872a,
    0xae82021d, 0x0d0d1437, 0x150d0000, 0x0e10140d, 0x0c000c00, 0x08112124, 0x132b1907, 0x08974d35, 0x17112122, 0x22075641, 0x41000136, 0x46290d57,
    0x6c7df580, 0x46027c6c, 0x055941f5, 0x31000225, 0x82040000, 0x160025b9, 0x64001f00, 0x2129a385, 0x01090200, 0x06020006, 0x47788267, 0x07230642,
    0x4c000001, 0x1b240627, 0x401b4e03, 0x0025c782, 0x04010204, 0x8a2b8867, 0x031d2121, 0x162aa782, 0x00001718, 0x1f17191b, 0x5c821f18, 0x24111528,
    0x0a211321, 0x56471b07, 0x08044208, 0x21055d47, 0xb4862301, 0x37076647, 0x91917f67, 0xabe3fe7f, 0x4b530825, 0x5e5e8a02, 0x8042413c, 0xfe012226,
    0xfe23c086, 0x425e4f67, 0x0222091f, 0xc7824a00, 0xc6021826, 0x1b001200, 0x2a07f34c, 0x0101031e, 0x0502080a, 0x42050107, 0x0726071f, 0x09600407,
    0xdd490206, 0x8e252006, 0x5f042120, 0x1d221b84, 0x2788004d, 0x82041d21, 0x13172aca, 0x13000013, 0x161a131b, 0x205f8214, 0x2cca8212, 0x0b111111,
    0x332b1c07, 0x21153311, 0x09214235, 0x11211123, 0x09d24201, 0x98090123, 0x24c48585, 0xa101f7fe, 0x24c0827c, 0xf5c6023b, 0x23c084f5, 0xaffe5101,
    0x4c18be89, 0x0235078f, 0x000602d6, 0x0000005c, 0xff260001, 0x02d002f0, 0x001e00d6, 0x0595417f, 0x02002e27, 0x02030403, 0x09be7a04, 0x05000424,
    0x5e180407, 0x1f2409e2, 0x0606004d, 0x8f0c204c, 0x00012730, 0x03010203, 0x38870069, 0x204c2e87, 0x1b1c3107, 0x14151719, 0x0e101213, 0x07090b0c,
    0x1e011e00, 0x7807204c, 0x1729069f, 0x23262623, 0x33070622, 0x05cb7215, 0x33373408, 0x80010606, 0x53539b6c, 0xaf896c9b, 0x5a12a118, 0x0c604e43,
    0x600ce5e5, 0x125a434e, 0x10ae19a1, 0x7372a65a, 0x80905aa7, 0x58614b45, 0x4a605875, 0x82907e44, 0x20df82de, 0x20df822a, 0x4ddf8dd4, 0x18276000,
    0x11131416, 0x4b0c0d0f, 0xdf8906ab, 0x2007ab4b, 0x06237023, 0x36230723, 0x06f74c36, 0x7a010625, 0x8f19ae89, 0xaf1822d9, 0x25f58489, 0x447e9010,
    0xd982604a, 0x454b612a, 0xa75a9080, 0x5aa67273, 0xff23df82, 0x824e00ff, 0xe6280806, 0x0600c602, 0x00042f00, 0xdcffffff, 0x42010000, 0x26008403,
    0x00fe2f00, 0x0b030701, 0xb400b7ff, 0x01b10800, 0xb0b4b002, 0x2a066f6f, 0x02f0ff31, 0x02c60238, 0x82390006, 0x0001263d, 0x0200000b, 0x264382ed,
    0xb5580017, 0x47040105, 0x1b2b0893, 0x04000200, 0x69040203, 0x51020607, 0x052008da, 0x2307bb50, 0x07000019, 0xd7511782, 0x83278406, 0x031d211b,
    0x32064e50, 0x13170017, 0x11231323, 0x1c070811, 0x2135132b, 0x84152315, 0x151528ed, 0x26343523, 0x82062223, 0x0b113408, 0x1bca1202, 0x786c3c5f,
    0x42393a98, 0x4602984d, 0x47c58080, 0x02210aa8, 0x089a8246, 0xff4a0021, 0x02f403f0, 0x001400d6, 0x4b9e0020, 0x585010b0, 0x01002140, 0x01060400,
    0x07006704, 0x45610007, 0x092e0595, 0x03060601, 0x02050861, 0x03200303, 0xce421b4e, 0x88292005, 0x00002328, 0x2d824d1a, 0x0061022c, 0x4d1f0202,
    0x05050108, 0x32854d1b, 0x30850020, 0x82274021, 0x010724ef, 0x8a690702, 0x5f052133, 0x1d202983, 0x22202989, 0x592cdf82, 0x15161640, 0x1a1c0000,
    0x20162015, 0x14269682, 0x11222612, 0x03480a11, 0x09d44107, 0x26222326, 0x25112327, 0x350a2b67, 0x1162984a, 0x9b6c92b3, 0x6c9b5353, 0x6210b393,
    0x6459b801, 0x03825964, 0xfec60230, 0x5ba48fdd, 0xa67272a7, 0xfe90a35a, 0x571870dd, 0x002009ca, 0x33209782, 0x7b2d0482, 0x0d00c602, 0x55001600,
    0x010106b5, 0x07794a05, 0x01061a23, 0x27b08205, 0x00670105, 0x5f030404, 0x1a33cc82, 0x0001024d, 0x4e001b00, 0x0018401b, 0x05040003, 0x88670403,
    0x251a8324, 0x594e001d, 0x00820e40, 0x150e1628, 0x11112622, 0xba820710, 0x23213c08, 0x23032311, 0x35262613, 0x21333634, 0x22233503, 0x16141506,
    0x987b0233, 0x9ea48a82, 0x828e4241, 0x7c981d01, 0x3a44443a, 0xfbfe0501, 0x6a172001, 0xfe766b44, 0x3032c3bd, 0x42003130, 0x1d270c47, 0x07b56300,
    0x87030601, 0x822020a1, 0x05062584, 0x02690603, 0xe8459682, 0x05002606, 0x08610405, 0x07224507, 0x01001e22, 0x03231c82, 0x87670001, 0x2120892b,
    0x2454041d, 0x1d002a05, 0x11241d00, 0x11112316, 0x05e24811, 0x54422320, 0x051c6a09, 0x68413520, 0x15310808, 0x1202b0bb, 0x3b5e1aca, 0x483a6746,
    0x48435a83, 0x4c41353e, 0x80804602, 0x392f27c4, 0x6d4b4567, 0x333c803b, 0x3e493b31, 0x000200d4, 0x0200002c, 0x06d345b9, 0x36426d20, 0x82242005,
    0x06093a8d, 0x00040302, 0x04006703, 0x0708010a, 0x00670804, 0x4d1a0101, 0x05070700, 0x2a9c8260, 0x1b4e051b, 0x01002440, 0x94850100, 0x2126862b,
    0xd845051d, 0x21242111, 0x1127c282, 0x2b1c070b, 0x65333513, 0xec540690, 0x0a544706, 0x98602c24, 0xd8456161, 0x45982006, 0x122c05d5, 0x595b5b59,
    0x6c6c7d41, 0xc112027c, 0x82055947, 0x0c0021ba, 0xde200482, 0x1930bf82, 0x6a001c00, 0x081b0e40, 0x06020303, 0x04074c01, 0x4b200582, 0x1d22cf85,
    0x0c820104, 0x01020627, 0x06010880, 0x060f4806, 0x03050723, 0x06af4c03, 0x1f881b20, 0x08000028, 0x00020601, 0x1d856706, 0x82011d21, 0x142808bf,
    0x00001a1a, 0x1c1a1c1a, 0x19001900, 0x15131221, 0x1b070915, 0x3613332b, 0x21352737, 0x17160715, 0x26272313, 0x11232326, 0x3e080182, 0x07070622,
    0x0c371713, 0x925f2357, 0x5f924402, 0x41995822, 0x011c1f0a, 0x201c0291, 0x8947400a, 0x6f02018a, 0x8080c70e, 0xfe6f0ec7, 0x1424cdfe, 0x0501fbfe,
    0x02cd2414, 0x00bcbc46, 0x4e000300, 0x002f06bf, 0x001f000f, 0x4058002f, 0x1b232d09, 0x44030415, 0x17310893, 0x01020200, 0x01010061, 0x01054d1f,
    0x61000303, 0x07a85204, 0x01001528, 0x01030200, 0x17896902, 0x82002221, 0x211331bc, 0x20000120, 0x192f212f, 0x00070917, 0x060f010f, 0x46068d52,
    0x162a066c, 0x06061415, 0x37161603, 0x75463736, 0x33362b05, 0x32131636, 0x07063736, 0xd6822606, 0x2f820720, 0x0d7a5b18, 0x47417d3f, 0x0b14141b,
    0x5c474e61, 0x1e070911, 0x5d473551, 0x1e060711, 0x45244554, 0x0a161716, 0x925b1861, 0xba013f0c, 0x02050e18, 0x51655c0a, 0x0b06034b, 0x4c51b8fe,
    0x0e050102, 0x030c0d17, 0x655d0a04, 0x134f0000, 0x02f22906, 0x000e00c6, 0x0103b543, 0xf66aeb89, 0x4d1a2109, 0x21083256, 0xf0820110, 0x00030224,
    0x2e566902, 0x000e2f0c, 0x1124210e, 0x2b190705, 0x13330121, 0x3c793613, 0x03073e06, 0xfffe1401, 0x1987bd9d, 0x0e31496b, 0xb4113029, 0xe6fdc602,
    0x50488201, 0xfe2d2580, 0x827e820c, 0xff0c247f, 0x8232046a, 0x0015267f, 0x140b405f, 0x0ebf5411, 0x01021a3c, 0x1a000002, 0x0607084d, 0x1b050503,
    0x0303004d, 0x04005f04, 0x4e041e04, 0x1c85401b, 0x855f0521, 0x8b1d201c, 0x05964c1c, 0x15001526, 0x12111112, 0x09230082, 0x542b1d07, 0x13240ad5,
    0x35231533, 0x2310d954, 0x609880c4, 0x2211da54, 0x5496f4fb, 0x012609dc, 0x6aff4a00, 0xaf82d802, 0x55000e24, 0x1b520db7, 0x5218200c, 0x0624051b,
    0x04040205, 0x0223a982, 0x825f0302, 0x031e21ae, 0x1a84a982, 0x845f0421, 0x89a7821a, 0x05b84c1a, 0x0e000e22, 0x1121a683, 0x06c44507, 0x01330122,
    0x3552a185, 0x80d02308, 0x36524d98, 0x2493830a, 0x00a6fe5a, 0x208f8500, 0x208f82df, 0x077d4b0f, 0x14822020, 0x01030622, 0x22072e4c, 0x41020708,
    0x228c1038, 0x845f0521, 0x123e4122, 0x0f000f23, 0x20008511, 0x06d54d09, 0x33112127, 0x23153311, 0xed641835, 0x98582208, 0xef641858, 0xf4982608,
    0xfe250196, 0x0f5018db, 0xc6022607, 0x7a000602, 0x25a38200, 0x0000fdff, 0xa3828302, 0x52000e26, 0x000105b5, 0x31087f75, 0x00010317, 0x04020607,
    0x68040005, 0x01010102, 0xdb444d1a, 0x82172007, 0x0100220e, 0x821f8a85, 0x051d2119, 0x2206dd47, 0x820e000e, 0x47122097, 0x372605dd, 0x33033335,
    0x04821313, 0x82231521, 0x657a379a, 0x9b9ba8e2, 0xbaa4e1a8, 0x017fba98, 0x01e2fe8d, 0x7f73fe1e, 0x8782baba, 0xff0c0025, 0x82e7026a, 0x000f2587,
    0x0e094057, 0x410db365, 0x0f2a39bd, 0x11110f00, 0x07121212, 0x51181b07, 0x332009bd, 0x51188a82, 0xb2230ac1, 0x185c9883, 0x250ac351, 0xf396f4f8,
    0x008200f3, 0x24000122, 0xaf209382, 0x17229382, 0x93506200, 0x501f200c, 0x072b0d93, 0x1b060601, 0x0404004d, 0x51005f05, 0x218c0623, 0x835f0621,
    0x8b1d2021, 0x05dc7c21, 0x1700172b, 0x23131111, 0x07082313, 0x14a9501c, 0xad50a983, 0x5059200c, 0x98220eaf, 0x575a96f4, 0x517c2006, 0x5418083b,
    0x15200953, 0x0224c582, 0x69020001, 0x45079f55, 0x178c06d4, 0x035f0127, 0x1d010101, 0x113b5101, 0x49111321, 0xe2201197, 0x26079449, 0x02984e41,
    0x49bbfec6, 0xc6210b93, 0x05f75300, 0x02e20027, 0x000602c6, 0x0877542f, 0xd602cb22, 0x22200f82, 0x48320f84, 0xa2020000, 0x26027b03, 0x00007301,
    0x16030701, 0x5753b500, 0x05ab5411, 0x000f0027, 0x001d0016, 0x05a94667, 0x0300202a, 0x03040500, 0x01076705, 0x2608e945, 0x04040108, 0x45066100,
    0x1e2007e9, 0x01255082, 0x02010302, 0x892b8769, 0x00222120, 0x1b32e082, 0x10111718, 0x1a1b0001, 0x1d181d17, 0x16101314, 0xfa451611, 0x0e674c05,
    0x2b05fa45, 0x21070622, 0x32032626, 0x16213736, 0x280de845, 0x0d604c6c, 0x600d7101, 0x2307824b, 0x600d8efe, 0x2c0cd845, 0x555e6602, 0x1afe5e55,
    0x5d56565d, 0xab741800, 0x84512008, 0x868020f3, 0xb74f18f3, 0xc6022516, 0x8b000602, 0x2a203384, 0xae202982, 0x230f5018, 0x4d18338a, 0x23220f63,
    0x4c187100, 0xff200f1f, 0x233f4d18, 0x4c187b85, 0x4c180943, 0xdb611367, 0x82242005, 0x82ab20af, 0x000230e4, 0x02f0ff2a, 0x00010355, 0x002a001e,
    0x4c14b55e, 0x1a250a2d, 0x01020100, 0x06324c85, 0x18066a21, 0x24082a44, 0x1b4e0020, 0x381c9740, 0x594e0022, 0x1f201540, 0x24260001, 0x2a202a1f,
    0x0c0d1618, 0x1e011e00, 0x05a34707, 0x35262730, 0x37363634, 0x37353636, 0x0e070614, 0x47180702, 0x5a081354, 0x42011606, 0x46296e3b, 0x31405126,
    0x40357f21, 0x05243c29, 0x5033531a, 0x7c454175, 0x40433551, 0x01473734, 0x322a1043, 0x8560a150, 0x2c161c58, 0x5c450128, 0x3a27131e, 0x3f272430,
    0x724e4c70, 0x3d4e733e, 0x3e494b3c, 0x03004e3d, 0x00004200, 0x18023302, 0x17000e00, 0x4a002000, 0x2628060d, 0x06030100, 0x80060103, 0x06342082,
    0x67060305, 0x00040400, 0x0000005f, 0x05004d1c, 0x07600205, 0xa307505e, 0x021d2128, 0x1320f282, 0x0d847418, 0x08211525, 0x182b1807, 0x18074272,
    0x08188574, 0x71f44231, 0x473b4276, 0x7a6e724c, 0x2b2b265a, 0x25715a26, 0x71262a2b, 0x494c1802, 0x04033a31, 0x4f493841, 0x1a1e3d01, 0xc0fe1d1a,
    0x211d1b1e, 0x83010000, 0xd70121cf, 0x0520cf82, 0x09b36718, 0x86010121, 0x08c859bb, 0x8c001121, 0x15095f13, 0x4211232a, 0x02ff9501, 0x58fe7018,
    0x8205b778, 0x02e32257, 0x06f76126, 0xa4000e23, 0x2d6f8700, 0x00b402be, 0x4b650007, 0x58501bb0, 0x354b1640, 0x5e022005, 0x1c2005fb, 0x4308c848,
    0x195f05ed, 0x831d890d, 0x5f002036, 0x18850932, 0x4e031d23, 0x11985859, 0x33353323, 0x299b8211, 0x02e697e5, 0xf4fe9c18, 0x878458fe, 0x8c822e20,
    0xf782fc20, 0x53000d22, 0x20181b5f, 0x091b5f1c, 0x8512395f, 0x161d5f1d, 0x23352508, 0x21353335, 0x33152115, 0x66152315, 0x96013838, 0x8e8e00ff,
    0x70e270c6, 0x00c67072, 0x24000200, 0xc1026aff, 0x0e247f82, 0x6a001400, 0x200e1b5f, 0x1d1b5f1c, 0x8b08435f, 0x151d5f27, 0x12131424, 0x8a470011,
    0x5f132005, 0x3620081d, 0x080a1e5f, 0x33070629, 0x26242311, 0x3007241f, 0x9656a701, 0x07658ffe, 0x9699d215, 0x322e0501, 0x57fe4901, 0x9696fbfe,
    0x25366001, 0x65003901, 0x392606c7, 0x06022402, 0xa765c200, 0x0346180a, 0x6f461823, 0x0100291a, 0x00002e00, 0x1802b103, 0x821c1f5f, 0x0f1f5feb,
    0x1d201287, 0x08141f5f, 0x3303132f, 0x15333517, 0x13033337, 0x23152723, 0xd92e0735, 0x96b4b9cf, 0xdad0b8b4, 0xbe96beb8, 0x0c010c01, 0xf2f2f4f4,
    0xf4fef4fe, 0xf5f5f3f3, 0x2c878200, 0x01f4ff14, 0x002402fe, 0xb5bc0028, 0x06135f23, 0x58501222, 0x2c07e25e, 0x03010072, 0x72010202, 0x03000400,
    0x05657401, 0x00610736, 0x4d210707, 0x00020200, 0x00010862, 0x4e002200, 0x15b04b1b, 0x2d203382, 0x8405165f, 0x5f032033, 0x69200946, 0x8e07465f,
    0x5f402034, 0x30961777, 0x40595930, 0x1e000117, 0x17191a1c, 0x0e0f1115, 0x0676080c, 0x45092006, 0x37230617, 0x4e331616, 0x072205ec, 0x08851735,
    0x08817318, 0x06141522, 0x08054144, 0x700d0140, 0x03990485, 0x31292932, 0x2d2d2a32, 0x22282723, 0x98032621, 0x68627c07, 0x41393f7a, 0x5f0c8247,
    0x27210454, 0x29231d23, 0x24015a01, 0x21211c22, 0x4f45051e, 0x39274651, 0x344a0f0e, 0x3f445549, 0x12022405, 0x18001802, 0x2015ab6a, 0x0f865d1c,
    0x865d1086, 0x00092308, 0x865d1109, 0x33133709, 0x03112311, 0x8cae9642, 0x1802aa96, 0x3d01c3fe, 0x3401e8fd, 0x4f44ccfe, 0x2b678205, 0x012602e3,
    0x000000bc, 0x66130306, 0x82089b67, 0x88e92017, 0x7a0d2117, 0x97861782, 0x97825e20, 0xa0161f5e, 0x0d1f5e98, 0x0333132e, 0x11032313, 0xb1c89742,
    0xd2b3e1d5, 0xff2a9b82, 0xf4fe0101, 0x0201f4fe, 0x5f7dfefe, 0x025e2108, 0xbf209f83, 0x07248082, 0xd3000e03, 0x01260782, 0x00002e00, 0x87826702,
    0x49000d22, 0x210e0f5e, 0x0f5e4d1c, 0x08295e0e, 0x115e198b, 0x000d2308, 0xc55c110c, 0x07105e0b, 0x1f2e2337, 0x01260733, 0x1d9c96ba, 0x48767c0f,
    0xe8fd5a01, 0xedfea801, 0x06034195, 0xdb71ac20, 0x5f082007, 0x0f280b23, 0x00000101, 0x04054d1c, 0xea641482, 0x88118b06, 0x000c2d74, 0x1211120c,
    0x1a070611, 0x3311332b, 0x09bf6c18, 0x85b1422e, 0x6a96b183, 0x18026a6a, 0x900170fe, 0x26237282, 0x8201dafe, 0x089f7703, 0x19021823, 0xc3711800,
    0x4d1c2515, 0x03020506, 0x1805f965, 0x860cc371, 0x08ce4318, 0x390b3b5c, 0x15331133, 0x11333533, 0x15233523, 0x96aa9642, 0x1902aa96, 0xe8fdd5d6,
    0x5f6ad3d3, 0x02242408, 0x88f70006, 0x8225207f, 0x180720f7, 0x20082362, 0x095e4600, 0x2008d35e, 0x5e148e12, 0x232818d5, 0xe3014211, 0x1802b796,
    0xa822e682, 0x774258fe, 0x6aff2406, 0x82025502, 0x01012173, 0x20080b45, 0x210f833b, 0x8384b800, 0x00002723, 0x52838d02, 0xc54608dc, 0xa762180a,
    0x09c14609, 0x2e10595f, 0x15213523, 0xb4db1123, 0x01b3fe01, 0x827070a8, 0x08f77181, 0x06021824, 0xef712601, 0x0707720a, 0x13030623, 0x3a868261,
    0x25000300, 0xae0268ff, 0x1100c602, 0x1f001800, 0x0d403f00, 0x15161c1d, 0x5e070a10, 0x1e23159b, 0x841b4e01, 0x5f01257f, 0x01010102, 0x9b5e0e82,
    0x00113e05, 0x07031811, 0x35052b17, 0x34352626, 0x33353736, 0x15161615, 0x15070614, 0x17161403, 0x05995e35, 0x36152208, 0x79270136, 0x86798989,
    0x79888879, 0x333338f1, 0x375b0138, 0x98373333, 0x65820fb1, 0xc10f8265, 0x2c0785c1, 0x2fa701b1, 0x0df80c41, 0x402f2f40, 0x2006820d, 0x060f6a00,
    0x83025c21, 0x822520cf, 0x000122b8, 0x23b78242, 0x0018028f, 0x200d8f5e, 0x1e8f5e1c, 0x208a0120, 0x5d268f5e, 0x01330509, 0x964afef8, 0x986a96b7,
    0xfe180298, 0xfea80158, 0x42f9fe57, 0x4720084b, 0x13208782, 0x201b8f5e, 0x09a9631c, 0x850c8f5e, 0x148f5e17, 0x8f5e3520, 0x17b03912, 0x705f3553,
    0x382e3396, 0x27f4973f, 0x9c65772d, 0x49494178, 0xe8fd7841, 0x2108d344, 0x8b821a03, 0x200e8f5e, 0x148f5e1c, 0x168b0020, 0x8f5e1d20, 0x9642251f,
    0x968e8f8f, 0x5723fb82, 0x82fea901, 0x26728203, 0xff420001, 0x82860368, 0x0e8f5e6f, 0x8f5ed582, 0x5e7c821f, 0x8f853d8f, 0x89976c21, 0x57fe2491,
    0x4198f9fe, 0xff230607, 0x82250268, 0x180b2097, 0x200ce35d, 0x188f5e1c, 0x1a8a0120, 0x231a8f5e, 0x11233517, 0x27050d42, 0xa7e91523, 0xa696b796,
    0x21070d42, 0x7982e8fd, 0x42000226, 0x3d020000, 0x0a247782, 0x4f001100, 0x086d7418, 0x8a5e0020, 0x24658207, 0x60020303, 0x07ec4b05, 0x01001922,
    0x1d321b93, 0x40594e02, 0x1100000f, 0x000b0d0f, 0x2109000a, 0xdb4b0611, 0x07895c05, 0x3606d06a, 0x7b6c9642, 0x6c7b7e7e, 0x5f6c6c5f, 0x58c11802,
    0x68555456, 0x4c004341, 0x03200583, 0x0322ff83, 0xd15d0e00, 0x4c1c2009, 0x0224077b, 0x1c000001, 0x22055c5e, 0x55070408, 0x1e9907c0, 0x82011d21,
    0x0418308f, 0x15000004, 0x040f1113, 0x090d040e, 0x82050607, 0x1103214d, 0x21077c5e, 0x5b5c1121, 0x249c8608, 0xfd968f02, 0x21a08c1d, 0xa48ae8fd,
    0x2e00022e, 0x7c020000, 0x0c001802, 0x5a001300, 0x20052b41, 0x08de6b1e, 0x01000026, 0x0101005f, 0x076ca582, 0x6c209b0c, 0x23201809, 0x8609f75c,
    0x53812f9b, 0x7e7a6de9, 0x5f6d7a7e, 0x015f6c6c, 0x3a4170a8, 0x05674409, 0x82cd0321, 0x01272a97, 0x009001d2, 0x01060000, 0x2e0582c1, 0x00420002,
    0x027d0300, 0x00120019, 0x855b0019, 0x031d25af, 0x01080101, 0x8208b65d, 0x088e5dad, 0x4e041b24, 0x1f9a401b, 0x4d041d21, 0x192305c3, 0x82131517,
    0x06aa5d52, 0xaa5d0a20, 0x89332006, 0x352124b2, 0x6c251523, 0x423505c0, 0x6d96a996, 0x7b7e7e7b, 0x01a9fdfe, 0x6c6c603f, 0xc1190260, 0x24bc84c0,
    0x4168e8e8, 0x09876f43, 0x24021726, 0x08010602, 0x012e1082, 0xf4ff2500, 0x24023d02, 0x48001c00, 0x9a5d4540, 0x5d21201f, 0x2236099a, 0x00014e00,
    0x1618191a, 0x11121314, 0x0b0c0d0f, 0x1c000709, 0x00511c01, 0x2317210e, 0x080b675d, 0x06333731, 0x52350106, 0x7a44437b, 0x168b6752, 0x2f52189e,
    0x8484093a, 0x512f3a09, 0x8b179e18, 0x557e450c, 0x6f467d55, 0x383c5e63, 0x5b3d3860, 0x8f006c62, 0x1e5a5d9f, 0x2405144b, 0x00010861, 0x2d9f8400,
    0x11121416, 0x0b0c0e10, 0x0507090a, 0x9f8a0304, 0x16332726, 0x37363233, 0x5d06275d, 0x2c3e0c26, 0x9d168b65, 0x3b2f5118, 0x08848408, 0x18522f3b,
    0x668b169d, 0x44447b52, 0x626c0c7b, 0x99823d5b, 0x635e3c2b, 0x557d466f, 0xff457e55, 0xb34b18ff, 0xdaff2317, 0x4b180000, 0xff2013e3, 0x143f4b18,
    0x23eb4c18, 0x0002002f, 0x03f4ff42, 0x00240238, 0x00200014, 0x05cf75a0, 0x4a5c2120, 0x07a75c08, 0x4a5c1c20, 0x05082506, 0x22030302, 0x2014a75c,
    0x08a75c1c, 0xa75c2120, 0x2030830f, 0x0bd35c40, 0xa95c2b8f, 0x3315212b, 0x25094e51, 0x27262223, 0xa95c1523, 0x96423d0b, 0x6d8f1044, 0x43437b52,
    0x8f6d527b, 0x50014410, 0x393d3d39, 0x023d3d38, 0x7967d418, 0x27056041, 0x67d46779, 0x574e4e57, 0x00200383, 0x02300082, 0x00004200, 0x18022f02,
    0x16000d00, 0x01b55f00, 0x0aa36418, 0x01071b24, 0x6f180004, 0x1c220c44, 0xad49064d, 0x2f1d9808, 0x594e011d, 0x0e0f1440, 0x10120000, 0x160f160e,
    0x34050c6e, 0x19070826, 0x2637332b, 0x36343526, 0x23113333, 0x13072335, 0x06b25c33, 0x7e423308, 0x75793832, 0x6c5295eb, 0x29565668, 0x18d82e2e,
    0x5654324c, 0xc2c2e8fd, 0x23852a01, 0x00231f20, 0x2e000100, 0x4a026aff, 0x2300ce02, 0x0bb57b00, 0x4d5d0801, 0x2a240808, 0x04010103, 0x01050001,
    0x02006700, 0x004d1a02, 0x61050808, 0x21050500, 0x09010a4d, 0x004d1b09, 0x61060707, 0x8b079b65, 0x8227882c, 0x5f092136, 0x1d202c83, 0x592d2c8b,
    0x00001240, 0x23002300, 0x23252125, 0x23008311, 0x2b1f070b, 0x3320b983, 0x2406015c, 0x32333636, 0x12491816, 0x6b2f0812, 0x6e963d3d, 0x3050176e,
    0x5b565f53, 0x1f1a2240, 0x322f2e24, 0x34544602, 0x2c735434, 0xfe5a7125, 0x705a58c3, 0x07011e24, 0x41454442, 0x4500ddfe, 0x9120059b, 0x1222db82,
    0x55551b00, 0x8a232007, 0x000525d6, 0x08050708, 0xce82de86, 0x01096022, 0x25062170, 0x01020023, 0x2a928502, 0x1d212587, 0x05f74406, 0x15191b28,
    0x00120013, 0xc9842111, 0x1805f744, 0x180ab241, 0x080e0885, 0x67679522, 0x6c676796, 0x78828278, 0x3833606c, 0x02603338, 0x61615914, 0x5860a959,
    0x26685c57, 0x00282525, 0xb7850082, 0x1802c534, 0x1c001900, 0x0e406c00, 0x0304091b, 0x4c010602, 0xc75c0508, 0x4d1c211c, 0x5c0ac75c, 0x1f8712e7,
    0x5c054842, 0x112b0bc9, 0x16161311, 0x2b1b0709, 0x5c363733, 0x711807ca, 0x15220793, 0xc95c3523, 0x2e350806, 0x2a400d4c, 0x92360292, 0x4c0d3f2a,
    0x1c073594, 0x1c1a8c19, 0x8e2a3507, 0x2d24c68e, 0x6c6c9104, 0x242c0591, 0x131aa6c6, 0x1914d3d3, 0x8cac01a6, 0x0300008c, 0x06375500, 0x000f0030,
    0x0028001b, 0x263c403f, 0x0403141a, 0x56180102, 0xdd5609f7, 0x4d212106, 0x2d092a55, 0x1d4e0022, 0x1f00011c, 0x1d281c1e, 0xb3561828, 0x5c072006,
    0x1e2213ae, 0xac5c3702, 0x32172306, 0xa65c2237, 0xbb4a1809, 0x255a380b, 0x050f1c2c, 0x3729333c, 0x4f3f2d0c, 0x2832121b, 0x07142f1f, 0x453b0708,
    0xc24306c8, 0x51013f05, 0x03020e10, 0x2b2f4841, 0x0e52f707, 0x03080d11, 0x423c0401, 0x01000000, 0x00001500, 0x47186c02, 0x975c08a3, 0x0bea4c13,
    0x08b84718, 0x220eea4c, 0x5c0d000d, 0x25080699, 0x13330333, 0x33363637, 0x22231533, 0xc4d90307, 0x194e819a, 0x0a2b4466, 0x02821940, 0xec7efe18,
    0x46704c4a, 0x7a829efe, 0x2e247b82, 0xc30368ff, 0x935c7b82, 0x5c1c201b, 0x1c871b93, 0x5c12545b, 0x49520e93, 0x5a172009, 0x4d520532, 0x4f9d230c,
    0x4f523496, 0xe3c1260c, 0xf5f3f398, 0x24a382f5, 0x0268ff42, 0x5ca3827b, 0x1c211687, 0x18875c4d, 0x875c1a86, 0x33132222, 0x50958503, 0xa223069d,
    0x503a965c, 0x8a82089f, 0x2105a050, 0x8b830001, 0x19027323, 0x15835c00, 0x5c4d1c21, 0x22862083, 0x20122e41, 0x0f835c0f, 0x35331522, 0x4f06835c,
    0x5b2c06ad, 0x02aa5b96, 0xfed5d619, 0xd398e333, 0x34051751, 0x026aff15, 0x0018024c, 0x401d0008, 0x0003061a, 0x01000203, 0x0583504c, 0x0202002c,
    0x124e021e, 0x07031112, 0x385c2b19, 0x23153206, 0x819ad0e5, 0x96d19b81, 0x84fe1802, 0xe8fd7c01, 0x05074296, 0x0e244787, 0x2c402f00, 0x5c05b85c,
    0x1c210eb1, 0x058d5b4d, 0x945c2f82, 0x5c17200c, 0x71220d94, 0x6083ba5e, 0x755fbb27, 0x01703896, 0x2c6483e0, 0x5e7020fe, 0x0001005e, 0x0268ff2e,
    0x5cab8287, 0xc9411893, 0x13935c34, 0x2d05ca41, 0xbf2e0727, 0x6f739fba, 0x5f8ab9a3, 0x42183496, 0xc4240963, 0xb6b698e3, 0x42248f82, 0x9f026aff,
    0x8f5c8f82, 0x059e561c, 0x851b8f5c, 0x208f5c21, 0x2412a94e, 0x35231533, 0x0bad4e01, 0x4e965821, 0xfe240baf, 0x0096e133, 0x08bb5018, 0x0602c625,
    0x8300d600, 0x004a250f, 0x02e00000, 0x01210f82, 0x9f4f1849, 0xeb5a1808, 0x18212023, 0x2008eb5a, 0xeb5a1822, 0x16072214, 0xeb5a182b, 0x08735451,
    0x5b54cd20, 0x70162108, 0x0029b682, 0xff230003, 0x024302f4, 0x06975c24, 0x3b403e22, 0x2110925c, 0x715c4d21, 0x2f6e5c0c, 0x6e5c3320, 0x16232405,
    0x18330116, 0x280b6c50, 0xe20a3a2d, 0x2e2e390a, 0x20068239, 0x0da5453a, 0x3439bd26, 0xb6fe3934, 0x0f520583, 0x20bb830a, 0x23b48226, 0x6a160306,
    0x0bb34018, 0x06022424, 0xb7523301, 0x02382108, 0x3e200f83, 0x7b7d0f88, 0x2c3f7d1f, 0x00010035, 0x02000013, 0x00c602be, 0x40210006, 0x0101051e,
    0x824c0100, 0x4d29298c, 0x01020203, 0x4e012b01, 0x21080c82, 0x11060006, 0x18080411, 0x3301332b, 0x03032301, 0xab000113, 0xbd990001, 0xfdc602bc,
    0xfd26023a, 0x478200da, 0x47822a20, 0x02d63008, 0x002300d6, 0x0ab04b58, 0x20405850, 0x05040106, 0x72040000, 0x01050500, 0x01010061, 0x01024d28,
    0x60030000, 0x03020708, 0x4e032b03, 0x891a401b, 0x0406231a, 0x1c820302, 0x1c875f20, 0x10405922, 0x23307982, 0x25152300, 0x26161111, 0x1d080911,
    0x1735332b, 0x08f38e18, 0x1415162a, 0x15370706, 0x023e3521, 0x08069068, 0x16161436, 0x932b1517, 0x99545341, 0x54996969, 0xfe934252, 0x274229d4,
    0x63585863, 0x80294227, 0x618a2103, 0x5757975f, 0x8a615f97, 0x80800321, 0x406a4002, 0x6c7e7e6c, 0x02350682, 0x00010080, 0x02ffff13, 0x00c6026c,
    0x402e0017, 0x0201162b, 0x05084102, 0x005f012c, 0x4d290101, 0x03020200, 0xa382055f, 0x9882b883, 0x00174b08, 0x21252117, 0x1a080624, 0x2713332b,
    0x23232626, 0x16323335, 0x16161317, 0x07153333, 0x27272622, 0x0ed91303, 0x331e1b0e, 0x1d48415f, 0x1c180e9e, 0x45404d23, 0x0188471e, 0x202223f2,
    0xfe47476f, 0x6f202178, 0xaf4a4501, 0x4e82c3fe, 0x292d7f82, 0x83020000, 0x13001802, 0x28402b00, 0x4f7e8205, 0x2a2e0586, 0x0303004d, 0x06076104,
    0x2b040402, 0x2b824e04, 0x1300132a, 0x11232113, 0x08081111, 0x2005e979, 0x124c1821, 0x22233f07, 0x23353526, 0x02668f11, 0x1d20635a, 0x575d2a24,
    0x70a80197, 0x231ef770, 0xf7565b70, 0x3c8258fe, 0x00012108, 0x02f0ff24, 0x00d60233, 0x404a002c, 0x02011147, 0x03011201, 0x04010702, 0x02282903,
    0x4c040405, 0x68078865, 0x692d067b, 0x00000500, 0x05005905, 0x06610005, 0x320c8201, 0x26000151, 0x1d1e2024, 0x0f14161b, 0x012c000d, 0x1806072c,
    0x4b088c90, 0x362005d2, 0x0cd64e18, 0x37371625, 0x18262715, 0x08089c90, 0x01020e51, 0x41754e28, 0x433d494f, 0x46476a3b, 0x1f4e2e83, 0x40352959,
    0x2d1d3523, 0x4c4c412d, 0x27652e41, 0x67541a49, 0x3f613710, 0x12125e45, 0x54373b52, 0x60323830, 0x28313329, 0x01162d23, 0x02016b01, 0x4033353d,
    0x23623036, 0x00001c33, 0x822f0002, 0x188c20cf, 0x338feb81, 0x49885e5e, 0x5d5e874a, 0x88494a87, 0x4b4b465d, 0x4b4b4746, 0x3406e66c, 0x7273a75a,
    0x7a805aa6, 0x7c7c7878, 0x007a7878, 0x00010000, 0x26048226, 0x00c60258, 0x50420009, 0x142005dd, 0x00211482, 0x05c64c03, 0x0a397918, 0x47181691,
    0x21240ca3, 0x19090511, 0x3205964c, 0x33353632, 0x3d9ac011, 0x01793a42, 0x4b396fd3, 0x82003afd, 0x27048252, 0xd6025402, 0x7a001e00, 0x2005827f,
    0x06e5761e, 0x86828020, 0x00610229, 0x4d340202, 0x73030300, 0x352305a9, 0x851b4e04, 0x881c208d, 0x82022025, 0x00022245, 0x20238c69, 0x181e9940,
    0x2f09d583, 0x191e001e, 0x062a1222, 0x332b1a09, 0x37363634, 0x2107b543, 0x394d2707, 0x06142305, 0x02820706, 0x15213308, 0x5c6f313a, 0x33183931,
    0x073f3731, 0x7c910a9c, 0x5225877b, 0x03525643, 0x865b6501, 0x27193169, 0x31271b28, 0x71093b40, 0x38607681, 0x2e24404c, 0xbb831d4d, 0x2c24a082,
    0x5e02f0ff, 0x2922db82, 0x1f5c2601, 0x5c0c2008, 0xf082211f, 0x21071f5c, 0xf083003b, 0x1f5c1220, 0x20349022, 0x5c34821e, 0x35902024, 0x9e892f20,
    0xd27b0420, 0x0da17b09, 0xbe5c6920, 0x7b9e8308, 0x2e8920d0, 0x4e003e23, 0x5c008259, 0x29221289, 0x60182901, 0x34200ed7, 0x2005bf44, 0x05494536,
    0x5c099341, 0x46080589, 0x84440106, 0x059b058f, 0x48353642, 0x3f3f3c46, 0x36323d2e, 0x99063636, 0x7e768b0a, 0x463c3f86, 0x107e464d, 0x35066779,
    0x33313131, 0x2f277133, 0x232c2f28, 0x6b6d5a08, 0x134d375c, 0x43435b13, 0x00003361, 0x82180002, 0x02643004, 0x000a00c6, 0x4055000d, 0x02010d0a,
    0x82010301, 0x424c20dc, 0x16230563, 0x82020105, 0x0204310f, 0x01006800, 0x064d3401, 0x35040401, 0x401b4e04, 0x38211893, 0x05a55504, 0x820b0c21,
    0x110a334e, 0x07111211, 0x212b1a09, 0x01352135, 0x15331133, 0x06821523, 0x79012008, 0x44019ffe, 0xfe5353b5, 0x7987c0a8, 0x41fec601, 0x07018780,
    0x00000401, 0xff380001, 0x826702f0, 0x0020288b, 0x0116b5bb, 0x82010703, 0x0e220884, 0x2c405850, 0x01030400, 0x80010403, 0x02020100, 0x07007001,
    0x07040300, 0x06006903, 0x005f0506, 0xc0410505, 0x8a2d2014, 0x01032333, 0x349e7e02, 0x2faa4020, 0x4e003e22, 0x27054a5e, 0x1415181a, 0x10111213,
    0x22064a5e, 0x41200120, 0x222711c0, 0x13230706, 0x63211521, 0x37080a65, 0x8b834e01, 0x40089a08, 0x44433a34, 0x0c3e2b3a, 0xc5013198, 0x1a14bcfe,
    0x6b4a314f, 0x107e463a, 0x2e076173, 0x393a422d, 0x011d2645, 0x1aa4809f, 0x446b3f1e, 0x003e714d, 0x02350082, 0xf0ff3800, 0xd6025c02, 0x27001b00,
    0x11b5a800, 0x01040601, 0x0534444c, 0xc9542720, 0x00043408, 0x06040506, 0x03030069, 0x01006101, 0x084d3401, 0x18050501, 0x200f2974, 0x202e8825,
    0x085a7201, 0x2c8d3684, 0x27a24020, 0x36051041, 0x011c1d19, 0x1c212300, 0x15271d27, 0x0b0d0f13, 0x0006080a, 0x411b011b, 0x97180612, 0x73640d13,
    0x14510814, 0x894c0116, 0x6785408b, 0x8d147a67, 0x402e2e0c, 0x50180a4e, 0x3b6d4838, 0x36527b44, 0x38344144, 0xad104247, 0x6cbb769c, 0x210a5664,
    0x1d686326, 0x46683a27, 0x793b6f50, 0x46383a45, 0x47383945, 0x00010000, 0x02000014, 0x00c60220, 0xb542000b, 0x0a936907, 0x82001121, 0x005f241d,
    0x18340101, 0x8e09ff4f, 0x18382013, 0x0807ac42, 0x0b000b40, 0x09041311, 0x34332b18, 0x35213712, 0x020e1521, 0x667ca415, 0x0c028efe, 0xa533654a,
    0x80782901, 0xccb15477, 0x0300007e, 0xf0ff2400, 0xd6027802, 0x23001700, 0x96002f00, 0x020612b6, 0x92410205, 0x07202807, 0x05000201, 0x41050204,
    0x04200c8b, 0x10969818, 0xb8821e20, 0x01020324, 0x2f886903, 0x24090a4b, 0x1b4e003b, 0x41209b40, 0x1b38057d, 0x18192425, 0x292b0001, 0x2f252f24,
    0x23181d1f, 0x0b0d2319, 0x17011700, 0x48097f41, 0x55180506, 0x03210b71, 0x065b4432, 0x16141523, 0x080b8a13, 0x884e0149, 0x33434da2, 0x7f7f893b,
    0x44343b88, 0x3388a24e, 0x35353739, 0x40333a38, 0x4444494d, 0x6a104e4a, 0x15614667, 0x57364d13, 0x36576c6c, 0x6115134d, 0x016a6746, 0x262b29bf,
    0x2b262e2e, 0x36c1fe29, 0x3b3b3132, 0x42363231, 0x612d08b3, 0x1800d602, 0xa8002400, 0x030109b5, 0x09b34205, 0x02030137, 0x80020103, 0x00050108,
    0x03050103, 0x06060069, 0x04006104, 0x05d44304, 0x0edd7618, 0x86002521, 0x4200202e, 0x368906e2, 0x42020221, 0x402009e0, 0x354127a2, 0x1a193605,
    0x20000119, 0x1a24191e, 0x0c121424, 0x0405070a, 0x01180003, 0x09c64318, 0x36323326, 0x22230637, 0x2208df4a, 0x41061415, 0x3a080b34, 0x7a633a01,
    0x4e169219, 0x37064744, 0x3b6b4670, 0x91507842, 0x388e8e8e, 0x37394043, 0x5a104040, 0x5c3c0956, 0x6c3b4a68, 0x3f734f47, 0xd2baa6b4, 0x3d466401,
    0x3d48493d, 0x8200473d, 0x252408c2, 0x0703f4ff, 0x1300d602, 0x27001f00, 0x4a002e00, 0x2a2b4740, 0x04050327, 0x01004c01, 0x01040300, 0x04006903,
    0x022ae282, 0x07690504, 0x00000201, 0x06825902, 0x3208e882, 0x02000106, 0x28295100, 0x00011415, 0x2e292e28, 0x191b2426, 0x1f151f14, 0x1300090b,
    0x06091301, 0x22052b16, 0x3435022e, 0x3233023e, 0x1415021e, 0x4127020e, 0x372c0add, 0x36343526, 0x07173233, 0x16372722, 0x962a4282, 0x3966854d,
    0x4d856639, 0x0783864c, 0x504a8639, 0x52515c5d, 0x070d5d5c, 0x0f152724, 0x680f1524, 0x66390c07, 0x854c4d86, 0x4d4c2126, 0xa4342682, 0x6a5f5f6b,
    0x6b5f5f6a, 0x4023198e, 0x0bef0a3c, 0x7d2319ae, 0x0020a082, 0x1d33d389, 0x3b403e00, 0x05030400, 0x80050403, 0x03020500, 0x867e0205, 0x826720d6,
    0x020024be, 0x88020057, 0x000126cb, 0x191b1c1d, 0x858e8217, 0x930720c3, 0x113329c3, 0x23061423, 0x01371523, 0x6526b28f, 0x2e2f5162, 0xa690681c,
    0x8301ac28, 0x014a312a, 0x978a0200, 0x4100322c, 0x05003e40, 0x05060306, 0x90828003, 0x0106042b, 0x06006904, 0x06020300, 0x20988b03, 0x28368307,
    0x29000151, 0x22242527, 0x209a8920, 0x279a9308, 0x34233521, 0x36373736, 0x21064f43, 0x3f491707, 0x07072307, 0xae90020e, 0x1f01d539, 0x2d1b14b9,
    0x48452f2d, 0x5a074d41, 0x181b1d04, 0x2f19131a, 0x91102e2b, 0x0b5337c1, 0x16160d18, 0x42342e38, 0x1f053e42, 0x1613191a, 0x15180c16, 0xd38c4632,
    0x5b003a28, 0x011a5840, 0x39420607, 0x01053c05, 0x05006903, 0x05070600, 0x04006906, 0x04080900, 0x07006709, 0x07020800, 0x420b6908, 0x06820548,
    0x61000223, 0x35e3840a, 0x00011415, 0x33353738, 0x2a2c2d2f, 0x22232426, 0x3a141e20, 0x88413a15, 0x930c2005, 0x833220ed, 0x892720e6, 0x055344eb,
    0x5d232321, 0x2225078d, 0x16072726, 0x3df69016, 0x2a4f5047, 0x4f45492f, 0x61064849, 0x181c3204, 0x1f1f171c, 0x1c212021, 0x62021e1e, 0xfa904205,
    0x3442a43d, 0x12092f25, 0x3b3a2e46, 0x192b0537, 0x44161315, 0x1917161a, 0x39041317, 0x56000039, 0x3f43050f, 0x1e2f0806, 0x8a002100, 0x01200a40,
    0x011c0504, 0x4c020403, 0x5011b04b, 0x092a4058, 0x05040207, 0x03040503, 0x03010680, 0x70030202, 0x05000100, 0x41050104, 0x62290ae7, 0x02000108,
    0x401b5200, 0x232c8d2b, 0x7e020305, 0x59302d98, 0x1f1f1b40, 0x211f0001, 0x1d1e211f, 0x18191a1b, 0x20091e42, 0x1330410a, 0x3335332c, 0x23352335,
    0x27331507, 0x17411537, 0x62482810, 0xae6b3131, 0x415a5ab7, 0xac281002, 0xf0ea4d4c, 0x74744d47, 0xc342ef82, 0x00312a0b, 0x1d58405b, 0x01030701,
    0x2ca3884c, 0x07030004, 0x00690304, 0x08090006, 0x20ef4106, 0x2d2e2f31, 0x2325272b, 0x1f202122, 0x14191b1e, 0x41311531, 0x23241fef, 0x37070622,
    0x0720c682, 0x2405e15a, 0x23061415, 0x14e64122, 0x514c4938, 0x24194240, 0xfba80a0b, 0x1b085c1d, 0x1d1d1a18, 0x6108301f, 0xde904a04, 0x3f4ba433,
    0x0b0c453a, 0x0ee44d4c, 0x1b1c2112, 0x33052623, 0x0cd7413a, 0x3500292b, 0x56405900, 0x03022122, 0x20ee8304, 0x21ee8702, 0xee870069, 0x010a0728,
    0x06070206, 0xd7420969, 0x37068205, 0x08610002, 0x00020001, 0x152a2b51, 0x31000114, 0x2b352a2f, 0x20232535, 0x2922e783, 0xe7852915, 0xa6410b20,
    0x42322013, 0x362507d2, 0x37173233, 0x26f18226, 0x37161415, 0x43372622, 0xba4107cd, 0x48473b10, 0x1f414d57, 0x47080b29, 0x14590732, 0x56575b7b,
    0x01241d4e, 0x1f1c2301, 0xee912423, 0x42404936, 0x5c0e1444, 0x78620b23, 0x4c5c5e61, 0x211d1d23, 0x221d1f20, 0x2d0d3745, 0x403b001e, 0x04011838,
    0x004c0103, 0xf8820304, 0x45800221, 0x05201236, 0x0127e184, 0x1a1b1c00, 0x85141519, 0x930620d3, 0x343329d3, 0x21353736, 0x06063315, 0x8e28bc90,
    0xfe3a3762, 0x3b33afec, 0xac28a990, 0x4a469262, 0x009e4153, 0x04200082, 0x2c0a3b45, 0x00330029, 0x405a003d, 0x02192557, 0x06a64607, 0x29056c44,
    0x0704010a, 0x00690405, 0x8e410b07, 0x34352118, 0x2e059041, 0x3d34383a, 0x2e303d35, 0x332b332a, 0x41141e20, 0x6a440892, 0x45272018, 0x15240756,
    0x06171614, 0x2d059241, 0x32333435, 0x07061415, 0x36343522, 0xc6463233, 0x57473913, 0x26235a4c, 0x444e4e44, 0x4c5a2326, 0x331c1757, 0x41171c33,
    0x21202021, 0x2108ee90, 0x4d333ca4, 0x25280a1d, 0x2f34342f, 0x1b0a2825, 0xf53c334f, 0x28281614, 0x32a91416, 0x17202017, 0x6f440032, 0x2923080e,
    0x58003500, 0x011d5540, 0x21220703, 0x02030402, 0x0901004c, 0x01060201, 0x010a6902, 0x03070006, 0x51690706, 0x082312a9, 0x42050001, 0x03203196,
    0x4805347a, 0x27340589, 0x32331607, 0x26343536, 0x07163207, 0x22230614, 0x36343526, 0x2d10d941, 0x4d574945, 0x0a2a1f41, 0x07324708, 0x96421358,
    0x42242007, 0x02271495, 0x42404937, 0x420d1544, 0x5f210596, 0x0a96425b, 0xffff2308, 0xe6ff2500, 0xe4022403, 0x38032602, 0x07010000, 0xd1004f02,
    0x09005dff, 0xb80302b1, 0x35b05dff, 0x2392002b, 0x0d015022, 0x01202385, 0x51222399, 0x23a0eb00, 0xf3005222, 0x532223a0, 0x2385e400, 0x6b990220,
    0xe3005422, 0x552247a0, 0x47a0dd00, 0x0b015624, 0xfb835eff, 0x5e20d782, 0x5722fb96, 0x1f41e600, 0x0400210d, 0x36074341, 0x27001300, 0x49003d00,
    0x67406a00, 0x09070135, 0x06023031, 0x434c0207, 0x693906dc, 0x0d04010c, 0x04090801, 0x09006908, 0x09060700, 0x06006907, 0x06020500, 0x13b24705,
    0x493e3f21, 0x453505fd, 0x3f493e43, 0x34373949, 0x282d2f32, 0x1f3d293d, 0x1527141d, 0x050e4427, 0x0e440e20, 0x3e322f13, 0x2e343502, 0x0e222302,
    0x1e141502, 0x565e1302, 0x27222605, 0x32331637, 0x055f6737, 0x17363422, 0x2c087142, 0xa4012636, 0x3b6a8b4f, 0x4f8c693b, 0x2c078350, 0x3e508b6a,
    0x2e2e526d, 0x3e3e6d52, 0x3e07836c, 0x564c456c, 0x147b5b57, 0x47320759, 0x1f290b08, 0x46574d41, 0x1f23241e, 0x0101231c, 0x823b1a24, 0x8b4f222f,
    0x203f8269, 0x213f848b, 0x38892f54, 0x48823e20, 0xf1012f3b, 0x78615f5b, 0x5c230b62, 0x4244150d, 0x224c4940, 0x21201f1d, 0x00231d1d, 0x0a435403,
    0x1f00172c, 0x09407600, 0x12131d1e, 0x5e4d0304, 0x08b77a08, 0xb77a3420, 0x003b230a, 0xbb501b4e, 0x7a152005, 0x1c8311bc, 0x17924020, 0x2c050d4c,
    0x01181913, 0x191f1800, 0x0914161f, 0x3c961807, 0x14033017, 0x23261317, 0x32130622, 0x27343536, 0x54011603, 0xef2c0b54, 0x241cc012, 0x46924b47,
    0x1cbf144b, 0x300c5954, 0x38547201, 0x7c107001, 0x787a96fe, 0x8ffe3957, 0x2a9c8211, 0x0100000b, 0x00c602d0, 0x8550000d, 0x001a22b1, 0x2e168202,
    0x00670102, 0x4d340303, 0x00000104, 0x18066005, 0x97077985, 0x6838201c, 0x0d2b07a7, 0x12110d00, 0x07111121, 0x6b2b1b09, 0x332005f7, 0x3335a382,
    0x0b153311, 0x433d9a9a, 0x80937939, 0x396f5301, 0x80bafd4b, 0x2d008200, 0xff220002, 0x025a02f0, 0x000f00d6, 0x97180019, 0x16255b8f, 0x11191014,
    0x19524119, 0x093c5318, 0x5a3f0132, 0x7f44447f, 0x447e595a, 0x7e597f43, 0x3f41403e, 0x2e0c4541, 0x7c78f280, 0x00f2787c, 0x005c0001, 0x412f0200,
    0x5c27633b, 0x42429e9e, 0x419d783a, 0xff230b3b, 0x823800ff, 0x0252287f, 0x010600d6, 0x8200fefe, 0xff23240f, 0x845502f0, 0xf7ff210f, 0x09200f83,
    0x55201f82, 0x06239f82, 0x83f10002, 0x822d200f, 0x845c201f, 0xf501210f, 0x31200f83, 0x02222f87, 0x1f84f902, 0x39202f82, 0x03211f84, 0x200f8319,
    0x201f8211, 0x224f8365, 0x83ed0402, 0x822f200f, 0x8458200f, 0x8405200f, 0x2820085f, 0x8301f8ff, 0x07038b01, 0x00004f02, 0x0900bdfe, 0xb80300b1,
    0x35b0bdfe, 0x0000002b, 0x1400ffff, 0xde220682, 0x1f828301, 0x1f875020, 0x1f8b0120, 0x00002824, 0x3f844b01, 0x1f945120, 0x5f821420, 0x1f845320,
    0x1f945220, 0x3f820a20, 0x5f845420, 0x1f875320, 0x5f8c0220, 0x5f203f82, 0x54201f84, 0xbf833f94, 0x5f846920, 0x3f945520, 0x0123bf82, 0x82840128,
    0x825620bf, 0x83be201f, 0x20bf82df, 0x20df88be, 0x205f821e, 0x203f8464, 0x23ff9157, 0x2a000200, 0x29081f82, 0x008b016a, 0x00210015, 0x0d3f4042,
    0x09050301, 0x03020208, 0x01064c02, 0x04010700, 0x69040005, 0x03000500, 0x69030502, 0xfe7e0200, 0x013e3a05, 0x0116174e, 0x161b1d00, 0x11211721,
    0x070a0c0f, 0x01150005, 0x16090815, 0x2127452b, 0x554cc93d, 0x147a5c56, 0x47310858, 0x20290a08, 0x46574c41, 0x1e23231f, 0x0101241c, 0x448b0124,
    0x002f17e4, 0x00ffff00, 0x013b0128, 0x02ce0283, 0x844f0206, 0x0114260f, 0x02de0043, 0x200f82c6, 0x240f8450, 0x01430128, 0x201f844b, 0x200f8451,
    0x202f8214, 0x200f8453, 0x200f8452, 0x201f820a, 0x202f8454, 0x204f8853, 0x200f845f, 0x200f8854, 0x202f8469, 0x240f8455, 0x01420114, 0x201f8428,
    0x200f8456, 0x204f821e, 0x261f8464, 0x00000057, 0x822a0002, 0x026a2a0f, 0x001500ce, 0x406c0021, 0x0a3b410b, 0x19b04b26, 0x1e405850, 0x01242382,
    0x07650102, 0x2f08427a, 0x03004d34, 0x00610503, 0x03370505, 0x1c401b4e, 0x20095941, 0x24288e00, 0x40594e04, 0x55654117, 0x41ce0221, 0x01271865,
    0x000038ff, 0x18026c01, 0x2d341b5c, 0x01330123, 0x5cd801c8, 0xc60228fe, 0x5b433afd, 0x25032105, 0x262a4b82, 0x00005002, 0x3a022700, 0x5d823601,
    0x51020726, 0xbdfeda01, 0x43051f48, 0x2b830589, 0x03f8ff23, 0x202b922d, 0x202b9252, 0x262b8228, 0x00ce026b, 0x86510226, 0x84742057, 0x02522257,
    0x23579118, 0x02030000, 0x53225792, 0x2b85ae01, 0x86078d43, 0x843d20af, 0x86522057, 0x84712057, 0x01532257, 0x822b91e9, 0x92392083, 0x92542057,
    0x821420af, 0x923e202b, 0x8757202b, 0x0791442b, 0x20060741, 0x22839279, 0x85150257, 0x202b8a83, 0x20578228, 0x20578485, 0x20af8654, 0x22af847d,
    0x90210257, 0x2083832b, 0x202b8426, 0x202b8656, 0x212b851e, 0x2b90c201, 0x94ff2826, 0x27018301, 0x20063345, 0x06334559, 0x53445920, 0xff142608,
    0x01de009c, 0x0633451f, 0x01221f84, 0x1f89feb8, 0x9cff2824, 0x3f844b01, 0x00005123, 0x201f91fe, 0x205f8214, 0x201f8453, 0x201f9452, 0x203f820a,
    0x205f8454, 0x201f8753, 0x225f8d02, 0x845f0194, 0x9454201f, 0x20bf833f, 0x205f8469, 0x823f9455, 0x280123bf, 0x33452001, 0x455a2006, 0x5a200633,
    0x1e20df88, 0x64209f82, 0x57203f84, 0x03203f87, 0x00237f88, 0x822a0002, 0x016a2a1f, 0x00150027, 0x40440021, 0x0af74341, 0x4307cf43, 0x462109f1,
    0x0735454d, 0x35454720, 0x450a2016, 0x27204035, 0x2018cf43, 0x07334503, 0x000b0032, 0x001a0013, 0x19334036, 0x040e0f18, 0x4c010203, 0x4e209787,
    0x2c0a144a, 0x154e004f, 0x14000114, 0x121a151a, 0xc15b1810, 0x4f142016, 0x172705f1, 0x27343532, 0x55d51607, 0x9c2d0604, 0x160f6907, 0x4b4b2526,
    0x010f6806, 0x07f5543b, 0x1a23ca2c, 0xbd3c0aaf, 0xb01a247d, 0x0082000b, 0xb3455a82, 0x09002505, 0x20402300, 0x280a265e, 0x01044d4c, 0x034d0303,
    0x2d25824e, 0x12090009, 0x0b051121, 0x35132b19, 0x9c493507, 0x677b2e05, 0x51302d1c, 0x01df4301, 0xfe2a314a, 0x2025827d, 0x2fdb8201, 0x024b0143,
    0x001e00ce, 0x17b04b56, 0x1d405850, 0x2005e95d, 0x070e5e72, 0x0e5e4e20, 0x044d2109, 0x23071e58, 0x80030100, 0x59222095, 0x18820d40, 0x2507eb5d,
    0x132b1a0b, 0xac543634, 0x08ec5d0b, 0x07073908, 0x33150606, 0x2e102c15, 0x13192f2b, 0x1d1b181a, 0x4d075a04, 0x2f454841, 0x141b2d2d, 0x364301b9,
    0x18153246, 0x1316160c, 0x051f1a19, 0x3442423e, 0x1616382e, 0x530b180d, 0x01265f82, 0x3b011400, 0xb7825301, 0xbc002624, 0x0b7a21b5, 0x821f2006,
    0x792c20be, 0x0b7a0ad7, 0x2ecd8212, 0x62000202, 0x00000108, 0x1b4e004f, 0x5d20b04b, 0x805d09eb, 0x7a34a105, 0x658d210b, 0x2405c05b, 0x18191b1d,
    0x090b7a17, 0x26012628, 0x2b160b09, 0x59182213, 0x23220a54, 0x6f4f3523, 0x22232105, 0x5d08805d, 0x3d08057f, 0x044359b4, 0x1f1e0162, 0x2120211c,
    0x1b171f1f, 0x04321c17, 0x49480661, 0x2f49454f, 0x3b014f2a, 0x13043939, 0x16171917, 0x1316441a, 0x052b1915, 0x2e3a3b37, 0x2f091246, 0x00423425,
    0xb3470002, 0x0a002706, 0x32000d00, 0x775d2f40, 0x0c705d09, 0x064d4c2a, 0x4d040401, 0x00004e04, 0x080a545d, 0x2b1a0b35, 0x35233513, 0x33153337,
    0x27152315, 0xb6c03533, 0x31316cad, 0x430159bc, 0xeaf0474c, 0x74994c4d, 0x01000000, 0x3b012800, 0xc6025f01, 0xb9001d00, 0x5d0115b5, 0x092b054f,
    0x2b405850, 0x01030400, 0x5d720406, 0x4c20154e, 0x41099a7b, 0x2420058e, 0x8e21825d, 0x204d5d33, 0x8c412f8d, 0x17193105, 0x11121314, 0x0b0d0f10,
    0x03040507, 0x1d011d00, 0x41098c41, 0x06220782, 0xf5822307, 0x53072321, 0x3608078f, 0x054a4bc2, 0x1f310762, 0x181a1d1c, 0x1e5c091a, 0x0b09a8fa,
    0x40411a23, 0x3a3b0151, 0x23260533, 0x12211c1b, 0x4c4de40e, 0x3a450c0b, 0x00004b3f, 0x01280002, 0x4869013b, 0x442e06db, 0x08094140, 0x0d020302,
    0x02030501, 0x9d18004c, 0x01260921, 0x01010061, 0xed444d4e, 0x004f2109, 0x4215194a, 0x3520052d, 0x22054e59, 0x88222326, 0x096f5998, 0xc9160629,
    0x5b57564b, 0x4f58137b, 0x24260f20, 0x3b012401, 0xfd4e5e5c, 0x140e2105, 0x230dfd4e, 0x00010000, 0x2706a749, 0x25000a00, 0x01072240, 0x4c219382,
    0x20178200, 0x2708835f, 0x0201034d, 0x4e024d02, 0x25081082, 0x110a000a, 0x180b0413, 0x3634132b, 0x21352337, 0x15060615, 0xaf333b55, 0x373a1401,
    0x9e524201, 0x464a5341, 0xde826292, 0x3006e749, 0x1f001500, 0x45002900, 0x05114240, 0x01020502, 0x08755c4c, 0x2007315e, 0x0a8a674e, 0x2137fa82,
    0x01161720, 0x20242600, 0x1c292129, 0x171f161a, 0x000a0c1f, 0x18150115, 0x5c08a561, 0x15220d59, 0xfe840614, 0x15222325, 0x18171614, 0x20081861,
    0x188f53c1, 0x3c3b0125, 0x531b4f33, 0x1d21097f, 0x137f534d, 0x460d974a, 0x4e201f9f, 0x20089f46, 0x169f464f, 0x9f460b20, 0x1b6f4a3f, 0x3e002408,
    0x22092b00, 0x08009902, 0x2d403000, 0x00030105, 0x01004c01, 0x00850100, 0x86020302, 0x03030000, 0x82005700, 0x04602606, 0x03000301, 0x080a8250,
    0x08000827, 0x05111112, 0x132b1909, 0x33272135, 0x37230101, 0xf106083e, 0xfe360199, 0x01f199c9, 0xfef28b1c, 0xf1c9fec9, 0x82458200, 0xca06215b,
    0x05215bbf, 0x215b97ae, 0x5bbf7204, 0x94560321, 0x8225205b, 0x00c822e6, 0x9f671899, 0x5f01270d, 0x01010102, 0x447b0135, 0x9f67180c, 0x33352611,
    0x99a32515, 0x25418299, 0xff250001, 0x47830062, 0x42000622, 0x0c774918, 0x08724318, 0x034d3527, 0x39020201, 0x88538202, 0x87382013, 0x18592013,
    0x2807e76f, 0x09041111, 0x37172b18, 0x2a5b8223, 0x41363007, 0x9e9e46a3, 0x82ae8999, 0xffff2362, 0x06824a00, 0xfd01ed39, 0x5e022600, 0x07010025,
    0x25005e02, 0x09006401, 0xb80101b1, 0x54b06401, 0x4a2005f7, 0x23838782, 0x1d852720, 0x02060123, 0x22e2825f, 0x8a00b109, 0x21108223, 0xf3829302,
    0x51824782, 0xe5202983, 0x4f820782, 0x82cb0121, 0x00022207, 0x2805822f, 0x00c602d2, 0x000f000b, 0x0505524e, 0x01041726, 0x5f000101, 0x34211882,
    0x05e0684d, 0x03030124, 0xcc820335, 0x382f1994, 0x40594e03, 0x000c0c12, 0x0c0f0c00, 0x820d0e0f, 0x150b294a, 0x2b170906, 0x35022e37, 0x1424da82,
    0x07070606, 0x50380782, 0x97090b05, 0x87050b08, 0x6022e3a3, 0xd6d62863, 0x22606328, 0x009999e3, 0xff278785, 0x02d2005e, 0x82030024, 0x4b492787,
    0x585029b0, 0x44181640, 0x372007c1, 0x04208685, 0x39208682, 0x19208683, 0x012a3182, 0x67010002, 0x03030200, 0xa3845702, 0x31081c82, 0x594f0302,
    0x04040c40, 0x0f040f04, 0x05101116, 0x132b1909, 0x13231533, 0x36363435, 0x021e3337, 0xa32f1515, 0x0b0908a3, 0x0b056605, 0x99240208, 0x8284d3fd,
    0x83848c84, 0x0000252c, 0xd6022b02, 0x20001c00, 0xd4629900, 0x48262005, 0x032905f9, 0x03010680, 0x04030004, 0x0a11677e, 0x05040429, 0x0501075f,
    0x53053505, 0x242007f1, 0x02272d90, 0x02010000, 0x8b006900, 0xa140202b, 0x05383026, 0x4059594e, 0x001d1d14, 0x1d201d00, 0x821e1f20, 0x231c2493,
    0x82082911, 0x343721d3, 0x18082767, 0x080a6361, 0x0607063b, 0x35071506, 0x2dd91533, 0x0c252535, 0x0b672d31, 0x7442069c, 0x396e5152, 0x252d3619,
    0xe0a39e1c, 0x131a5551, 0x2516201d, 0x41086d2f, 0x5e363a66, 0x303c2b3c, 0x30301619, 0x078341e0, 0x5eff2522, 0x3422ff82, 0xff820300, 0x3a403d22,
    0x05270782, 0x80050300, 0x82040500, 0x067e2902, 0x00000101, 0x67000103, 0x0228cc82, 0x02010762, 0x4e023f02, 0x002a1a82, 0x191b1c1d, 0x20040f10,
    0x31822005, 0x0811032b, 0x012b1709, 0x13352315, 0x05b56022, 0x36372408, 0x14333536, 0x020e0706, 0x33161415, 0x0e173732, 0xa37f0102, 0x386f5040,
    0x252c3718, 0x362c941d, 0x820d2425, 0x820c20af, 0x027526af, 0xfd999934, 0x239b872a, 0x56502f31, 0x2b08b38b, 0x2500ffff, 0xc800e100, 0x07037a01,
    0x00005e02, 0x0800e100, 0xb00100b1, 0x2b35b0e1, 0x24000100, 0x4701a100, 0x0b00bd01, 0x1c401f00, 0x002f0f82, 0x01005901, 0x02610001, 0x00010001,
    0x4b000151, 0x03250578, 0x372b1609, 0x05836022, 0x14151634, 0x5141b606, 0x51404151, 0x3d51a151, 0x3e50503e, 0x5782513d, 0x2500013e, 0x81016b01,
    0x1100d302, 0x29402c00, 0x0708090a, 0x4a010506, 0x010f1011, 0x02490004, 0x00225482, 0x06825701, 0x5f000123, 0x085c8303, 0x16114f51, 0x09041211,
    0x27132b1a, 0x17350737, 0x37173727, 0x15370717, 0x27071727, 0x66394ea0, 0x334e3966, 0x663a4e34, 0x344e3a66, 0x572d6b01, 0x57016402, 0x2c5a5a2c,
    0x02640157, 0x005b2d57, 0x25000200, 0x68011901, 0x0300e101, 0x2a000700, 0x82022740, 0x00012155, 0x00266282, 0x055f0100, 0x65830403, 0x04044f27,
    0x07040000, 0x07e97b04, 0x17060628, 0x3337132b, 0x03823307, 0x703e252a, 0x703e435c, 0xc819015b, 0x4f820082, 0x54820320, 0xc6024726, 0x1f001b00,
    0x072f7718, 0x0e282a08, 0x0c010209, 0x0b00020a, 0x06670001, 0x34040401, 0x02080f4d, 0x5f030202, 0x03020507, 0x104d3703, 0x0b0b020d, 0x1b4e0b35,
    0x2b2aa540, 0x594e0b38, 0x00001e40, 0x1c1d1e1f, 0x1b206882, 0x2106875e, 0x00881113, 0x2b1f0926, 0x37233733, 0xa9850385, 0x23073323, 0x24038307,
    0x07233723, 0x2e188213, 0x11491a32, 0x114a154a, 0x1a891b4b, 0x83891a66, 0x4c16310d, 0x89194d11, 0x2c196719, 0xa3671666, 0xaa778a78, 0x77290082,
    0xa3a3788a, 0x8a1b01a3, 0x38008200, 0xff200001, 0x02dc0192, 0x000300ee, 0x00144017, 0x85000100, 0x01010102, 0x361b8276, 0x11030003, 0x2b170903,
    0x01330117, 0x94280120, 0x036ed8fe, 0x82a4fc5c, 0x821c2022, 0x84d92033, 0x40112233, 0x050d470e, 0x7600002a, 0x09021011, 0x23052b18, 0xd9242e82,
    0x94d8fe95, 0xff2f2d82, 0x001200ff, 0x01b500e1, 0x0207017a, 0x42edff5e, 0x25380e67, 0xd500f3ff, 0x0b009f00, 0x17401a00, 0x00010100, 0x00010261,
    0x4e003e00, 0x200b6242, 0x0a624217, 0x31277d24, 0x03822731, 0x25310d28, 0x26303026, 0xe3453125, 0x28478206, 0x000702fa, 0x256f0226, 0x24698200,
    0x0125006f, 0x06e34568, 0xe3456820, 0x2123850a, 0x23972c5f, 0x02218f82, 0x828f8295, 0x24588247, 0x006f0227, 0x240782e0, 0x016f0207, 0x210782c0,
    0xaf840002, 0x82c60221, 0x001724af, 0x4529402c, 0x03340bde, 0x05610203, 0x3e020201, 0x0c0d4e02, 0x11130000, 0x170d170c, 0x8a14c145, 0x054c28ce,
    0x0898090b, 0x8636040c, 0x0acf45d6, 0xe189f020, 0x5e247783, 0x3102d500, 0x69237784, 0x4526b04b, 0x612507d3, 0x00000104, 0x05d4453d, 0x03030026,
    0x1b4e0339, 0x2105f145, 0x18820414, 0x00020129, 0x02006901, 0x865f0302, 0x1940211b, 0xf045168a, 0x03002e08, 0x594f0302, 0x010f4059, 0x0d121300,
    0x05db430c, 0x2a550520, 0x35262a0a, 0x33073634, 0x1515021e, 0x20098223, 0x07834136, 0x04670a29, 0x0998080c, 0x8731020b, 0x46f020aa, 0x0020088e,
    0xf321b383, 0x05034602, 0x6c002822, 0x23110346, 0x05030005, 0x2b0b0346, 0x61040505, 0x04040107, 0x1b4e043e, 0x850cd745, 0x07fe4528, 0x592c268a,
    0x1d1e1440, 0x22240000, 0x281e281d, 0x4126d645, 0xde450a7b, 0x41492016, 0xe445068a, 0x41ed2018, 0x02210898, 0x05e74500, 0x0b00413e, 0x3e002800,
    0x01073b40, 0x01030105, 0x00800305, 0x03010203, 0x01067e02, 0x05010000, 0x35058441, 0x04006204, 0x4e043f04, 0x00010c0c, 0x280c280c, 0x18191c1e,
    0x6c411517, 0x09082405, 0x5b012b16, 0x262406bf, 0x17363435, 0x660de445, 0x372507b5, 0x01353636, 0x209f862b, 0x0ced4572, 0x04465220, 0x41022107,
    0xed209e87, 0x460df145, 0xff310909, 0x002500ff, 0x01d500d7, 0x02070383, 0x0000006f, 0x05fb45e4, 0x35b0e423, 0x251b832b, 0xc8003301, 0x1746cc01,
    0x490b8205, 0x33200505, 0x20087b52, 0x233b8200, 0x018301b0, 0xff213b82, 0x263b8edb, 0x00280120, 0x84d401d0, 0x01fb231b, 0x3b850035, 0x3b853520,
    0x82010021, 0x01e63077, 0x0061017c, 0x401e0003, 0x0100001b, 0x82570001, 0x5f01227f, 0x21098202, 0x72444f01, 0x3537290a, 0x01251521, 0x7b7be657,
    0x37831482, 0x2e02e722, 0x022437a8, 0x7a7ae709, 0x03213787, 0x2137a86a, 0x37884503, 0x0287ff23, 0x248e840c, 0x6406b126, 0x24ab9d44, 0x440006b1,
    0x23af8417, 0x797979e7, 0x2d087786, 0x013c03b7, 0x001d009d, 0x1a37403a, 0x1b020301, 0x0301020b, 0x0100010a, 0x03004c03, 0x59030001, 0x01000200,
    0x69010200, 0x00030300, 0x11820461, 0x0151003b, 0x10151700, 0x0006080e, 0x051d011d, 0x252b1606, 0x27262622, 0x22232626, 0x069d4806, 0x1e174008,
    0x36323302, 0x06173736, 0x24540206, 0x24263836, 0x4f2b2444, 0x4c2e442d, 0x55262a4a, 0x2931242f, 0x34301b19, 0x753b4524, 0x141b0eb7, 0x2a2c1714,
    0x16332a61, 0x16131a1b, 0x1f240f0a, 0x84383761, 0xff2a289b, 0x02370192, 0x410900ee, 0x20081783, 0x14090009, 0x2b170903, 0x34352617, 0x15063337,
    0x87b11714, 0x79798687, 0xdadad46e, 0xd5d7d7d4, 0x234682d9, 0x0c000100, 0x19204782, 0x18224784, 0x0f821540, 0x57010022, 0x3d06664a, 0x144f0001,
    0x18090210, 0x3623172b, 0x33273435, 0x91141516, 0x85797985, 0xd5d96e88, 0x4582d7d7, 0x23084082, 0xff2a0001, 0x028c0183, 0x002100f6, 0x183a403d,
    0x01020101, 0x0003004c, 0x04030204, 0x00020069, 0x01020501, 0x3c131a73, 0x11121f20, 0x08090e10, 0x21000607, 0x09072101, 0x22052b16, 0x34353526,
    0x16352326, 0x2d078236, 0x15333336, 0x15150626, 0x15070614, 0x07821616, 0x37163308, 0x604d0115, 0x2f2f2b69, 0x3f60692b, 0x2e453a3f, 0x3f3a442f,
    0x53536a7d, 0x0176313e, 0x53533f31, 0x29038169, 0x5047452d, 0x50060606, 0x2b2e4647, 0x9f847d02, 0x9f820c20, 0x9f876e20, 0x05010923, 0x2c9f8404,
    0x02030402, 0x00040069, 0x05040105, 0x49f58469, 0x06210519, 0x05194901, 0x1a1b1c24, 0xa2821419, 0x87020321, 0x8717209f, 0x35372299, 0x23a98426,
    0x32333507, 0x22209986, 0x4b37a984, 0x453a3e3f, 0x3a462e2f, 0x695f3f3e, 0x2c2f2f2c, 0x027d7d69, 0x86462e2b, 0x2d453092, 0x69810329, 0x313f5353,
    0x3e317601, 0x826a5353, 0x2c6c829e, 0x0192ff4a, 0x00ee027a, 0x40220007, 0x2f0f821f, 0x02010302, 0x00030067, 0x00570300, 0x5f000303, 0x003f0882,
    0x1111114f, 0x1a090410, 0x1121052b, 0x11231521, 0xfe7a0133, 0xa03001d0, 0x5c036ea0, 0x8290fd76, 0x05c74148, 0x47843c20, 0x25402822, 0x4e08b65e,
    0x5f2608d7, 0x00030104, 0x2a824f03, 0x07000722, 0x05374e82, 0x172b1909, 0x23113335, 0x0c112135, 0x3001a0a0, 0x7002766e, 0x84a4fc76, 0xff252f4b,
    0x0364018e, 0x00050035, 0x041b401e, 0xec760201, 0x0a524805, 0x0500053c, 0x17060312, 0x1303172b, 0xcf130333, 0xaa95aaaa, 0xd40172aa, 0x2dfed301,
    0xd7852cfe, 0x18294389, 0x02051540, 0x01010002, 0x0862484c, 0x0210122c, 0x172b1806, 0x33031323, 0x3b82ba13, 0x3d879520, 0xc1273b87, 0x39034001,
    0x48000600, 0x34820e97, 0x11210534, 0x14150621, 0xe5fe4001, 0x3f811b01, 0xe5d77803, 0x588200e3, 0x87ff2521, 0x0fff4833, 0x06000623, 0x31ac8414,
    0x27343536, 0x81251121, 0x3f1b0181, 0xd7e5e3d9, 0x378388fc, 0x01ea0025, 0x823a0358, 0x402423eb, 0xeb820321, 0x44860221, 0x20820ad1, 0x824f0121,
    0x22f08294, 0x82041111, 0x11372f7e, 0x11231521, 0xd1330125, 0x605002ea, 0x1b8210fe, 0x25000128, 0x580199ff, 0x438ae901, 0x49438520, 0x33438b0f,
    0x35211101, 0x58011133, 0x01d0cdfe, 0x60b0fde9, 0xfffff001, 0x8e264382, 0x35035202, 0x7f832600, 0x82070021, 0x82ee2005, 0x88022033, 0x05290817,
    0x1e000b00, 0x080b1b40, 0x00040205, 0x034c0101, 0x01000101, 0x00010285, 0x12127600, 0x06041012, 0x23052b1a, 0x13330313, 0x27058501, 0xa9a994a7,
    0x68feab94, 0x210b5d41, 0xa3412cfe, 0x82e08205, 0x6e270857, 0x52036001, 0x06000700, 0x010003b3, 0x27052b32, 0x07173711, 0x20011711, 0xd740f9fb,
    0x02e292d9, 0xc046df23, 0x82c32bfe, 0x01002186, 0x05202f8c, 0x17382f83, 0x27113727, 0x65111737, 0x40d7d940, 0xc34692f9, 0x46c0d501, 0x00ddfddf,
    0x0026b382, 0x035401e9, 0xb383003a, 0x32403522, 0x05254082, 0x67050004, 0x3cb88200, 0x67010403, 0x02020300, 0x03005703, 0x065f0203, 0x02030201,
    0x0b00004f, 0x0708090a, 0x23308206, 0x07111105, 0x38086641, 0x33113327, 0x01252335, 0x47738f2f, 0x02e9d68f, 0x4ffea051, 0x48b1012c, 0x25638300,
    0x54019fff, 0x6387f001, 0x00214882, 0x204c8203, 0x24aa8267, 0x04010504, 0x28188267, 0x00570500, 0x5f000505, 0x920b8200, 0x05864163, 0x11231729,
    0x01331523, 0x84d1fe54, 0xf0012964, 0x01a0affd, 0x4ffe2cb1, 0x67856582, 0x5101c12c, 0x06003903, 0x29000d00, 0xa1432640, 0x01042607, 0x03000003,
    0x43068257, 0x072c07a3, 0x070d0707, 0x1011180d, 0x2b190605, 0x3106a542, 0x34352617, 0x01112337, 0x01d4fe51, 0x5c23812c, 0xb042955c, 0xc4a42605,
    0xfcc1c5c4, 0x235f8ff2, 0x0027402a, 0x022f5582, 0x00670300, 0x02010102, 0x02020057, 0x82045f01, 0x82012009, 0x090a23bf, 0x86820708, 0x05140626,
    0x172b1706, 0x2f05cc42, 0x23113327, 0x25141516, 0x2c018181, 0x5c9494ce, 0x2906d742, 0xc10e0335, 0x0000c4c5, 0x9b51ffff, 0x06022307, 0x0f865f02,
    0x9f015d26, 0x27009400, 0xd7230f82, 0x8301fbff, 0x00fb2d17, 0x0100b112, 0xb0fbffb8, 0x01b12b35, 0x00290886, 0x012a0002, 0x02a4019e, 0x28fb84d6,
    0x050cb658, 0x01000102, 0x05034a4c, 0x01031223, 0x2e988200, 0x07640100, 0x02030605, 0x4e023402, 0x841b401b, 0x0200220b, 0x291c8285, 0x57000101,
    0x00000103, 0x26846001, 0x4059502c, 0x00070715, 0x070d0700, 0xc9820b0d, 0x062e5382, 0x09081111, 0x07132b18, 0x35231533, 0x06852137, 0x4236c130,
    0x290146a3, 0x46a34136, 0x9a9ed602, 0x0383af89, 0x2a26c783, 0xa5018f01, 0xb784c602, 0x2d02dd24, 0xbf820701, 0x2d020522, 0x0221b985, 0x84b9862d,
    0x82002008, 0x21bb8375, 0xbb84cd00, 0x05b54423, 0x20b88901, 0x231d840e, 0x01036401, 0x1620b486, 0xb2820982, 0x2109f443, 0x2d820060, 0x0b20af82,
    0x8908d27b, 0x859e84a5, 0xffff2198, 0x8f206382, 0xc6206382, 0x09248b88, 0xb80100b1, 0x00388287, 0x00250002, 0x0160024c, 0x000600dc, 0x4028000d,
    0x090a0d25, 0x06020306, 0x2907bd43, 0x03570100, 0x00010101, 0x6f82025f, 0x134f0031, 0x04101312, 0x252b1a09, 0x37352723, 0x85050733, 0x58012806,
    0xa78c8ca7, 0x84b301ab, 0xa44c2506, 0xc8c8a448, 0x00250483, 0x00ffff00, 0x205f822b, 0x235f8266, 0x019d0227, 0x0626d783, 0x00069d02, 0x77830100,
    0x84580121, 0x40202277, 0x2072821d, 0x067c4503, 0x220cdb47, 0x82021013, 0x866d86d7, 0x825f8466, 0x26438cf6, 0x05234026, 0x46030104, 0xeb490604,
    0x00063110, 0x09031206, 0x37372b17, 0x15173327, 0xabab2507, 0x4c20aa82, 0x0035a584, 0x2a000200, 0x5c01af01, 0x0400c602, 0x2b000900, 0x01082840,
    0x23488302, 0x03040305, 0x002dfa86, 0x054e0134, 0x05000005, 0x07090509, 0x22278206, 0x82061204, 0x2713244e, 0x82033335, 0x07153301, 0x0777153f,
    0x15770752, 0x54c3af01, 0x1701e9fe, 0xdf41c354, 0x00af2205, 0x215782a1, 0xe3820005, 0x2006a346, 0x08a75302, 0x1296ac18, 0x770f3923, 0x8342830f,
    0x01002b3e, 0xfeff2e00, 0xc702f001, 0x5e181900, 0x052308cf, 0x82060201, 0x18022093, 0x30096364, 0x00004d34, 0x085f0700, 0x35070701, 0x401b4e07,
    0x25229c20, 0x594e0738, 0x31821040, 0x18001926, 0x23211211, 0x44080382, 0x2b1d0909, 0x32333533, 0x35233737, 0x36363733, 0x23151717, 0x33070722,
    0x06072315, 0x3d2e2706, 0x55180732, 0x58070761, 0x37577e44, 0xa3970306, 0x4656071d, 0x70dc3779, 0x014e413c, 0x19377901, 0x4c43ff70, 0x08518201,
    0x0005002d, 0x02a5ff4a, 0x00250379, 0x00180014, 0x0021001d, 0x401f0126, 0x0601050f, 0x021b1c00, 0x010b0605, 0x4c030508, 0x5009b04b, 0x47364058,
    0x092b0566, 0x09080708, 0x03008007, 0x82860302, 0x05062442, 0x82670600, 0x09082b47, 0x0a670805, 0x02020701, 0x06825907, 0x61020724, 0x0b82040b,
    0x1b510222, 0x20058e7e, 0x233d873a, 0x0a09080a, 0x00263d95, 0x0a02070a, 0x42830059, 0x07005722, 0x0b20418c, 0x2f207f82, 0x778d4185, 0x08010926,
    0x69080507, 0xb1b77894, 0x59592208, 0x00194059, 0x24252600, 0x1f202123, 0x1617181e, 0x00140015, 0x111c1114, 0x1a060c11, 0x3311332b, 0xe2511835,
    0x16163107, 0x07061415, 0x03352315, 0x17233533, 0x36152734, 0x05200883, 0x3a080883, 0x734ed94a, 0x55444e77, 0x4e80885b, 0xe2414141, 0x41e25353,
    0x71000141, 0x5fc60271, 0x59610961, 0x07074e3d, 0x695d4a55, 0x015b5b03, 0x4456aaa0, 0xfe0da30f, 0x555cb6cb, 0x5706b506, 0x9f5706fb, 0x402a3206,
    0x03010227, 0x004c0102, 0x85010201, 0x00030000, 0x098f5586, 0x03006028, 0x11500302, 0xe3431211, 0x01013b06, 0x15210733, 0x990e0221, 0x3601c9fe,
    0x5603f199, 0x012babfc, 0xf2370137, 0x0082008b, 0x58000121, 0x57bc0953, 0xfaae0523, 0x59578f53, 0x57bc0607, 0xf7060823, 0x08578ffb, 0x02ca062d,
    0x000d0099, 0x08324035, 0x01040201, 0x01024c01, 0x85000100, 0x03020506, 0x00860304, 0x01040401, 0x01010057, 0x04006004, 0x82500401, 0x000d30e5,
    0x1112110d, 0x09071211, 0x01252b1b, 0x59073301, 0x21230667, 0x41750117, 0x04210516, 0x07b858d0, 0xf132fb22, 0x76596f85, 0x00f12305, 0xc76b0500,
    0x0033320c, 0x004d003f, 0x1068406b, 0x0a09020b, 0x02090a02, 0x397c8280, 0x03010503, 0x05010769, 0x030e060f, 0x04050804, 0x00080069, 0x0a08090a,
    0x9d700d69, 0x2c068205, 0x0c610002, 0x00020001, 0x35404051, 0x05c46b34, 0x404d4035, 0x47494b4d, 0x3b424446, 0x353f3439, 0x282d2f3f, 0x6b332933,
    0x11200bca, 0x2022ca6b, 0x0aa55003, 0x0b8a3320, 0x36360527, 0x17163233, 0x05134e23, 0x2920ce6b, 0x2020171e, 0x20201517, 0x078217ae, 0x1f1f1631,
    0x6812c5fe, 0x11684a48, 0x28390e54, 0x6b0e3927, 0x5c2222d1, 0x37821720, 0x3f861620, 0xc2280782, 0x47565647, 0x262a2a26, 0x2c124341, 0x406b004f,
    0x09010b68, 0x09040a04, 0x1042410a, 0x0405092b, 0x100a0069, 0x0a020801, 0x13434108, 0x43414120, 0x4b4c2908, 0x44454749, 0x4f414f40, 0x2e534341,
    0x26262207, 0x16163327, 0x37363233, 0x41020e33, 0x792f3044, 0x083d5b37, 0x314d0b4e, 0x4f0a4c33, 0x415d3c08, 0x20083345, 0x365530ef, 0x303f3f30,
    0x00305536, 0x00080002, 0x02500200, 0x000f0048, 0x402c0012, 0x02011229, 0x07094401, 0x1a820220, 0x00573308, 0x5f000202, 0x02000103, 0x00014f00,
    0x06091011, 0x0e010f00, 0x2b160604, 0x35262233, 0x33363411, 0x15163221, 0x23061411, 0x69032125, 0x2a37372a, 0x05838601, 0x0167fe24, 0x0c88d6ab,
    0x372a7a26, 0x0073017c, 0x26084f82, 0x87ff2a00, 0xc6029803, 0x46003a00, 0xb04bef00, 0x40585022, 0x0a01220e, 0x02011504, 0x08013a06, 0x1b4c0302,
    0x862db04b, 0x8a052015, 0x87268415, 0x03032410, 0x8559594c, 0x0526343d, 0x0a000401, 0x690a0406, 0x0602090b, 0x08020103, 0x836a0206, 0x00082dd6,
    0x07070065, 0x01006101, 0x4e073401, 0x2d295586, 0x0a040500, 0x800a0504, 0x2134a400, 0x2f8b3340, 0x64820920, 0x00060024, 0x61820302, 0x09010b28,
    0x09080300, 0x6a916903, 0x40595939, 0x423b3c14, 0x3c463b40, 0x26232546, 0x26242513, 0x090c2126, 0x71052b1f, 0x3e280566, 0x16323302, 0x06141516,
    0x27200e83, 0xd57c0584, 0x33372e07, 0x15060607, 0x32331614, 0x21103536, 0x200b8722, 0x09066037, 0x16149b08, 0x7e75a902, 0x7d44d0bc, 0xb77a6aad,
    0x3f603565, 0x180d3f30, 0x5f562c54, 0x2a3e5c34, 0x71041342, 0x19040212, 0xfe372f16, 0x5ea86ec3, 0x673c919f, 0x3733c336, 0x37302c2a, 0xc1304928,
    0x7baa68ae, 0x6b9f5843, 0x2a447d55, 0x652e2423, 0x406d4656, 0xc530191e, 0x14103217, 0x01555c17, 0x6fa75c16, 0x17149687, 0x2d364ea2, 0x2c394d37,
    0x00000036, 0xff240003, 0x02b602f0, 0x001e00d6, 0x0034002a, 0x10b04bca, 0x11405850, 0x15162e2f, 0x07061213, 0x191c0304, 0x02040002, 0x138e1b4c,
    0x13820220, 0x2c855920, 0x7e001821, 0x06280843, 0x00040401, 0x02050261, 0x0b84cf18, 0x1f891c20, 0x02020024, 0x24854d35, 0x87010521, 0x822f2023,
    0x7a1a2070, 0x219108cb, 0x1c8b4020, 0x3e8a3820, 0x4e003e3b, 0x40595959, 0x012b2c15, 0x2c342b00, 0x1b242634, 0x000b0d1a, 0x071e011e, 0x05bc5109,
    0x60363421, 0x172c0c75, 0x06173736, 0x23170706, 0x03060627, 0x230a2f74, 0x37363213, 0x5d081282, 0x01161415, 0x44827c22, 0x6f272350, 0x4b6c6b68,
    0x0119704e, 0x222b0398, 0x201ab161, 0x24282b6a, 0x211e1b1f, 0x2d211114, 0x2225820d, 0x5c631038, 0x26316144, 0x63522f47, 0x573f4961, 0x46248c2c,
    0x266a390f, 0x1a151f70, 0x2a17d201, 0x201d1a1c, 0xfe28151b, 0xa00a0e94, 0x23203218, 0xe182002b, 0x00002a28, 0xc6024b02, 0x56180f00, 0x1a2c07e5,
    0x02030000, 0x80020003, 0x01030300, 0x2805787e, 0x02020405, 0x4e023502, 0x95f6821b, 0x1838201c, 0x2c0746a0, 0x110f000f, 0x06112611, 0x332b1a09,
    0x06c85b11, 0x11213323, 0x39018223, 0x355d3efa, 0x0145693a, 0x01458639, 0x3b5a3135, 0xfd325b3e, 0xfd54023a, 0x828200ac, 0xff340039, 0x022a02be,
    0x003000d6, 0x40d5003d, 0x0701130a, 0x01012b04, 0x414c0206, 0x290805d0, 0x0504002f, 0x72040507, 0x05060700, 0x097e0607, 0x05010601, 0x007e0106,
    0x01020201, 0x08020070, 0x00020001, 0x05050066, 0xb6826103, 0x4e053423, 0x057e4d1b, 0x36853120, 0x91800721, 0x01052337, 0x38937e02, 0x9e374021,
    0x086e6333, 0x02000024, 0x01660059, 0x00023f06, 0x40595952, 0x0131321b, 0x31373900, 0x213d323d, 0x1a1c1d1f, 0x04060818, 0x01300003, 0xfc410a30,
    0x18272005, 0x2408aa5f, 0x37262627, 0x09094236, 0x26071722, 0x2406b577, 0x15161617, 0x05a86514, 0x36320324, 0x17873435, 0x3c016608, 0x98088977,
    0x2c2f3706, 0x6a4d3c2a, 0x2702035b, 0x80272a28, 0x0d826771, 0x2a350697, 0x342d2c23, 0x2a4f7672, 0x27658126, 0x1b362431, 0x42353124, 0x27085264,
    0x19191e2b, 0x4e150e25, 0x133a2441, 0x4e233616, 0x06565f57, 0x19202b26, 0x150b1e1a, 0x224d4c4b, 0x4b293915, 0x224a0155, 0x0f20191e, 0x2b1d1b24,
    0x08008200, 0x2a000325, 0x0c03f4ff, 0x1300d602, 0x45002700, 0x06b16900, 0x5e404464, 0x09070600, 0x80090607, 0x07080900, 0x487e0809, 0x002f0734,
    0x06070005, 0x00690705, 0x04010c08, 0x73040802, 0x2d4813f4, 0x41422d05, 0x37393d3f, 0x2f313435, 0x45294528, 0x290b2548, 0x2b16090d, 0x440006b1,
    0xfc7d2205, 0x0df4730f, 0xcf7e3720, 0x41162009, 0x33280931, 0x17373632, 0x9b01020e, 0x2006067e, 0x07167e4c, 0x4d633827, 0x634d2b2b, 0x39078638,
    0x32593a3c, 0x333a5932, 0x6b043251, 0x291f2b05, 0x21293131, 0x056c052b, 0x57775232, 0x5c390810, 0x3a654c2b, 0x2b4c6439, 0x39644c2b, 0x2b4c653a,
    0x3c5b334c, 0x28325b3b, 0x23052e47, 0x35353c28, 0x0426293d, 0x00294a30, 0x002a0004, 0x025f02a0, 0x001300d6, 0x00310023, 0x072d413a, 0x06012c2d,
    0x0c4c0108, 0x06050207, 0x79050602, 0x69200809, 0x092d3182, 0x69090408, 0x06000800, 0x67060805, 0x055f490b, 0xd57c0682, 0x24243f08, 0x00011415,
    0x3234383a, 0x31243124, 0x2d2e2f30, 0x1b1d2527, 0x23152314, 0x1300090b, 0x2d411301, 0x41252007, 0x3620102d, 0x35072f42, 0x16141506, 0x33112716,
    0x14151632, 0x23170706, 0x27152327, 0x1d833233, 0x0123232c, 0x4d673b45, 0x674d2c2c, 0x07853a3b, 0x613d3a3f, 0x3d613939, 0x3939623d, 0x39783962,
    0x411c1e44, 0x01203756, 0x1c1c1723, 0x2ca02317, 0x2928894e, 0x2c4e673b, 0x3b643c41, 0x0284633b, 0x463c6431, 0x2b342b01, 0x770a2d1e, 0x11a76b6b,
    0x41101212, 0x2e2d0e0f, 0x58003700, 0x010b5540, 0x05020506, 0x0c044106, 0x0407082d, 0x07006908, 0x07060500, 0x410a6905, 0x06820504, 0x61000228,
    0x02000109, 0x04415100, 0x35372905, 0x2e242f31, 0x2b2d2e24, 0x230d0241, 0x2b16060c, 0x2320fea7, 0x2c26fba7, 0x3f3f3e78, 0xf8a9293e, 0x86352c21,
    0x820020f5, 0x014a3bb1, 0x02440367, 0x000c00c6, 0x40430014, 0x03080b40, 0x01050203, 0x09080a4c, 0xfd820304, 0x06860222, 0x0523e482, 0x83570005,
    0x05002f07, 0x0501075f, 0x0d4f0500, 0x0d00000d, 0x40680d14, 0x820e2005, 0x120c363c, 0x0b111211, 0x012b1a06, 0x37173311, 0x35231133, 0x15272307,
    0x08078221, 0x23152126, 0x769c0111, 0x5b755f5e, 0xfe4f544f, 0x260163b6, 0x01670162, 0xfeffff5f, 0xcbd4d4a1, 0x550a01cb, 0x00f6fe55, 0x253b8b83,
    0x87017401, 0x0f00d602, 0x39001b00, 0x446406b1, 0x01002e40, 0x01020300, 0x41056903, 0x0682056a, 0x6100022e, 0x02000104, 0x10115100, 0x15170001,
    0x0d79cc18, 0x0006b123, 0x07876144, 0x48073c48, 0xd6230b13, 0x88305130, 0x2b1e3d02, 0x2c1d1e2b, 0x2e74012b, 0x50323251, 0x32502f2f, 0x682e5033,
    0x2a202128, 0x2920202a, 0x282a7982, 0xd700db01, 0x0300c602, 0xbd181900, 0x755f1013, 0x37132f07, 0x27280733, 0xdb013488, 0xff00ebeb, 0x338200ff,
    0x828c0121, 0x02262233, 0x20d382b2, 0x20058207, 0x280782b5, 0xff4a0001, 0x02dc0092, 0x21535bee, 0x3311172d, 0x6e924a11, 0xa4fc5c03, 0x8a020000,
    0x00072837, 0x002c402f, 0x64010400, 0x05240f0a, 0x03020301, 0x23102c61, 0x132b1709, 0x03204a82, 0x92294e84, 0x018b0192, 0xfe9dfe63, 0x24058307,
    0x00010000, 0x185c834a, 0x260c2f7d, 0x34020200, 0x8201044d, 0x035f271c, 0x37010101, 0xeb63064d, 0x18402106, 0x07771a94, 0x03631808, 0x1b093c08,
    0x2311332b, 0x33353335, 0x23153315, 0x9595df11, 0x0195958c, 0xaeae72a6, 0x8a5afe72, 0x18132073, 0x30073d7b, 0x00010622, 0x0702090a, 0x67070008,
    0x34030300, 0x8f99184d, 0x0835240e, 0x9f401b4e, 0x08382a24, 0x1240594e, 0x13000000, 0x09896100, 0x1f090b23, 0x8399182b, 0x35232311, 0x9484954a,
    0xaa220482, 0x98838a72, 0xaa728a28, 0x040000aa, 0x04824a00, 0x02473208, 0x000900c6, 0x001f0015, 0x40be0023, 0x0701080a, 0x04010305, 0x4b4c0206,
    0x585024b0, 0x010c2940, 0x04010b06, 0x69040608, 0x00000101, 0x07004d34, 0x05837307, 0x08004d2a, 0x0d5f0208, 0x04030a09, 0x22057048, 0x822fb04b,
    0x46272030, 0x38900764, 0x40202e8e, 0x200829a4, 0x594e0238, 0x20244059, 0x0b161720, 0x2000000a, 0x22232023, 0x161a1c21, 0x111f171f, 0x0b150a0f,
    0x26bc8215, 0x11121109, 0x1819090e, 0x200a55d1, 0x0a9a4e25, 0x2e09f877, 0x15213507, 0x1a01a84a, 0xe8feaa98, 0x1855ae02, 0x250b428b, 0x02320156,
    0xd118fec6, 0xac220881, 0x8b18505f, 0xfc2d0c50, 0x00006666, 0x004b0002, 0x02170247, 0x36728276, 0x40550013, 0x04010a52, 0x04060706, 0x010b8007,
    0x86090809, 0x42000000, 0x2d0806a5, 0x02050300, 0x05006703, 0x05040600, 0x07006706, 0x57070808, 0x08070700, 0x0708005f, 0x0a0a4f08, 0x130a0000,
    0x1112130a, 0x0d0e0f10, 0xc1840b0c, 0xdf511120, 0x11132505, 0x15231533, 0x17200383, 0x4b250988, 0x888891d0, 0x280483bd, 0x4a012c01, 0x823a543a,
    0x820685e5, 0x00023e70, 0x03a2ff2a, 0x00c6025d, 0x00110008, 0x02404043, 0x10010401, 0x11000501, 0x05030201, 0x21048209, 0x95824c04, 0x01004928,
    0x01000400, 0x32826704, 0x00030523, 0x0bae5805, 0x03020038, 0x11114f02, 0x13111112, 0x2b1c0606, 0x15010105, 0x11213533, 0x04822721, 0x15234008,
    0x01073521, 0x0175feb5, 0x4d015b8b, 0x015c58fe, 0xe0fe7b9b, 0x8c015ea2, 0xf2e58b01, 0x6404c2fd, 0x63f16d01, 0x020000a1, 0x47003000, 0x76022402,
    0x0e000600, 0x42404500, 0x04030103, 0x83014c01, 0x07852176, 0x28088682, 0x06020306, 0x06010880, 0x04008406, 0x57040303, 0x03040400, 0x0301055f,
    0x074f0304, 0x07000007, 0x0d0e070e, 0x090a0b0c, 0x08408208, 0x1112062f, 0x2b180609, 0x17330313, 0x17033337, 0x33352311, 0x95112315, 0x46463e65,
    0x5bbb653e, 0x2c015bf1, 0xeeee4a01, 0x01e5b6fe, 0xfe3a3a10, 0x3bd482f0, 0xff250002, 0x023b02f4, 0x001a00d6, 0x409b0020, 0x02111e0c, 0x121d0002,
    0x02030402, 0x2406dd57, 0x00020021, 0x20ec8203, 0x29058280, 0x04030504, 0x0101006a, 0x3b824d34, 0x0978c018, 0x2505a062, 0x00010021, 0x2d908501,
    0x0ca1c018, 0x238d2620, 0x05020024, 0x57885900, 0x00262986, 0x59594f05, 0x61820e40, 0x1a001a2c, 0x11141612, 0x1b090717, 0x514c172b, 0x37362b05,
    0x16073337, 0x26071716, 0x375f0327, 0x07480805, 0x17140307, 0xed060613, 0x3f706008, 0x4c074e73, 0x0a6d5408, 0x1b300a9b, 0x9b052e22, 0x0868870b,
    0x2b1a417a, 0x135e0c30, 0x7b526d92, 0x5e5a0447, 0x08546b0e, 0xc4fe1744, 0x06303405, 0x59037461, 0x23747001, 0x540a3901, 0xbc827082, 0x002a2b08,
    0x024f0249, 0x0023006e, 0x40680033, 0x1113141d, 0x0608090b, 0x1d230003, 0x01021a1b, 0x02020106, 0x020a124c, 0x011c4a00, 0x00724901, 0x04132d05,
    0x01000201, 0x00650102, 0x61000303, 0x3d214582, 0x05454c03, 0x02030025, 0x82690300, 0x0101231d, 0x06825902, 0x61010222, 0x51202783, 0x2530dc82,
    0x242b2d24, 0x21332533, 0x09052d1f, 0x27372b17, 0x0782dd85, 0x11521720, 0x17372105, 0x2b051f4b, 0x27071707, 0x22230606, 0x32372726, 0x2f0dfa48,
    0x125b3a64, 0x5c131515, 0x401a5c3a, 0x1a402322, 0x12220882, 0x0f821415, 0x401b5b2a, 0x1b3f2323, 0x2036207d, 0x49230287, 0x821a5b3a, 0x1b402414,
    0x825c3a5b, 0x5c122234, 0x2024863a, 0x2144845b, 0x2b8a4112, 0xc1822020, 0x00030034, 0x02a6ff34, 0x0020036a, 0x00290022, 0x40460030, 0xc5821243,
    0x19273108, 0x2d010302, 0x04081a26, 0x212e0300, 0x04040107, 0x004c0400, 0x01000103, 0x00800003, 0x00010400, 0x02007e04, 0x02040105, 0x01006304,
    0x4e013401, 0x222d4c82, 0x11142200, 0x09061419, 0x35052b1a, 0x2fc88226, 0x2e351716, 0x36343502, 0x15333537, 0x07171616, 0x15251382, 0x1415021e,
    0x7d671806, 0x135c0808, 0x15272634, 0x2b013636, 0x96078070, 0x6754530e, 0x526e7c2f, 0x950a7167, 0x58222704, 0x6d802d68, 0x272f24a5, 0x3521fb2c,
    0x525a2d29, 0x0765810c, 0x14b71664, 0x583a4d32, 0x57550672, 0x075b7f0e, 0xad0d3927, 0x33503b14, 0x50086f5b, 0x251f5a02, 0x2b05a10e, 0x291da2fe,
    0x2805a712, 0x00219282, 0x28df8201, 0x02d802f0, 0x003100d6, 0x05464ddb, 0x003a2508, 0x05020504, 0x00800204, 0x0009000b, 0x0680090b, 0x01070201,
    0x01020001, 0x00010867, 0x09020d0e, 0x6709000a, 0x2b087e4d, 0x0a0a004d, 0x0c00610c, 0x4e0c3b0c, 0x2006d37e, 0x27418f38, 0x05000300, 0x69050304,
    0x3f8a4995, 0x3ab54020, 0x4e0c3e26, 0x1a405959, 0x3134d082, 0x2c2e3100, 0x24262829, 0x11142122, 0x23132212, 0x0f111411, 0x2605d646, 0x37343526,
    0x51333523, 0x514c0520, 0x33072706, 0x15062307, 0x06821714, 0x08053753, 0x020e176c, 0x26262223, 0x01473427, 0x13534701, 0x464b7c58, 0x9d105175,
    0x3730450d, 0x0cc2114a, 0xba0101c3, 0x4912a00b, 0x0b463235, 0x77500f9f, 0x587b4949, 0x1251eb14, 0x510f1014, 0x3c41754e, 0x39084b6f, 0x513d4745,
    0x1214100f, 0x4b423951, 0x744e083e, 0x4b713f3f, 0x34000200, 0xa302f4ff, 0x1600d602, 0x93002e00, 0x020a0bb6, 0x375c0100, 0x00313b07, 0x0609060a,
    0x0380090a, 0x010b0001, 0x04000704, 0x08070067, 0x070a0601, 0x25826706, 0x00610235, 0x4d340202, 0x05090900, 0x05010c61, 0x4e053e05, 0x872f401b,
    0x245a8233, 0x01020001, 0x8a3b9369, 0x40593431, 0x0017181d, 0x292b2c00, 0x20212227, 0x171d1e1f, 0x822e182e, 0x15162b8c, 0x0d112425, 0x132b1a09,
    0x51182135, 0x332511c3, 0x26220115, 0x06b17135, 0x31522120, 0x17540808, 0x01340606, 0x30341691, 0x9b113829, 0x7d64881a, 0x3c060989, 0x8a77c5fe,
    0x023c0405, 0x066dfe6f, 0x2a2b3607, 0x16a60f3f, 0x527e0197, 0x32251d14, 0x5b0d282b, 0x125e7169, 0xfe52091c, 0x105a6b76, 0x52520819, 0x210d1508,
    0x0920252c, 0x00006457, 0x28000200, 0xb8240482, 0x1200c602, 0x0abb6018, 0x82070021, 0x02072218, 0x2adb8267, 0x04020609, 0x67040005, 0x50080800,
    0x002006a8, 0x2105546d, 0x259f2340, 0x18053821, 0x350cbb60, 0x11111112, 0x0a112124, 0x372b1c09, 0x21113335, 0x14151632, 0x34472306, 0x35232205,
    0x073a4d13, 0x63282408, 0x91801c01, 0x91848091, 0x7b989891, 0x3c42423c, 0x0254637b, 0x6c6c7c0f, 0x63543e7d, 0x35120163, 0x49343434, 0x9320069f,
    0x1938b782, 0x01b58600, 0x01080901, 0x1cb04b4c, 0x2f405850, 0x02050300, 0x0a720305, 0x2605db47, 0x03050004, 0x43670504, 0x00200901, 0x0021c982,
    0x29fa8257, 0x08006108, 0x1b510800, 0x31853040, 0xa7800221, 0x05c14932, 0x19001924, 0xd4821122, 0x1111213d, 0x1f060b22, 0x3525212b, 0x21373233,
    0x23262135, 0x15213523, 0x33171623, 0x82062315, 0x052808e1, 0xf4fe5601, 0xfe1663e4, 0x145e01a3, 0x4902e466, 0x4d0a2f86, 0x6f8f0f4f, 0xf8160136,
    0x46524375, 0x442f517e, 0xfb5f5652, 0x02269482, 0x00004a00, 0xd7821703, 0x1b000d24, 0x9a497200, 0x00262205, 0x3bf08205, 0x00800105, 0x5f020606,
    0x02020104, 0x00004d34, 0x004d3700, 0x60030101, 0x03080709, 0xa3060270, 0x38260828, 0x40594e03, 0x000e0e18, 0x0e1b0e00, 0x15181a1b, 0x000f1114,
    0x130c000d, 0x090a1121, 0x11212b19, 0x32331133, 0x06823536, 0x2306142c, 0x32211121, 0x23111516, 0xd4823411, 0x01112b08, 0x1cd47614, 0x45517d20,
    0x6e01c9fd, 0x21765045, 0x1e02d41c, 0x1c2142fe, 0xd0fd2902, 0xc6025145, 0x78fe4551, 0x211c8101, 0x9e829afd, 0x2c08b282, 0x02000034, 0x00d60263,
    0xb5d30026, 0x07080101, 0xb04b4c01, 0x40585012, 0x04030027, 0x72030401, 0x06010105, 0x01070001, 0x04006700, 0x076e4304, 0x08070729, 0x0801095f,
    0x52083508, 0x28200760, 0x01212e85, 0x202fa280, 0x205e822f, 0x272f8726, 0x04000200, 0x69040203, 0x5d8b378a, 0x28a34020, 0x4e083827, 0x40595959,
    0x3bd18211, 0x13260026, 0x12221511, 0x0a171126, 0x332b1e09, 0x35363635, 0x23272634, 0x26263335, 0x0dc25218, 0x41141521, 0x3d0806fd, 0x35152107,
    0x02023b3a, 0x110e6072, 0x70486b3c, 0x08a60f80, 0x3127212f, 0x90990b17, 0x01343102, 0x541c7086, 0x08120933, 0x1d412652, 0x6c355b3a, 0x27250759,
    0x3b1b2632, 0x5b405220, 0xcc188118, 0x18260bf3, 0x0ab56b00, 0x81180201, 0x212008e3, 0x3908ff5d, 0x00010768, 0x08020a0b, 0x67080009, 0x03030104,
    0x09004d34, 0x4e093509, 0x239e401b, 0x0812a618, 0x18001827, 0x12111617, 0x05ce4211, 0xb7450c20, 0x23352105, 0x0320d882, 0x07657c18, 0x15312308,
    0x15231533, 0x88683523, 0xc3548701, 0xa89a9ba8, 0xc7c793c2, 0x5b7a98c7, 0x57015b3f, 0x1e01e2fe, 0x0a82a9fe, 0x827a7a21, 0x002608b3, 0x022a0028,
    0x00140212, 0x4027000b, 0x01010324, 0x05000104, 0x06670001, 0x02050501, 0x0202005f, 0x004e0537, 0x8a4d0000, 0x3537210b, 0x2d088a4d, 0xb8b8e015,
    0x2ab8b87a, 0xb9b979b8, 0x2782b879, 0x4f820120, 0xf801e224, 0x8f4e5b01, 0x17062a1e, 0x2135372b, 0xd0012815, 0x063369e2, 0x38002826, 0x0502f401,
    0x22086982, 0x0309b306, 0x372b3201, 0x17372737, 0x17071737, 0x28072707, 0x90569191, 0x90905591, 0x8e909155, 0x84569091, 0x8205820e, 0x00282665,
    0x020c020e, 0x2437822e, 0x001b000f, 0x05514d92, 0x02002028, 0x05030107, 0xc7820302, 0x6139e482, 0x3d010100, 0x0505004d, 0x01086104, 0x04350404,
    0xb04b1b4e, 0x40585031, 0x2127881d, 0x19820500, 0x65040524, 0x2f870106, 0x1b4e0026, 0x01002340, 0x02231082, 0x8a690001, 0x04042328, 0x4b875905,
    0x5104052a, 0x1b405959, 0x0c0c1011, 0x73073450, 0x072005bc, 0x0125c982, 0x1609090b, 0x051d462b, 0x20057a52, 0x20f38205, 0x0a374d07, 0x241a012d,
    0x24242d2d, 0xeafe2e2e, 0x86f2e401, 0x8f012d0b, 0x2d23222d, 0x2d22232d, 0xd87272a9, 0x2e210782, 0x2a0f822e, 0x00020000, 0x02750028, 0x82d50100,
    0x32b34ff5, 0x7e837a82, 0xd8012823, 0x270382fe, 0x7a7a5b01, 0x007979e6, 0x01200082, 0x2c085782, 0x02000216, 0x00130035, 0x0db04ba4, 0x2a405850,
    0x02020300, 0x08007003, 0x71080707, 0x05020104, 0x02000101, 0x01066801, 0x00070700, 0x2d068257, 0x0a5f0700, 0x00070209, 0x4b1b4f07, 0x31820eb0,
    0x31822920, 0xa4850321, 0x28402130, 0x08212b87, 0x205b9d86, 0x127f4f59, 0x2b1f0627, 0x37333537, 0x24038223, 0x15330733, 0x2a038423, 0xa1283723,
    0x1ce3c120, 0x827f1c76, 0x1be42e07, 0x79751b76, 0x60607a6d, 0x5f796d7a, 0x2fe3855f, 0x01160032, 0x003202fe, 0xb3060006, 0x32010004, 0x25324582,
    0x15053525, 0xfe4c0132, 0x16cc01b4, 0x828c8c82, 0x2b8596c3, 0x2b822820, 0x2b86f420, 0x2b830320, 0x25292982, 0x01050515, 0x0134fef4, 0x242e82cc,
    0x96c3164c, 0x293182c3, 0x32000200, 0x05020000, 0x57824502, 0x28000a2e, 0x05062540, 0x01020304, 0x4a000700, 0x2910df6c, 0x0a070707, 0x03180a07,
    0x7b871706, 0x21350122, 0x57227f82, 0x5482a9fe, 0xd301342d, 0x64647b86, 0xfe9b927c, 0x836a6ae8, 0x00022287, 0x20438228, 0x225b86fb, 0x871f4022,
    0x4a01215b, 0x250f2568, 0x06021711, 0xa5862b18, 0x35211125, 0x84fb0121, 0x01a924a9, 0x822dfe57, 0x9b922758, 0x64647c92, 0x578afffe, 0x5002fe28,
    0x0f000b00, 0xb7466200, 0x431f2005, 0x002e09fa, 0x05010802, 0x67050206, 0x07060600, 0xc462095f, 0x25219c07, 0x594e0738, 0xbb761640, 0x8311200d,
    0x090a2200, 0x44ed821b, 0x05200930, 0xd631f282, 0xae7aaeae, 0x01d8feae, 0x75a492d6, 0xa475a5a5, 0x21f08392, 0xef82ffff, 0xe301822c, 0x26021802,
    0x9200d202, 0x05820601, 0x11006e28, 0xb80100b1, 0xa76592ff, 0x6eb02105, 0x08084b6e, 0xf0002844, 0xaa01e301, 0x6d001700, 0x446406b1, 0x502db04b,
    0x001b4058, 0x04000104, 0x03010559, 0x03000100, 0x04006901, 0x02620004, 0x04000206, 0x401b5200, 0x03050029, 0x04050304, 0x01020080, 0x00020100,
    0x2d840080, 0x82030021, 0x202c870c, 0x353f8206, 0x40595200, 0x15000113, 0x0d111314, 0x0708090b, 0x01170005, 0x93570717, 0x22252106, 0x0805956d,
    0x34231530, 0x16323336, 0x33161617, 0x14333532, 0x1f580106, 0x1319182c, 0x4b6b290d, 0x172d2041, 0x280e1515, 0x15f04b6b, 0x520c1c1a, 0x19186154,
    0x06820e18, 0x01000022, 0x4224e382, 0x4a01d801, 0x2208f369, 0x41860200, 0xf3690fcd, 0x18093308, 0x2135252b, 0x01112135, 0x01b6fe72, 0x65a342b0,
    0x4384f8fe, 0x017f0129, 0x00a102a5, 0x83270006, 0x1c4023fb, 0x65650105, 0x85002706, 0x01020203, 0x82667601, 0x06b1310b, 0x13134400, 0x27231333,
    0x8d782807, 0x52526c78, 0x22253e82, 0xc2c2defe, 0x39fa8200, 0x03550028, 0x00c90123, 0x0026001a, 0x404d0032, 0x181e304a, 0x0504040a, 0x47824c01,
    0x0501072f, 0x69050104, 0x0309060a, 0x04000004, 0x08088459, 0x61000427, 0x00020803, 0x28510004, 0x011b1c27, 0x272c2e00, 0x22322832, 0x1c261b20,
    0x0e141626, 0x0006080c, 0x0b1a011a, 0x071d7606, 0x32333624, 0x6d181716, 0x6d080d4c, 0x32270606, 0x26263736, 0x15062207, 0x32211614, 0x26343536,
    0x07062623, 0x50da1616, 0x36502c62, 0x26256443, 0x4f364660, 0x384f2a2c, 0x24276144, 0x4a252b64, 0x25491615, 0x012c2c24, 0x2a2a2488, 0x17492524,
    0x67554916, 0x30543653, 0x37363439, 0x35355431, 0x39333154, 0x2a6b3735, 0x012a2525, 0x2b24212d, 0x2c21212e, 0x25262a02, 0x00820029, 0x0d000139,
    0xb7016aff, 0x1200c602, 0x28402b00, 0x03000200, 0x69030201, 0x76000100, 0x5f2206db, 0x0c820104, 0x00014f2d, 0x090b0c0e, 0x12000204, 0x82051201,
    0x231723c1, 0xa9823337, 0xbe821320, 0x07172908, 0x03072223, 0x58650606, 0x1b1a2b0d, 0x55083e04, 0x250d5a44, 0x073f0638, 0x18799657, 0x411e021f,
    0x3778014d, 0x4d41e2fd, 0x02266f82, 0x00001300, 0x6f827902, 0x08000535, 0x31403400, 0x00020108, 0x02010101, 0x01044c02, 0x824b0102, 0x8500221c,
    0x09ab6900, 0xab690320, 0x05cb6a06, 0x04122008, 0x332b1706, 0x13331335, 0x03212515, 0xed8aef13, 0x730114fe, 0x4b027bb9, 0x7c7cb6fd, 0x8200cf01,
    0xff0b24aa, 0x829e026a, 0x000b2a5f, 0x0627402a, 0x00030205, 0x0b484203, 0x02020422, 0x4f202482, 0x2a0bba47, 0x172b1b06, 0x21352311, 0x83112315,
    0x6e793101, 0x946a9302, 0xdf029693, 0x21fd7d7d, 0x21fddf02, 0x01222c82, 0x9a821b00, 0x57840620, 0x34403725, 0x82020208, 0x824c20a3, 0x209f829d,
    0x20b58202, 0x0f235600, 0x03010424, 0x66860302, 0x14111225, 0x82190605, 0x273721b8, 0x21336582, 0x15210717, 0x0198981b, 0x9aa9feeb, 0x8057019a,
    0x8380e3e3, 0x01002303, 0xbb821500, 0x6382c720, 0x3200082a, 0x01032f40, 0x4c010003, 0x03247582, 0x80030002, 0x03214f82, 0x23658284, 0x00570102,
    0x5f247382, 0x02010200, 0x08255e83, 0x12110800, 0x245e8311, 0x13330317, 0x08c48213, 0x83980327, 0x018c5a8d, 0x9696ca3f, 0x9afef201, 0xfd7ad002,
    0x0002001e, 0x02f5ff25, 0x00d4020f, 0x00240018, 0x0b39403c, 0x25bc8201, 0x020f104c, 0xf2574a01, 0x3d5a181a, 0x07092609, 0x18011800, 0x73631806,
    0x33362e09, 0x2e171632, 0x1e372702, 0x06141503, 0x0bf45706, 0x16013d08, 0x383b6c4a, 0x41244365, 0x7649121d, 0x9d751a57, 0x703f285c, 0x373b324a,
    0x32363332, 0x486c3c0b, 0x163b6d49, 0x2c443412, 0x4c0f740e, 0x56619d76, 0x476a407a, 0x483f3651, 0x00483e3f, 0x42328e82, 0x1e026aff, 0x13001802,
    0xb04b9400, 0x40585013, 0xae820e0a, 0x05011226, 0x1b4c0203, 0x04200c87, 0x59200c82, 0x18221e85, 0x4a4c0102, 0x04612b07, 0x35030301, 0x0501064d,
    0x367b3905, 0x861c2008, 0x2819831f, 0x04010100, 0x04040061, 0x2023883e, 0x211e8940, 0x1e904d38, 0x2e064653, 0x22130013, 0x11231311, 0x2b1b0907,
    0x18331117, 0x080952db, 0x0627233a, 0x15272223, 0x29269642, 0x8996332e, 0x0d782902, 0xae02960d, 0x393ecafe, 0x2f013f3f, 0x6357e8fd, 0x05008b01,
    0xf8ff2500, 0xce021503, 0x0f000b00, 0x23001700, 0xd6002b00, 0x08053351, 0x010c2c26, 0x00010a04, 0x69000407, 0x09000700, 0x6a090708, 0x01050500,
    0x01010261, 0x0e4d3401, 0x03080801, 0x0b060d61, 0x26061f4d, 0x502fb04b, 0x92344058, 0x02022233, 0xc3a71834, 0x4d342308, 0xec83010b, 0x06293d83,
    0x06010d61, 0x4e063e06, 0x2036a61b, 0x88748438, 0x59592736, 0x24252b40, 0xcb491819, 0x27293105, 0x2b252b24, 0x23181d1f, 0x13152319, 0x17111710,
    0x240bd749, 0x2b16090f, 0x0ac74913, 0x3301032b, 0x35320301, 0x15222334, 0x0bef4914, 0x13862720, 0x5e48cb33, 0x5d48485e, 0xd801905d, 0x1428fe5c,
    0x01404040, 0x821284e4, 0x310c8316, 0x595a566e, 0x5a595757, 0x0292fe56, 0x013afdc6, 0x008264ba, 0x873efe21, 0x824c2015, 0x0064280d, 0xff250007,
    0x419504f8, 0x2f260a5b, 0x3f003700, 0x5f41f800, 0x10322405, 0x410e0401, 0x0928055f, 0x010d0701, 0x0b070a0b, 0x2d0b6141, 0x03130c14, 0x61030a0a,
    0x06110812, 0x854e050f, 0x05654105, 0x39943a20, 0x210d6741, 0x3182010f, 0x43854d20, 0x43830620, 0x6b410320, 0x203ca706, 0x273c9138, 0x3b405959,
    0x30313839, 0x2e097541, 0x3f383b3d, 0x33353f39, 0x37313730, 0x1824292b, 0x4108015f, 0x15201181, 0x20268141, 0x0aa54121, 0x8d412520, 0x41212006,
    0x01222195, 0xb1414839, 0x37fe2605, 0x01404040, 0x22a441c1, 0x200cac41, 0x20008264, 0x2f008200, 0x002a0001, 0x02980200, 0x000800c6, 0x0718401b,
    0x2705c249, 0x014a0007, 0x76000001, 0x23082082, 0x02080008, 0x212b1606, 0x01350711, 0x11271501, 0x01ee1801, 0xee370137, 0x99eee501, 0xc9fe3601,
    0x1dfeed99, 0x9c2b4786, 0xc7025302, 0x1f000800, 0x83081c40, 0x49002148, 0x080f3848, 0x02111126, 0x132b1806, 0x05372101, 0x01110711, 0xfe57012a,
    0xb7016caf, 0x01aafe6c, 0x6d570103, 0x6c48fe01, 0xabfe4f01, 0x29244f86, 0x9702f002, 0x302f4f82, 0x01072d40, 0x4c010100, 0x02010200, 0x46010485,
    0x00230e49, 0x45000100, 0x11300781, 0x19060511, 0x2137252b, 0x33272135, 0x20010101, 0xa9879d82, 0x92ee2927, 0xfec9feee, 0x262e82c9, 0x0201002a,
    0x822a0255, 0x4020225b, 0x20f2841d, 0x0c0f4b05, 0x01232282, 0x8310164f, 0x213721ac, 0x1124ee82, 0x30210317, 0x67209983, 0x6d2aa585, 0xfe675601,
    0x6c5101a9, 0x434149fe, 0x4015220e, 0x22fb8412, 0x82070203, 0x000032fe, 0x06011076, 0x33012b17, 0x01153711, 0x01173501, 0x25838518, 0xfec602ee,
    0x226bed1d, 0x82ee2005, 0x23938c42, 0x07244027, 0x05229483, 0x807e4a01, 0x20e88b0c, 0x3d558203, 0x03210725, 0x17011137, 0x6c4f0201, 0x6c0148fe,
    0xfe675801, 0x016c6daa, 0xaffe6cb7, 0x0b825701, 0x200e4741, 0x1bc76b2a, 0x03005f30, 0x114f0302, 0x04101211, 0x252b1a06, 0xc76b0123, 0xfa012105,
    0x012aa486, 0x291dfee5, 0x37013701, 0x568292ee, 0xef41af84, 0x40202207, 0x24f3821d, 0x01050001, 0x0f617449, 0x0212112f, 0x372b1806, 0x17251127,
    0x01070121, 0x2b9c8996, 0x016ca2ab, 0xfe6d01b8, 0x550167a9, 0x013c5082, 0x29002a00, 0x97021004, 0x2f000d00, 0x02092c40, 0x01020502, 0x0101034c,
    0x04850102, 0x00335a82, 0x05020086, 0x00570205, 0x5f050202, 0x05020500, 0x8312114f, 0x060622ac, 0x26ac871c, 0x01013327, 0x88213723, 0x240221b1,
    0x2107a142, 0xb985e0fd, 0xc9feee26, 0x00eec9fe, 0xff256b82, 0x0398023d, 0x286b8224, 0x050cb306, 0x132b3201, 0x07df4217, 0x01153725, 0x42ee2a01,
    0x2f8405e3, 0xec0d0134, 0x99ec1f02, 0xcafe3701, 0xdbfdee99, 0xcafe99ee, 0xff843701, 0x5d02ad2f, 0x1c00e701, 0x48404b00, 0x03010117, 0x36ab8216,
    0x0204011a, 0x04000119, 0x01184c04, 0x02004a03, 0x02010401, 0x4b008004, 0x002308c0, 0x82590400, 0x6100221d, 0x33248205, 0x00015100, 0x0d0f1315,
    0x0507090a, 0x1c011c00, 0x2b160606, 0x2407bd4b, 0x3e230706, 0x07be4b02, 0x27374308, 0x06271737, 0x23720106, 0x12070d47, 0x081f0f17, 0x4433096b,
    0x0b3d2a23, 0x1f161505, 0x16e54e22, 0xad501f51, 0x2722362e, 0x47301b1c, 0x1c333426, 0x6c2d3827, 0x3a312ffe, 0x2a000200, 0x70029d00, 0x83822302,
    0x3a000a2d, 0x01063740, 0x01050002, 0x82040203, 0x4c0322b1, 0x20208200, 0x200a8385, 0x0ad26d01, 0x25050a42, 0x090a0000, 0x36820708, 0x05110329,
    0x372b1706, 0x83113311, 0x15333487, 0xf5582a23, 0xf901d6d7, 0x86019df9, 0xb40f7afe, 0x836d7db3, 0x2e678b46, 0x092f4032, 0x0a010301, 0x04030201,
    0x82020001, 0x200d8267, 0x20258385, 0x0a237586, 0x02241882, 0x1112114f, 0x31067142, 0x35013311, 0x35333523, 0x57700217, 0xf9b3fe57, 0x6083d6fa,
    0x6d7d8927, 0x0000b37d, 0x37c78201, 0x026a0274, 0x001a00a7, 0x0102b568, 0x4c010205, 0x500bb04b, 0x00254058, 0x0230cd82, 0x00007201, 0x71000505,
    0x03000400, 0x67030401, 0x26092d42, 0x02050060, 0x851b5005, 0x01032327, 0x28828002, 0x97860021, 0x40592827, 0x26212609, 0x42101221, 0x27260558,
    0x33073337, 0xa6633632, 0x35212305, 0x96693221, 0x232a0806, 0xa9895c01, 0x97728aa7, 0x21213823, 0xdafe2338, 0x69412701, 0x41693f3f, 0xa8a97497,
    0x20351e71, 0x6c1f3421, 0x3f3f663b, 0xbb8d3c66, 0x19b56f23, 0x86a18201, 0x00262abb, 0x03030204, 0x01067204, 0x20958205, 0x21e58271, 0x25790402,
    0x0060240c, 0x82000300, 0x232884bc, 0x80030402, 0x05212983, 0x5c289786, 0x11210869, 0x25c48226, 0x2b1b0607, 0x64183725, 0x21210853, 0x062f6a15,
    0x33331634, 0x07173327, 0x97723801, 0x3e3e6a41, 0x2701416a, 0xc885dafe, 0x89729727, 0x7274a9a8, 0x2ab9833c, 0x341f6c3b, 0x1e352021, 0x85a9a871,
    0x02002dc3, 0x007b026b, 0x402c0008, 0x02010129, 0x01331382, 0x024c0202, 0x004a0001, 0x86010201, 0x02020000, 0x82005700, 0x5f240806, 0x02000200,
    0x1311114f, 0x2b190603, 0x17372725, 0x11231121, 0xe50f0123, 0x5c0101e4, 0xbeffec70, 0x0cfe87be, 0x7b463082, 0x20538805, 0x21458205, 0x45820106,
    0x01044c24, 0x2c424a01, 0x4b618205, 0x14220b67, 0x53831011, 0x11233333, 0x07173521, 0x6f992337, 0xe6e55c01, 0xf401ed01, 0x82548287, 0x8300207b,
    0x824b2053, 0x85c620a7, 0x820020a7, 0x84012053, 0x01022353, 0x0d834900, 0x9c828520, 0x6c020021, 0x638305b5, 0x0132a787, 0x21350717, 0x33113311,
    0xe5e68501, 0xed6fa4fe, 0x5282c701, 0xfef40123, 0x8353847a, 0x245383fb, 0x031d4020, 0x20118201, 0x0a1b4d86, 0x46825683, 0x04111128, 0x212b1a06,
    0x9c821727, 0x01304982, 0xfe7db3b7, 0x7dc401a9, 0x810101d8, 0x0011fe6e, 0x002a9b91, 0x02010801, 0x074c0200, 0x9b820201, 0x85010022, 0x20114341,
    0x21ef8311, 0x97821501, 0x21113708, 0x0f012707, 0xa4fe70ec, 0xc701e401, 0xfe860187, 0x00be870c, 0x00130002, 0x025f0300, 0x000600de, 0x4036000d,
    0x02030b33, 0x01054a04, 0x85040004, 0x03000101, 0x94788500, 0x0c0d2512, 0x0708090a, 0x062e3182, 0x06071112, 0x11332b18, 0x23010123, 0x65822511,
    0x3307273d, 0xa701e0f3, 0xfedda501, 0xbc61b6dd, 0x390162bd, 0x5bfea501, 0x016dc7fe, 0x85bcbc28, 0x011224c3, 0x82b602bc, 0xb3362e3d, 0x4a000103,
    0x501bb04b, 0x010d4058, 0x238b8201, 0x02010385, 0x2005776a, 0x250f890b, 0x0b405976, 0x6d850000, 0x18090436, 0x2311372b, 0x11231737, 0xc9c980aa,
    0xb3011280, 0x4efef2f1, 0xb5245785, 0xc6023c02, 0x2b082783, 0x010306b3, 0x01132b32, 0x27032527, 0x33012a01, 0x1e39015a, 0x01cdfe5a, 0x5b33011c,
    0x5bc7fe1c, 0x0100cdfe, 0x99002a00, 0x2b02ce02, 0x26232f82, 0x82032340, 0x4c01226e, 0x218e8202, 0x85460104, 0x10142211, 0x27778202, 0x17352113,
    0x2a213507, 0x01217285, 0x847f83ab, 0x02002447, 0x8912023b, 0x37252277, 0x22018201, 0x82020113, 0x01672167, 0x1d297182, 0x6733015b, 0xfe5bccfe,
    0x82ff8fc7, 0x4a492075, 0x0d2305dc, 0x82020203, 0x0086274c, 0x01340101, 0xf1821b4e, 0x01000123, 0x20148385, 0x21ff8900, 0xff831211, 0x27070128,
    0x11331133, 0xff82bc01, 0x04019229, 0xb301f1f2, 0x48004efe, 0x8b870847, 0x322dc882, 0x1305252b, 0x01170117, 0xc7fe6301, 0x2585841c, 0x011e1ecd,
    0x8f835a39, 0x24050341, 0x02ce029b, 0x0503412d, 0x03410120, 0x47848208, 0x132d1189, 0x2b180902, 0x15372725, 0x01211521, 0x2e75851c, 0x81c9c99b,
    0x00010091, 0x02b4002a, 0x82c5023b, 0xb3063147, 0x32010105, 0x0503132b, 0x01070107, 0x38011d47, 0x01246c85, 0x1c39018c, 0x84051041, 0x038d2c2f,
    0x0020023e, 0x40290009, 0x76010626, 0x022605f9, 0x074a0002, 0x7e410200, 0x087a8912, 0x07173521, 0x1b012135, 0x3101f2f1, 0xcdfef0f1, 0x81c9ca8d,
    0x81cac981, 0x00010000, 0x01d7ff2a, 0x82eb02bc, 0x40232653, 0x01010620, 0x21ce824a, 0x04820249, 0x0485012c, 0x00000203, 0x00000076, 0xe4180009,
    0x25230744, 0x42332707, 0x01250547, 0x80c9c9bc, 0x20038280, 0x825587c8, 0x2a4f8428, 0x021c03f4, 0x001300d6, 0x82154018, 0x7c01200f, 0x01280553,
    0x00090b00, 0x03130113, 0x2912e872, 0x8950a301, 0x67393967, 0x07865089, 0x63370c32, 0x87515086, 0x63373763, 0x86505187, 0x02003763, 0x5787a782,
    0x31002323, 0x1ba76740, 0x01141523, 0x0b076a00, 0x6b05b44f, 0x08610f31, 0x2682900d, 0x43744850, 0x84487443, 0x328e9005, 0x48714176, 0x41417249,
    0x71484972, 0x00100041, 0x8205002a, 0xe5ae08f3, 0x0e000700, 0x1c001600, 0x2b002300, 0x37003100, 0x43003d00, 0x52004b00, 0x61005900, 0x70006800,
    0x79407c00, 0x0e10131a, 0x0106010a, 0x30343500, 0x282b2d2f, 0x1e202127, 0x0e14191c, 0x666d0102, 0x56595b5e, 0x4d505155, 0x4247484b, 0x113d3f41,
    0x686e0304, 0x05045f65, 0x0b4c0404, 0x064a0001, 0x03010201, 0x80030201, 0x01040300, 0x007e0403, 0x02010000, 0x00690100, 0x04050504, 0x04040059,
    0x01076105, 0x51050405, 0x32326969, 0x70697069, 0x3a3b6a6b, 0x37323732, 0x06081311, 0x27012b18, 0x15333636, 0x26170622, 0x16163727, 0x0e820517,
    0x06173724, 0x0e830506, 0x0c850d83, 0x0e821c88, 0x82340521, 0x05152529, 0x14373526, 0x05212086, 0x843c8c26, 0x204a893b, 0x241d8407, 0x32351717,
    0x083d8236, 0x6b010667, 0x13241211, 0x1a931c0e, 0x24130e1d, 0x30d7fe11, 0x2111210f, 0x5f011a0d, 0x1e2e1716, 0x490bfe1c, 0x0a3e1b14, 0x05f30112,
    0x0b47080f, 0x8afd0713, 0x510f0656, 0x0639020b, 0x16fd0855, 0x02075708, 0x050b5078, 0x5ffd0655, 0x5108130a, 0x01080e05, 0x110a3df9, 0xfe144908,
    0x3c1c1e10, 0x010c160a, 0x190e212c, 0x2055820b, 0x085e82e1, 0x1d1a2051, 0x0f1b0f31, 0x02241210, 0x0403548a, 0x090c0356, 0x09045507, 0x0b487307,
    0x06500711, 0x0f14220d, 0x741a1349, 0x3d1b1e30, 0x0d32150b, 0x0f330b18, 0x0f641120, 0x1a202126, 0x121b1d49, 0x25572425, 0x1a1e0124, 0x1a1c204b,
    0x0f6f260f, 0x82231021, 0x825f2023, 0x300c2a2b, 0x1a13531e, 0x0812093f, 0x24468262, 0x110a4808, 0x26568224, 0x55060a51, 0x82020356, 0x02003769,
    0x00002a00, 0x84022902, 0x09000500, 0x1e402100, 0x04070809, 0x79550501, 0x37491808, 0x05340807, 0x03120500, 0x332b1706, 0x13331303, 0x37170303,
    0xa9a9d327, 0xc7a9a9ad, 0x01707071, 0xfe420142, 0x01befebe, 0xd5d5d542, 0x01000000, 0x00001300, 0xc6024603, 0x15245d82, 0x01011240, 0x3209194e,
    0x02020002, 0x332b1606, 0x01130101, 0x029a0199, 0x833afdc6, 0xff4a262f, 0x021003ff, 0x212f82c8, 0x7a82b306, 0x172b322c, 0x024a0111, 0xc90201c6,
    0x835c9cfe, 0x2c032106, 0x0f244f84, 0x01020c40, 0x270a254d, 0x07012103, 0x66fe3303, 0x2b824985, 0xff190025, 0x86df02ff, 0x00022b4b, 0x052b3201,
    0xdf020101, 0x4e823afd, 0x01650123, 0x209f8264, 0x269f8a02, 0x40240005, 0x53010521, 0x00230549, 0x82005701, 0x06837cad, 0x04000024, 0xb0820003,
    0xb0850320, 0x03212522, 0xfd24b384, 0xd8ad0190, 0x7b236e83, 0x82007f01, 0x28bb891f, 0xb5080005, 0x00010305, 0x22bf8402, 0x82252505, 0xa2fd25c2,
    0x8cfe7401, 0xbb22c884, 0x2f82babb, 0x00f9ff23, 0x26cb8600, 0x40230005, 0x44020420, 0x02300dfd, 0x01000101, 0x0303034f, 0x10050305, 0x2b170603,
    0x0322e182, 0xe4841313, 0x84d5d621, 0x4b022378, 0x7b8581fe, 0x7b83eb89, 0x02030422, 0x05257b83, 0x11030101, 0x23f28505, 0x018dfe69, 0xfd23f583,
    0x827501e1, 0xff00327d, 0x022500ff, 0x025e0150, 0x030602e3, 0x00000013, 0x2f0f8202, 0x028b0157, 0x000300d0, 0xb1320007, 0x40446406, 0x255f4c18,
    0x2b17092b, 0x440006b1, 0x15333513, 0x26038233, 0x8f488f25, 0x82795702, 0x01002100, 0x5a245382, 0xd202c000, 0x46185382, 0x4583266b, 0x029b2525,
    0x8278785a, 0x243f8393, 0x02f10056, 0x2a3faae9, 0x7f173327, 0x023b915a, 0x84939356, 0x824f207f, 0xaae3203f, 0x33372c3f, 0x913b2507, 0x944f025a,
    0x82ffff94, 0x014f28bf, 0x02e302a2, 0x820e0326, 0x8207208f, 0x82b12005, 0x00012607, 0x00a80132, 0x1fe36cd0, 0x0333132c, 0x36811d32, 0x1e01a801,
    0x3682e2fe, 0x012d8f85, 0x00e80275, 0xb12e0006, 0x40446406, 0x08db5823, 0x57000122, 0x01282282, 0x0202035f, 0x4f010001, 0x3210e258, 0x23173337,
    0x60250727, 0x3f696090, 0x994f023f, 0x8c595999, 0x8429204f, 0x021e2d4f, 0x01000201, 0x0001014c, 0x57000202, 0x00220682, 0x504b5f02, 0x10122405,
    0x41190903, 0x332105a8, 0x21e48217, 0x47822523, 0x90606927, 0x5959e802, 0x206d8299, 0x070f4201, 0x000d0023, 0x204b8431, 0x05404f26, 0x00223e82,
    0x4f835902, 0x82046121, 0x51002356, 0xb0180001, 0x05210989, 0x05cb7109, 0x78221321, 0x062b0978, 0x5446c206, 0x25035703, 0x82241e1e, 0x02542a06,
    0x23464d50, 0x46231e1e, 0x8266824d, 0x02252a4d, 0x03f2003f, 0x000b000a, 0x22af6e17, 0x010c0d29, 0x0c111300, 0x5e170d17, 0x06200574, 0x35257189,
    0x32333634, 0xc7551816, 0x26210807, 0x15062223, 0x2c8c1614, 0x2b2c3b3b, 0x102b3b3b, 0x11101515, 0x3f021515, 0x3a2c2b3a, 0x3a2b2c3a, 0x230f8440,
    0x00151011, 0x5324eb83, 0xe8027b01, 0x8f208182, 0x20055f5b, 0x1f5f5b22, 0x2db04b22, 0x1f262282, 0x05030500, 0x595b0085, 0x5b002008, 0x23201086,
    0x02232185, 0x92860200, 0x01063326, 0x52000400, 0x13405959, 0x14150001, 0x0c0e1012, 0x815b090a, 0x5b01200d, 0x06220681, 0xde832307, 0x16173108,
    0x37363233, 0x01060633, 0x13211809, 0x0f0a110c, 0x3b4b0215, 0x17252d33, 0x0214100f, 0x023b014a, 0x09110d58, 0x411f1609, 0x17121e4d, 0x004e4220,
    0x01280082, 0x5f022500, 0xcd025001, 0x2c2af742, 0x25152135, 0x5f022b01, 0x00006e6e, 0x313f8201, 0x03b80050, 0x0006001c, 0x6406b155, 0x0101b544,
    0x76180102, 0x172007e7, 0x01222082, 0xc6587000, 0x03602109, 0x02241d82, 0x16401b50, 0x00211982, 0x4b189085, 0xc24a08c2, 0x052c4405, 0x0733372f,
    0x3b251533, 0x02233458, 0x58646850, 0x83b68274, 0x03ff2577, 0xcfffb800, 0x05217788, 0x05246701, 0x58500e24, 0x66821740, 0x02000023, 0x0f175471,
    0x19837782, 0x1811695c, 0x830e4255, 0x37173477, 0x15333523, 0x23342507, 0x58fd3b82, 0xff636974, 0x852500ff, 0x06022373, 0x84821803, 0xff29fb82,
    0x00240118, 0x0016000a, 0x34fb833f, 0x0e113440, 0x04030202, 0x02010203, 0x03004c02, 0x03010200, 0x0a5b5b02, 0x82046121, 0x51002da3, 0x0f100001,
    0x06080c0d, 0x16011600, 0x23071543, 0x27262217, 0x21080376, 0xf2822723, 0x16162908, 0xa5061415, 0x420d4132, 0x16171c08, 0x2928191a, 0x321b5621,
    0x2ee84a2e, 0x13131c25, 0x15121113, 0x05293727, 0x34362535, 0x28070f41, 0x00010127, 0x00140018, 0x218b8433, 0x6c821228, 0x114c0127, 0x01030708,
    0xbb52184a, 0x0e102612, 0x14011400, 0x06234303, 0x35267f82, 0x37373634, 0xb8670717, 0x37260806, 0x96060617, 0x131f3c35, 0x0f1e6421, 0x1b0a1011,
    0x3d0e1c12, 0x1f292cd9, 0x182c1839, 0x0d1e1428, 0x4c0d0d0c, 0x7b850f0b, 0x19016526, 0x7001c101, 0x272d4342, 0x015c0165, 0x00575719, 0x14269b82,
    0xe002ee01, 0x3fad5d02, 0xcc021426, 0x6f6fee01, 0x28263f83, 0x58011d01, 0x3f82f701, 0x02b30632, 0x2b320100, 0x15253513, 0x01300128, 0x6278621d,
    0x28265f82, 0x1602f0ff, 0x1f822402, 0x06b11f27, 0x14404464, 0x18148200, 0x3210df51, 0x440006b1, 0x01330117, 0x5f8f0128, 0x021071fe, 0x82ccfd34,
    0x01652626, 0x01f7010d, 0x1ec76380, 0x82170921, 0x15212873, 0x01920165, 0x8473730d, 0xfe002593, 0x11028d01, 0x37209389, 0x65249384, 0x67ad66fe,
    0x93821f84, 0xd602a022, 0x2e201f82, 0x2105da4d, 0x0619000c, 0x0a200c27, 0x5921a389, 0x820c8240, 0x18032028, 0x08088652, 0x08022826, 0x10f8fd70,
    0x1afde602, 0x00020000, 0x014f0225, 0x00de0289, 0x0017000b, 0x0cb04b7b, 0x0f405850, 0x03040205, 0x61274282, 0x01010103, 0x624e0034, 0x1523069e,
    0x82010103, 0x82592015, 0x00012206, 0x22238461, 0x82510001, 0x9315201c, 0x95402033, 0x5959242e, 0x45134059, 0x0a5a136d, 0x0bb17f0b, 0x27226e24,
    0x03822227, 0x0786b020, 0x264f0229, 0x27272121, 0x87262121, 0x08f34607, 0x84bc0021, 0x856520c7, 0x020c21c5, 0x6121ad83, 0x20c28b00, 0x10cc4211,
    0x2c8dbe86, 0x27914020, 0x0b20b783, 0x0b525318, 0x7027af8b, 0x212a2a21, 0x892a2a22, 0x2193829b, 0xeb48ffff, 0x03062308, 0x0b49000b, 0x05a74805,
    0x0c030622, 0x77480f86, 0x03062205, 0x480f860d, 0x06220547, 0x0f870e03, 0x02a20124, 0x174800e3, 0x2057840c, 0x05df474f, 0x88110321, 0x02752627,
    0x030600e8, 0x220f8612, 0x825e0150, 0x03062237, 0x470f8613, 0x0622050b, 0x0f861403, 0x22059746, 0x86150306, 0x05c7450f, 0x16030622, 0x9b440f85,
    0x03062206, 0x440f861a, 0x0622051f, 0x6f881b03, 0xde028922, 0x23206f82, 0xbc20b788, 0x24200f84, 0x0128f882, 0xb6013900, 0xc602c900, 0x2c2a9343,
    0x39033313, 0x0137731d, 0xfe1001b6, 0x755384f0, 0x062207df, 0x5384b202, 0x53822720, 0x53829b20, 0x2c000528, 0x446406b1, 0x4b502140, 0x10216405,
    0x05242c82, 0x03120500, 0x2e072f4a, 0x15333527, 0x740e3507, 0xbcb6010d, 0x84bc5454, 0x1825204b, 0x4f086b78, 0x77182977, 0xdf790f65, 0x02002110,
    0x0c134318, 0x7a21774f, 0x774f0bad, 0x0da97a15, 0x20684118, 0x21484118, 0x1628fd82, 0x03000e01, 0x09040100, 0xa6200b82, 0x0b850382, 0x0a000124,
    0x1786a600, 0x08000224, 0x0b86b000, 0x2a000324, 0x0b86b800, 0x14000424, 0x0b86e200, 0x54000524, 0x0b86f600, 0x14000624, 0x0b864a01, 0x90000824,
    0x0b865e01, 0x60000924, 0x0b86ee01, 0x30000b24, 0x0b864e02, 0x0b8a0c20, 0x22010d24, 0x17867e02, 0x36000e24, 0x0b85a003, 0x00000125, 0x86d60312,
    0x219b820b, 0x0b86e803, 0x0a000224, 0x0b86f203, 0x0b820320, 0x0b86fc20, 0x0a000424, 0x0b860604, 0x0b820520, 0x0b861020, 0x14000624, 0x0b861a04,
    0x16000724, 0x0b862e04, 0x0b820820, 0x43004438, 0x70006f00, 0x72007900, 0x67006900, 0x74006800, 0x32002000, 0x03823000, 0x09823420, 0x11825420,
    0x07826520, 0x65004722, 0x73201f82, 0x50201d84, 0x6f222b82, 0x11826a00, 0x0f846320, 0x75004122, 0x68200782, 0x72224782, 0x2b827300, 0x45842820,
    0x55827420, 0x3a007324, 0x01822f00, 0x3b826720, 0x15827420, 0x62007526, 0x63002e00, 0x6d202982, 0x76201582, 0x72204182, 0x65220d82, 0x23846c00,
    0x2d226187, 0x21826600, 0x53826e20, 0x91822e20, 0x07826920, 0x89002921, 0x8242207f, 0x006c241b, 0x82310064, 0x00342249, 0x24078230, 0x0056003b,
    0x22c78252, 0x8a3b004c, 0x002d2127, 0x3b892987, 0x13882020, 0x7b845620, 0x97827320, 0x6e006f22, 0x4d8bb382, 0x71822020, 0x83827420, 0xd7846120,
    0xb7826f20, 0x23826920, 0x25827420, 0x76002822, 0x38207784, 0x2e267b84, 0x2d003700, 0x8b823500, 0xd7823520, 0x7b89a38b, 0x61004224, 0x6b827300,
    0x03826d20, 0x7320d185, 0x75205d82, 0x69203382, 0x2c20c782, 0x89855382, 0x1f826320, 0x83006c21, 0x8241200f, 0x0064246b, 0x82e90072, 0x41af8337,
    0x61200597, 0x69208184, 0x47202184, 0x69209782, 0x6f204182, 0x46203d82, 0x72203782, 0x65222d82, 0x05827900, 0x1f846120, 0x73824d20, 0x17827420,
    0x5a201f83, 0x72200b82, 0x67200382, 0x7a206d82, 0x8fa10782, 0x5f9b7fa1, 0xdd826820, 0x200bf941, 0x26ff9c62, 0x0054002f, 0x84690068, 0x414620e9,
    0x202206f3, 0x09825300, 0x47826620, 0xbb847720, 0xe5826520, 0x6c202185, 0x63202982, 0x6e20d782, 0x65202f82, 0x2024ff82, 0x6e007500, 0x65200782,
    0x2020f982, 0x68202f82, 0x3d831b82, 0x4c004922, 0x4f223382, 0x2b847000, 0x89002021, 0x8c4c2059, 0x097d4141, 0x220d0742, 0x422e0031, 0x779306f9,
    0xaf862020, 0x76006122, 0x69229f82, 0x05826c00, 0x05826220, 0x7720a783, 0x2006e742, 0x83138220, 0x00412277, 0x20498251, 0x209b8261, 0x4107823a,
    0x6f200f1b, 0xed42a186, 0x22df8d07, 0x826f002e, 0x059143d7, 0xa50b5141, 0x824e2035, 0x8220203d, 0x00612277, 0x839b8269, 0x8241208f, 0x82742007,
    0x00612185, 0x6c200987, 0x52200988, 0x49200988, 0x47200988, 0x61200988, 0x72208782, 0x77244f82, 0x52007300, 0x75410782, 0x82642007, 0x8264204d,
    0x8874200f, 0x006e2829, 0x006d0075, 0x82650062, 0x00732331, 0x00840002, 0x009cff23, 0x8e088432, 0x39032104, 0x24281082, 0x0201c900, 0xc7000301,
    0x86083582, 0x010401ad, 0x00630005, 0x009000ae, 0x00260025, 0x00ff00fd, 0x01060164, 0x01270007, 0x00090108, 0x002800e9, 0x000a0165, 0x01ca00c8,
    0x01cb000b, 0x010d010c, 0x000f010e, 0x002a0029, 0x011001f8, 0x01120111, 0x01140113, 0x012b0015, 0x00170116, 0x0018012c, 0x00cd00cc, 0x00fa00ce,
    0x011901cf, 0x001b011a, 0x011c012d, 0x012e001d, 0x001f011e, 0x0120012f, 0x00220121, 0x003000e2, 0x01230131, 0x00250124, 0x82260166, 0xd0120ead,
    0x6700d100, 0x2701d300, 0x91002801, 0xb000af00, 0xed003300, 0x35003400, 0x2a012901, 0x36002b01, 0xe4002c01, 0x2d01fb00, 0x2f012e01, 0x30013700,
    0x32013101, 0x38003301, 0x3401d400, 0x6800d500, 0x3501d600, 0x37013601, 0x39013801, 0x3a003900, 0x3b013a01, 0x3d013c01, 0x3c003b00, 0x3e01eb00,
    0x3f01bb00, 0x3d004001, 0xe6004101, 0x43014201, 0x45014401, 0x47014601, 0x49014801, 0x4b014a01, 0x4d014c01, 0x4f014e01, 0x51015001, 0x53015201,
    0x55015401, 0x57015601, 0x59015801, 0x5b015a01, 0x5d015c01, 0x5f015e01, 0x61016001, 0x63016201, 0x65016401, 0x67016601, 0x69016801, 0x69004400,
    0x6b016a01, 0x6c006b00, 0x6c016a00, 0x6e006d01, 0xa0006d00, 0x46004500, 0x0001fe00, 0x6e016f00, 0x47006f01, 0x01017001, 0x4800ea00, 0x71017000,
    0x73007200, 0x71007201, 0x74017301, 0x76017501, 0x4a004900, 0x7701f900, 0x79017801, 0x7b017a01, 0x4b007c01, 0x7e017d01, 0xd7004c00, 0x76007400,
    0x7f017700, 0x80017500, 0x82018101, 0x4d008301, 0x85018401, 0x4e008601, 0x88018701, 0x89014f00, 0x8b018a01, 0x5000e300, 0x8c015100, 0x8e018d01,
    0x8f017800, 0x79005200, 0x7c007b00, 0x90017a00, 0xa1009101, 0xb1007d00, 0xee005300, 0x55005400, 0x93019201, 0x56009401, 0xe5009501, 0x9601fc00,
    0x89009701, 0x98015700, 0x9a019901, 0x58009b01, 0x9c017e00, 0x81008000, 0x9d017f00, 0x9f019e01, 0xa101a001, 0x5a005900, 0xa301a201, 0xa501a401,
    0x5c005b00, 0xa601ec00, 0xa701ba00, 0x5d00a801, 0xe700a901, 0xab01aa01, 0xad01ac01, 0xaf01ae01, 0xb101b001, 0xb301b201, 0xb501b401, 0xb701b601,
    0xb901b801, 0xbb01ba01, 0xbd01bc01, 0xbf01be01, 0xc101c001, 0xc301c201, 0xc501c401, 0xc701c601, 0xc901c801, 0xcb01ca01, 0xcd01cc01, 0xcf01ce01,
    0xd101d001, 0xd301d201, 0xd501d401, 0xd701d601, 0xd901d801, 0xdb01da01, 0xc100c000, 0x9d00dc01, 0xdd019e00, 0xdf01de01, 0xe101e001, 0xe301e201,
    0xe501e401, 0xe701e601, 0xe901e801, 0xeb01ea01, 0xed01ec01, 0xef01ee01, 0xf101f001, 0xf301f201, 0xf501f401, 0xf701f601, 0xf901f801, 0xfb01fa01,
    0xfd01fc01, 0xff01fe01, 0x01020002, 0x03020202, 0x05020402, 0x07020602, 0x09020802, 0x0b020a02, 0x0d020c02, 0x0f020e02, 0x11021002, 0x13021202,
    0x15021402, 0x17021602, 0x19021802, 0x1b021a02, 0x1d021c02, 0x1f021e02, 0x21022002, 0x23022202, 0x25022402, 0x27022602, 0x29022802, 0x2b022a02,
    0x2d022c02, 0x2f022e02, 0x31023002, 0x33023202, 0x35023402, 0x37023602, 0x39023802, 0x3b023a02, 0x3d023c02, 0x3f023e02, 0x41024002, 0x43024202,
    0x45024402, 0x47024602, 0x49024802, 0x4b024a02, 0x4d024c02, 0x4f024e02, 0x51025002, 0x53025202, 0x55025402, 0x57025602, 0x59025802, 0x5b025a02,
    0x5d025c02, 0x5f025e02, 0x61026002, 0x63026202, 0x65026402, 0x67026602, 0x69026802, 0x6b026a02, 0x6d026c02, 0x6f026e02, 0x9b007002, 0x13007102,
    0x15001400, 0x17001600, 0x19001800, 0x1b001a00, 0x72021c00, 0x74027302, 0x76027502, 0x78027702, 0x7a027902, 0x7c027b02, 0x7e027d02, 0x80027f02,
    0x82028102, 0x84028302, 0x86028502, 0x88028702, 0x8a028902, 0x8c028b02, 0x8e028d02, 0x90028f02, 0x92029102, 0x94029302, 0x96029502, 0x98029702,
    0x9a029902, 0x9c029b02, 0x9e029d02, 0xa0029f02, 0xa202a102, 0xa402a302, 0xbc00a502, 0xa602f400, 0xf500a702, 0xa802f600, 0xaa02a902, 0xac02ab02,
    0xae02ad02, 0xb002af02, 0xb202b102, 0xb402b302, 0xb602b502, 0xb802b702, 0xba02b902, 0xbc02bb02, 0xbe02bd02, 0xc002bf02, 0xc1020300, 0xc302c202,
    0x1100c402, 0x1d000f00, 0xab001e00, 0xa3000400, 0xa2002200, 0x8700c300, 0xc5020d00, 0x12000600, 0xc6023f00, 0xc802c702, 0xca02c902, 0xcc02cb02,
    0xce02cd02, 0xd002cf02, 0xd202d102, 0xb2001000, 0x4200b300, 0x0b00d302, 0x5e000c00, 0x3e006000, 0xd4024000, 0xd602d502, 0xd802d702, 0xda02d902,
    0xdc02db02, 0xde02dd02, 0xe002df02, 0xc400e102, 0xb400c500, 0xb600b500, 0xa900b700, 0xbe00aa00, 0x0500bf00, 0xa6000a00, 0xe302e202, 0xe502e402,
    0xe702e602, 0xe902e802, 0x09002300, 0x86008800, 0x8a008b00, 0x8c00ea02, 0xeb028300, 0x5f00ec02, 0x8200e800, 0xed02c200, 0xef02ee02, 0x8400f002,
    0x0700bd00, 0xf202f102, 0xf402f302, 0x8500f502, 0x0e009600, 0xf000ef00, 0x2000b800, 0x21008f00, 0x95001f00, 0x93009400, 0x6100a700, 0x4100a400,
    0x9c009200, 0x9a00f602, 0xa5009900, 0xf7029800, 0xc6000800, 0xf902f802, 0xfb02fa02, 0xfd02fc02, 0xff02fe02, 0x01030003, 0x03030203, 0x05030403,
    0x07030603, 0x09030803, 0x0b030a03, 0x0d030c03, 0x0f030e03, 0x11031003, 0x13031203, 0x15031403, 0x17031603, 0x19031803, 0x1a03b900, 0x1c031b03,
    0x1e031d03, 0x20031f03, 0x22032103, 0x24032303, 0x26032503, 0x28032703, 0x2a032903, 0x2c032b03, 0x2e032d03, 0x30032f03, 0x32033103, 0x34033303,
    0x36033503, 0x38033703, 0x3a033903, 0x3c033b03, 0xdc008e00, 0x8d004300, 0xd800df00, 0xdb00e100, 0xd900dd00, 0xde00da00, 0x3d03e000, 0x3f033e03,
    0x41034003, 0x43034203, 0x72624106, 0x07657665, 0x30696e75, 0x07444331, 0x63616d41, 0x076e6f72, 0x6f676f41, 0x0b6b656e, 0x72696343, 0x666d7563,
    0x0a78656c, 0x746f6443, 0x65636361, 0x4406746e, 0x25826163, 0x72250682, 0x0674616f, 0x210d8445, 0x1f88450a, 0x86450721, 0x85452046, 0x235e8346,
    0x43424531, 0x38236685, 0x84470646, 0x470b2131, 0x1a855d89, 0x0a323223, 0x82458947, 0x45312394, 0x1a853032, 0x04344528, 0x72616248, 0x3389480b,
    0x4a490224, 0x69864907, 0x69854920, 0x74490627, 0x65646c69, 0x293a820b, 0x41343030, 0x31303330, 0x658f4a0b, 0x85384521, 0x36332a52, 0x63614c06,
    0x06657475, 0x868f844c, 0x06422215, 0x2015854e, 0x35158a4e, 0x45033534, 0x4f0d676e, 0x676e7568, 0x6d757261, 0x7475616c, 0x7c854f07, 0x85520621,
    0x8a52202f, 0x3635232f, 0x15845306, 0x8e530b21, 0x3132217e, 0x31257e84, 0x04453945, 0x21d18254, 0x368a5406, 0x84323621, 0x31322b84, 0x62550641,
    0x65766572, 0x718c550d, 0x71855520, 0x85550721, 0x550527ee, 0x676e6972, 0xf4845506, 0x85570621, 0x89572070, 0x57093270, 0x72656964, 0x73697365,
    0x72675706, 0x0b657661, 0x211c8959, 0x12845906, 0x23059c41, 0x5a063846, 0x0a213e84, 0x0c80415a, 0x38374133, 0x6e750f42, 0x33313069, 0x6f6c2e42,
    0x414d6c63, 0x210f8548, 0x0f873534, 0x2e520627, 0x34307373, 0x0506410b, 0xd4840b86, 0x0c200b84, 0x35213e84, 0x210c8436, 0x06834906, 0x490b3522,
    0x0b846c84, 0x89491021, 0x21108493, 0xb587490e, 0x0f210e84, 0x84918849, 0x490b210f, 0x0b84b784, 0xff410c20, 0x410c8606, 0x0c840515, 0x09420b20,
    0x210b8405, 0x06834706, 0x470b3627, 0x76657262, 0x200b8465, 0x0a7b4210, 0xa5851084, 0x84323221, 0x420f200c, 0x1c880985, 0x32453123, 0x210c8430,
    0x9e8b410e, 0x430f3821, 0x1e830917, 0x450e3822, 0x16431e8d, 0x8e1e8409, 0x8d38205a, 0x8e3820ec, 0x0e3822ec, 0x214d8c4f, 0x0e8d550e, 0x8408df41,
    0x590e215b, 0x0f201d8c, 0x8409ca41, 0x4113201e, 0x13840d57, 0x5c411420, 0x8e14850e, 0x2a1484fe, 0x495f4108, 0x696c642e, 0x86550867, 0x61062108,
    0x220b3c44, 0x42610745, 0x6120069c, 0x21058641, 0xd741630b, 0x630a2109, 0x2808c341, 0x61636406, 0x066e6f72, 0x21068465, 0x1888650a, 0x86650721,
    0x4465203f, 0x442a0c35, 0x696e7507, 0x39353230, 0x35446706, 0x43672005, 0x31240e50, 0x670a3332, 0x230cb442, 0x31324531, 0x31293584, 0x68043545,
    0x0b726162, 0x2b338968, 0x6c2e6909, 0x546c636f, 0x69074b52, 0x69207086, 0x06297085, 0x6c697469, 0x69026564, 0x223c846a, 0x44373332, 0x36200547,
    0x20054744, 0x21778f6a, 0x27843945, 0x3733312b, 0x63616c06, 0x06657475, 0x0aca436c, 0x06433323, 0x2015856e, 0x27158a6e, 0x65033634, 0x6f0d676e,
    0x200cd543, 0x2187856f, 0x2f857206, 0x2f8a7220, 0x06373523, 0x21158473, 0x7e8e730b, 0x39313224, 0xdb827404, 0x8a740621, 0x3336212e, 0x322b9284,
    0x75064231, 0x76657262, 0x8c750d65, 0x85752069, 0x75072169, 0x0527f185, 0x6e697275, 0x84750667, 0x770621f7, 0x77206885, 0x09216889, 0x083f4477,
    0x72677727, 0x0b657661, 0x211c8979, 0x12847906, 0x22063f44, 0x447a0639, 0x7a20053f, 0x230c8a41, 0x43383741, 0x21052f44, 0x3f444333, 0x4436200e,
    0x6127083f, 0x3073732e, 0x44610b31, 0x0b820813, 0x2008aa43, 0x05994331, 0x84454321, 0x61102124, 0x220d2c44, 0x42610e31, 0x38820bf3, 0x21081c44,
    0x90420c31, 0x20388406, 0x0695420c, 0x0a210c84, 0x84f78361, 0x610b210a, 0x0b84fc84, 0x88840620, 0x888a3220, 0x88880b82, 0x888b3220, 0x888f3220,
    0x888d3220, 0x88883882, 0x888b3220, 0x7b410c82, 0x20718305, 0x82888932, 0x22888830, 0x836c0632, 0x0b33211d, 0x86055642, 0x0851450b, 0x88853320,
    0x86433321, 0x6c732418, 0x84687361, 0x21838d0b, 0x75430f38, 0x059a4409, 0x1f446520, 0x097b430d, 0x43059a44, 0x0f840945, 0x84690621, 0x690e2106,
    0x0e20358c, 0x84083f43, 0x430c201d, 0x0c84063c, 0x6a690722, 0x06200784, 0x0e210685, 0x20398d6f, 0x420e8d75, 0x3384085c, 0x8c790e21, 0x420f201d,
    0x1e840947, 0xe7411320, 0x2013920d, 0x2c138432, 0x665f6608, 0x67696c2e, 0x5f740861, 0x27088474, 0x696e7507, 0x30313430, 0x31200786, 0x69470786,
    0x31342105, 0x21053143, 0x07863034, 0x27863920, 0x1f873920, 0x2f863420, 0x07853520, 0x1f863020, 0x47873020, 0x17853620, 0x86373121, 0x86382007,
    0x051c4407, 0x44303421, 0x342205bf, 0x17854131, 0x05493020, 0x31342205, 0x200f8542, 0x870f8731, 0x86452027, 0x85462017, 0x06ff4807, 0xd1443420,
    0x32342106, 0x32209786, 0x3020af86, 0x32202f86, 0x3220a786, 0x3220a786, 0x32209786, 0x32209786, 0x32209786, 0x5f879787, 0x32207f86, 0x32208f86,
    0x2787a787, 0x57860f87, 0x67873020, 0x3020af86, 0x30206786, 0x30206786, 0x30206786, 0x9f874f87, 0x30206f86, 0xe948bf86, 0x36342106, 0x37205f86,
    0x37201786, 0x39205f86, 0x39205786, 0x41201f86, 0x41201f86, 0x42214f86, 0x051f4130, 0x17864220, 0x2f864220, 0x2f864220, 0x1f864320, 0x8f864420,
    0x27864520, 0x2f06fc49, 0x0c454534, 0x30696e75, 0x2e363034, 0x35307373, 0x37200c86, 0x43210c8a, 0x210c8a30, 0x0c833130, 0x268b3820, 0x85113821,
    0x84338540, 0x2192851e, 0x07863033, 0x07863120, 0x33207a86, 0x2006b241, 0x20078635, 0x201f8639, 0x200f8639, 0x20fa8633, 0x066a4133, 0x47863520,
    0x27863520, 0xe2863320, 0x6a413320, 0x86332006, 0x413320da, 0x352006aa, 0x20069241, 0x06024133, 0xda413520, 0x41332006, 0x3320068a, 0x27870f87,
    0x20064a41, 0x069a4133, 0x6f863420, 0x6f863420, 0xb7863420, 0x9f863420, 0x2f863520, 0xa7863420, 0xa7863420, 0x97863420, 0x97863420, 0x97863420,
    0x97873420, 0x7f865f87, 0x8f863420, 0xa7873420, 0x0f872787, 0x35205786, 0xaf866787, 0x67863520, 0x67863520, 0x67863520, 0x4f873520, 0x6f869f87,
    0xbf863520, 0x21061447, 0x27863634, 0xcf863720, 0x67863720, 0x4f863920, 0x1f863920, 0x1f864120, 0x47864120, 0x41314221, 0x422005c7, 0x42201786,
    0x42202f86, 0x43202f86, 0x44202786, 0x4520c786, 0x1f482786, 0x45342206, 0x05364246, 0x2e303325, 0x46307373, 0x342005cf, 0x53460c85, 0x35342105,
    0x4b0b5d42, 0x6a420529, 0x37352106, 0x38273383, 0x6d614c06, 0x84616462, 0x41332487, 0x886c0639, 0x3132210e, 0x22057943, 0x84463432, 0x37322386,
    0x26833637, 0xa6840782, 0x38200782, 0x9e840f86, 0x41200f82, 0xbe840f86, 0x43200f82, 0x44200f86, 0x45200786, 0x34210784, 0x22278545, 0x85303634,
    0x3136210f, 0x32200786, 0xe6840786, 0x36343223, 0x200f8634, 0x85078635, 0x3634217f, 0x34277f85, 0x7a093836, 0x836f7265, 0x083924c7, 0x84656e6f,
    0x84072008, 0x66742212, 0x82108306, 0x77742b06, 0x66742e6f, 0x72687408, 0x08826565, 0x6f660724, 0x07847275, 0x83766921, 0x7306230f, 0x0e827869,
    0x65730825, 0x836e6576, 0x69652408, 0x82746867, 0x6e072208, 0x21518269, 0x62856674, 0x6f6e6423, 0x8462846d, 0x83538308, 0x850a2008, 0x200a8355,
    0x85578409, 0x84598309, 0x845b8327, 0x845d8527, 0x845f850a, 0x84618428, 0x23b38409, 0x726d756e, 0x08846384, 0x08836383, 0x0a836386, 0x09856385,
    0x27846383, 0x27846383, 0x0a846385, 0x28846385, 0x09836384, 0x6e750725, 0x44313269, 0x07820521, 0x26055a41, 0x09353531, 0x84656e6f, 0x0c68212f,
    0x0b85cd84, 0x660b7322, 0x0b866182, 0x5a840c20, 0x47840c86, 0x41383021, 0x302105ba, 0x05ba4138, 0x41383021, 0x302105ba, 0x05ba4138, 0x85383021,
    0x3830215f, 0x2105ba41, 0xba413830, 0x38302105, 0x2105ba41, 0x3a423830, 0x38302105, 0x22053a42, 0x83303730, 0x30302257, 0x820f8442, 0x824f8407,
    0x454f8607, 0x322105bc, 0x05594330, 0x4f860782, 0x4f863720, 0x4f863720, 0x3f863720, 0x21304129, 0x68707968, 0x8d5f6e65, 0x72672c06, 0x65746165,
    0x696c2e72, 0x991a6167, 0x8613201a, 0x832e8b1a, 0x30332da0, 0x70163330, 0x6f697265, 0x6e656364, 0x652a4882, 0x6f6c2e64, 0x41436c63, 0x16850b54,
    0x73732e2a, 0x630a3830, 0x6e6f6c6f, 0x0e240a84, 0x696d6573, 0x0d280e89, 0x696c6c65, 0x73697370, 0x0b261c84, 0x6c637865, 0x0b846d61, 0x0b850f20,
    0x776f6422, 0x0d263885, 0x73657571, 0x46866974, 0x0d871120, 0x13201f88, 0x7783868e, 0x138e1b20, 0x2e249a86, 0x65736163, 0x37831b97, 0x379a2020,
    0x21087e46, 0x51483033, 0x30332105, 0x82058947, 0x41392007, 0x31210513, 0x20078630, 0x48078531, 0x1f820589, 0x0f864420, 0x07864120, 0x07854220,
    0x86343121, 0x85352007, 0x05694807, 0x46202f82, 0x31210f85, 0x20078636, 0x28078337, 0x46334530, 0x73656c10, 0x06ca4173, 0x696c2e25, 0x8a176167,
    0x20178b10, 0x8b17911e, 0x8b18201e, 0x0fdc411e, 0x3336322d, 0x6d730939, 0x66656c69, 0x83656361, 0x3846217a, 0x3006fa44, 0x06373131, 0x756e696d,
    0x73066574, 0x6e6f6365, 0x211d8364, 0xa8853132, 0x85343221, 0x333222f0, 0x06e04443, 0x04423026, 0x6f727545, 0x30212484, 0x23ed8442, 0x44423032,
    0x39200f86, 0x41210785, 0x20078441, 0x06e74832, 0x3542302a, 0x72726107, 0x7075776f, 0x31231784, 0x840a3739, 0x6972240f, 0x86746867, 0x09382112,
    0x64231284, 0x866e776f, 0x85392011, 0x87b38211, 0x85362023, 0x6f622311, 0x09856874, 0x64707522, 0x82852d87, 0x85453121, 0x45312292, 0x20458535,
    0x20928541, 0x20928631, 0x05024931, 0x46313221, 0x0782059f, 0x24058543, 0x0e344231, 0x28808263, 0x65676169, 0x75746572, 0x22568672, 0x840c3745,
    0x70752b96, 0x3073732e, 0x6e750c37, 0xbe823269, 0x0f200c84, 0x1c8bc389, 0x0c843820, 0xcd880e20, 0x39201b8b, 0xd7831b8a, 0x36201b8b, 0xe1831b8a,
    0xe6830e8a, 0xd3840e84, 0x46433529, 0x72696306, 0x86656c63, 0x0743230e, 0xb8827274, 0x22065d41, 0x85364235, 0x061a410f, 0xd5493520, 0x35322105,
    0x82058a47, 0x85372007, 0x06b54137, 0x31433523, 0x26d6820a, 0x36303330, 0x8379632e, 0x200a821a, 0x2f078638, 0x72670937, 0x63657661, 0x09626d6f,
    0x74756361, 0x1b860984, 0x850b4221, 0x2e432436, 0x86746c61, 0x05db4413, 0x35423320, 0x20478205, 0x25178636, 0x69740941, 0x3d8b646c, 0x19853420,
    0x31863120, 0x0f363222, 0x32204d84, 0x8508e14e, 0x068a4b1f, 0x8a4b3320, 0x49332006, 0x332006e7, 0x2006d749, 0x06d74933, 0x47333321, 0x1f8205fb,
    0x61632e25, 0x840c6573, 0x3733214c, 0x38200c8b, 0x30210c8a, 0x099a4a38, 0x48303321, 0x0d20052f, 0x200c4b4d, 0x08924f0e, 0x21082644, 0x8e553230,
    0x45322006, 0x323006cb, 0x620c3843, 0x6b63616c, 0x63726943, 0x1264656c, 0x53260c8b, 0x6b6f7274, 0x00820065, 0x0100012c, 0x0f00ffff, 0x02000100,
    0x0f820e00, 0x0382cc20, 0x0b82fa20, 0x11821f20, 0x03822120, 0x83002422, 0x85220582, 0x0582a800, 0xaa00a922, 0xab221982, 0x0b82c000, 0x2f01c228,
    0x31010100, 0x05825f01, 0x63016028, 0x66010200, 0x0b826601, 0x6a016822, 0x6c220582, 0x05828101, 0x96018322, 0x98220582, 0x05829801, 0xa4019a22,
    0xa6220582, 0x0582af01, 0xb301b122, 0xb5220582, 0x0582b901, 0xc101bc22, 0xc3220582, 0x0582ca01, 0xe001cc22, 0xe3220582, 0x0582e401, 0xe701e622,
    0xea220582, 0x0582f601, 0xf801f828, 0xb8020100, 0x0582b802, 0xbc02bc22, 0xbe220582, 0x0582be02, 0x8202c121, 0xc502293b, 0x0100c502, 0x00030003,
    0x0a220582, 0x08822403, 0x04000c26, 0x16001e00, 0x26200382, 0x0121af82, 0x829f8301, 0x2015821d, 0x20a98201, 0x21078401, 0x07850073, 0x2382a182,
    0x0c000022, 0x1c20f782, 0x022c0982, 0x0f030b03, 0x11030000, 0x05001703, 0x01240f82, 0x1b031803, 0x01201b82, 0x3e080382, 0x000a001e, 0x6b030038,
    0x006e7265, 0x72616d50, 0x6dce006b, 0x006b6d6b, 0x4404004a, 0x00544c46, 0x72796344, 0x6748006c, 0x006b6572, 0x74616c48, 0x00d2006e, 0x0082000d,
    0x0032008c, 0x8242003a, 0x00522c27, 0x0062005a, 0x0072006a, 0x8496007a, 0x820c2055, 0x00022105, 0xd6205d83, 0xca200982, 0x04200382, 0x01230382,
    0x8500da00, 0x86de2007, 0x86e22007, 0x86e62007, 0x82ea2007, 0x0000249d, 0x86ee0001, 0x86f22007, 0x86f62007, 0x86fa2007, 0x00fe2a07, 0x00080002,
    0x062e0102, 0x2609863e, 0x00d40104, 0x84100006, 0x2077833b, 0x2017820a, 0x24558203, 0x00060005, 0x202b8207, 0x2de58209, 0x0048000b, 0x455a410a,
    0x43480020, 0x05835441, 0x05835220, 0x5a414b22, 0x4d220b82, 0x05834841, 0x824c4f21, 0x4c4e2205, 0x22058244, 0x824d4f52, 0x84542005, 0x52542229,
    0x230b824b, 0xffff0000, 0x0783d584, 0xd1840320, 0x0100022c, 0x1625fe1e, 0x3c1f0100, 0x0b828a2a, 0x3621de22, 0x8e220b82, 0x0b829a20, 0x82229e21,
    0xa41e238f, 0x11820426, 0x38232a28, 0x04200100, 0x1782d42d, 0x82209221, 0x981e2323, 0x0b82ba1f, 0xf01ec222, 0x00211d82, 0x2217831e, 0x82941ea2,
    0x1e52220b, 0x22178268, 0x82a01e62, 0x1e682205, 0x22058280, 0x82cc1eee, 0x1ec82217, 0x220b82be, 0x82701e56, 0x1e5c2205, 0x22058262, 0x82901e86,
    0x1ec42205, 0x201d826c, 0x37eb824c, 0x1e0b0000, 0x1e3e1fe0, 0x1eec1ee6, 0x1ef81ef2, 0x1f041ffe, 0x1f341f0a, 0x26218582, 0x241f84c0, 0x21422153,
    0x2003825e, 0x25038f42, 0x42213c22, 0x1b826a27, 0x87215421, 0x28238301, 0x284e213c, 0x213c21a8, 0x22018676, 0x9648213c, 0x20198501, 0x2041824e,
    0x8541865e, 0x200d8363, 0x20158468, 0x2005845e, 0x204b8842, 0x31498b76, 0x52221424, 0x74229423, 0x4e21ca23, 0x02009622, 0xaf834a30, 0x31bc3028,
    0x00170092, 0x00a60018, 0x89ecff21, 0x8a0b8b28, 0xffd82215, 0x250d85b8, 0x0000bcff, 0x0b85c4ff, 0xff000022, 0xff213982, 0x230d8bf6, 0xd6ff0000,
    0xf6220382, 0x1588cfff, 0xd8ffef28, 0xf3ff0000, 0x1183f2ff, 0x358e2d89, 0x8400dc21, 0x2115834d, 0x0583caff, 0xff210385, 0x256389d6, 0x0000c8ff,
    0x1783ceff, 0xffb4ff23, 0x8507838e, 0x9cff2703, 0x0000d5ff, 0x0d85efff, 0xff210595, 0x201796d2, 0x857789f0, 0xfaff2121, 0x00200785, 0xff218f82,
    0x20bb84f6, 0x220b82fb, 0x87f3fff6, 0x2007a617, 0x8327831b, 0x870783b3, 0xd8ff2103, 0xff210985, 0x24078690, 0xff0000c4, 0x910b85a4, 0x847d8405,
    0x211b83f1, 0x0583e2ff, 0x0a200382, 0x029e0382, 0x89e4ff21, 0xd9ff2120, 0x4f830b87, 0x13880b87, 0x0987b420, 0x10200788, 0x08a20988, 0x42f7ff21,
    0x5f881533, 0x0983e320, 0x83e6ff21, 0x21038505, 0x1184f1ff, 0x83086741, 0x2103990d, 0xb58df3ff, 0x4f426d8d, 0x8d0d850d, 0x25599921, 0x00000a00,
    0x0382ecff, 0x83069341, 0x219b8329, 0x0983f7ff, 0xff23038f, 0x87e7fffd, 0xf8ff2313, 0x0b83fcff, 0xffa8ff27, 0xffecfff6, 0x910b83f8, 0xe8ff2303,
    0x6383e4ff, 0x91140021, 0x8711971b, 0xf4ff21bb, 0xb82c5f84, 0xdcffd0ff, 0xdcff0000, 0xe0ffc8ff, 0x0b820983, 0xf2ff8e22, 0x75430582, 0x410b8708,
    0x35830555, 0xff21038d, 0x200f8eda, 0x0cef43f8, 0x1f8d4b82, 0xff210d89, 0x057142ea, 0xfff3ff23, 0x2e1584e9, 0x001a2e02, 0x2f000004, 0x00da330e,
    0x8237003a, 0x82f22079, 0x00f022ff, 0x21058207, 0x9182fff6, 0x82eeff21, 0x820f2027, 0xffe62417, 0x82e3ffe4, 0xfff62807, 0xffceffec, 0x82f9fffb,
    0x84e4200f, 0x82f0202f, 0x41029021, 0xd58b05b7, 0x42092f42, 0xff2009c9, 0xf6246385, 0xe3fffcff, 0x03416d84, 0x20618206, 0x842f83ba, 0xffc1226b,
    0x224782fb, 0x86deffe2, 0x876b84b3, 0x2107854d, 0x6f85d8ff, 0xe6207588, 0x83055544, 0xbaff212a, 0x03830583, 0x88f8ff21, 0x0a1f451f, 0xdc22db84,
    0x2184ebff, 0xe8ffec22, 0xf3220784, 0x8742f5ff, 0x05e9440b, 0x03831983, 0x8a118d42, 0x83dc20db, 0x23038321, 0x0700f0ff, 0x00210783, 0x20c58203,
    0x261184d6, 0xff0000f2, 0x82cffff6, 0x82ea20ad, 0xffdc2413, 0x84e0ffd2, 0x83f62011, 0xf8ff2151, 0x420d0342, 0xab860805, 0x42d6ff21, 0x894506a1,
    0x45ff2008, 0xff230a87, 0x82f3fff7, 0xfff02231, 0x825383f3, 0x06db4409, 0xd8226782, 0x6584ddff, 0xceffd822, 0xe8226384, 0x9b82dcff, 0x038c9083,
    0xdb8fe385, 0x89f2ff21, 0x09b54311, 0xfff6ff29, 0xfff1ffe4, 0x82e3ffea, 0x45ce2059, 0x17820b6f, 0xccffea24, 0x1382f4ff, 0xd141d520, 0xd0ff2505,
    0xdeffdfff, 0xc7842d82, 0x890b0946, 0x09ad417e, 0x37831383, 0x42000021, 0xb7410a25, 0xfeff2306, 0x1f84deff, 0x820a9d43, 0x84142081, 0x84e42013,
    0xffe5226d, 0x0bb741fd, 0x03831983, 0xffe6ff25, 0x410000dc, 0x0f8305db, 0xb5410385, 0x850f8509, 0xfdff2105, 0x21057743, 0x1f8ef3ff, 0x00000822,
    0xec207f86, 0x22064543, 0x43f0ffdc, 0xbb4306d5, 0x4145850a, 0x11870b13, 0x41820020, 0x008e0020, 0xe7209982, 0x20061147, 0x2b1a83be, 0xefffeaff,
    0x0000eeff, 0x9cff8eff, 0x2305a147, 0xe2ffaeff, 0xf6222582, 0x1582d2ff, 0x0982f020, 0xecffd624, 0x2b84f5ff, 0xff217584, 0x200b84b4, 0x094341c8,
    0x00d5ff23, 0x0b4f4700, 0x200c4d47, 0x202d840a, 0x0ed142fd, 0x5382dc20, 0x5f84f020, 0x7741ec20, 0xeaff2105, 0xfc200d82, 0x03a52b83, 0x8305c944,
    0x43ff202b, 0x0f20095b, 0x03830f83, 0xee205d82, 0x03890783, 0xff217f85, 0x064941f2, 0x23911d82, 0x09852d89, 0x438eff20, 0x05a11585, 0x43088145,
    0x37a10cf5, 0x6942219f, 0x870a2012, 0x0a0541a3, 0xe9824684, 0x84122342, 0x93048e1a, 0xe5ff33e5, 0xd0ffccff, 0xc4ffd6ff, 0x8effd2ff, 0xc8ff0000,
    0x0582f1ff, 0xf6ffee22, 0xd8220182, 0x8983b8ff, 0xe8260582, 0xcefff0ff, 0x2382c0ff, 0x6546b020, 0x215a8305, 0x2d82dcff, 0x0983e020, 0x41000021,
    0x6b4907a5, 0x0d754605, 0x5784cd85, 0xf9fff822, 0xf7205984, 0xe1207182, 0xf5203582, 0xd6203d86, 0x8205ff42, 0xffcc2211, 0x25a783cd, 0xeaffecff,
    0x0f82e6ff, 0xef8ff620, 0x6f433183, 0x82ff2007, 0x230f8343, 0xd6ff0000, 0x00200785, 0x83064943, 0xf6ff250d, 0xd8ffcaff, 0xe420b982, 0xff239d85,
    0x82eeffe2, 0x82ec2057, 0x42fd2017, 0x198307d3, 0xc8260f82, 0x0000f7ff, 0x2d82e2ff, 0x440cc941, 0xad4305cd, 0x8200200e, 0x08714151, 0x84fdff21,
    0x00ee2669, 0xffceff00, 0x214982c1, 0x2f43ffd6, 0x82b78906, 0x85d02073, 0xd2ff210d, 0x95827783, 0x7786de20, 0x3d83d220, 0x75843b82, 0x4906b942,
    0x1a8507b9, 0x15860020, 0x0e83c620, 0x9d88ff20, 0x84f5ff21, 0xfff722b1, 0x218d82f7, 0x938300e3, 0x2184fa20, 0xf1ffe623, 0x829d82ff, 0xffe62473,
    0x4bf4ffdc, 0x23830f77, 0xff200393, 0xbb444382, 0x097b490f, 0xffeeff2d, 0xffd8ffb0, 0xffbaffd4, 0x829cffe0, 0x43cc2053, 0xf62c06cb, 0xe4ff0a00,
    0xfeffa8ff, 0xd0ff0900, 0xff23a983, 0x82ccffde, 0x82882027, 0x83ca202d, 0xa6ff294f, 0xd0ff0000, 0x1000c4ff, 0xec220d84, 0x07820a00, 0x43830820,
    0xb3820020, 0xff100027, 0xffe6fff6, 0x201382de, 0x20198400, 0x23578300, 0xd8ffe8ff, 0xe4201d82, 0xea224b82, 0x0982e2ff, 0x21087748, 0x7f82e4ff,
    0xd8225785, 0x1982e8ff, 0xc0ffe022, 0x2006e743, 0x474383da, 0x0d830991, 0x0b4b0387, 0x86108408, 0x0bf34ab9, 0xe983ee20, 0x82faff21, 0x4bf62089,
    0xff2109bd, 0x82f582ce, 0x2011827d, 0x06f946e6, 0x7f41e820, 0xf1ff2205, 0x128f4aff, 0x42080b44, 0x8d4b091b, 0x83ee2009, 0x47ff207a, 0x0d840839,
    0x210c654c, 0x294db8ff, 0x00002209, 0x824382ff, 0x820a2073, 0x00022127, 0xe14a008e, 0x901c8e0d, 0xf0ff230e, 0x4f82f0ff, 0x0382fb20, 0xff21b382,
    0x828388fc, 0x822c9011, 0x06f14210, 0x820c0543, 0x078b4216, 0xff21f78a, 0x0ff14cec, 0xba241182, 0xc4ffd2ff, 0xd822cb82, 0x0d82aeff, 0xbb41c420,
    0x86092008, 0x821420dd, 0x82f2201d, 0xffc22637, 0xffb4ffcc, 0x17694d7c, 0xff206e85, 0x09854382, 0x0920058a, 0xff250b87, 0xffe3ffe0, 0x220d83d4,
    0x82ffb0ff, 0xe4ff2faf, 0xdaffe8ff, 0x78ff0000, 0xbcff80ff, 0x0982fdff, 0xd4ff6022, 0xf2241582, 0xf2ffd0ff, 0xdd208d82, 0xf2200d82, 0x19822f83,
    0xff250784, 0xfe000088, 0x203d82f9, 0x831583a8, 0x22078443, 0x8378ff88, 0x21038307, 0x058480ff, 0x0000e826, 0xdcfff9ff, 0xf620f184, 0xd7880783,
    0xf0ff0022, 0xe2200b82, 0x2f450382, 0x82f92005, 0xffd22209, 0x422982ee, 0x3f83062b, 0x3146038b, 0x4b418411, 0xff220e59, 0x1183fffb, 0xf8ff0525,
    0x8200f4ff, 0xffff21f1, 0x2b844385, 0x2000f722, 0xff210d83, 0x200582dc, 0x216b8218, 0x234200f6, 0x8f002010, 0x09354100, 0xad48f020, 0xfffa2112,
    0xf020c183, 0xdb204b82, 0x65833883, 0x15830784, 0xf624fb83, 0xceff0000, 0x22069545, 0x84eaffe6, 0x1221421b, 0x4311b546, 0x37830d79, 0x4a000021,
    0x1f821dbd, 0x8512bd4a, 0x8f058739, 0x05bd4a67, 0x078e1d87, 0x71410c20, 0x20338205, 0x22198e04, 0x85030000, 0xf6ff2711, 0x00000800, 0xbb4af8ff,
    0x20218213, 0x91038220, 0x91159502, 0x46118627, 0x1a8613c5, 0x498d06ae, 0x21050b41, 0xa74decff, 0xffdc240c, 0x82e8ffca, 0x82ec20d1, 0x83d22003,
    0x830d875e, 0x2903b70b, 0xdafff4ff, 0xe8ff0000, 0x0582e2ff, 0x458dd420, 0x43e4ff21, 0xff2305df, 0x82f1ffd8, 0xffde221d, 0x054b41c6, 0x200e7148,
    0x20358810, 0x84438a0a, 0x10414b15, 0x5382ec20, 0xfafff024, 0xdb82eaff, 0x2d82ad20, 0x0582cf82, 0x3144f220, 0x98ff2105, 0xd8226982, 0x1182d8ff,
    0x5383e620, 0xffe2ff25, 0x45f0ffb0, 0xa7431181, 0x8343820a, 0x20118229, 0x120143d2, 0x4bffe621, 0x4b832e2b, 0x83f5ff21, 0x4b038505, 0x0b85052b,
    0xff210585, 0xa90785d5, 0x1d0d4505, 0x29be47a9, 0xbc000821, 0x2f714600, 0x3c8a6cbc, 0x200e8141, 0x0dab5110, 0x0a9a288a, 0x2985438e, 0x8509b542,
    0x44059e0f, 0x2e9e0f9d, 0x1b201eab, 0x2bad2cab, 0xffecff27, 0xffc8ffe6, 0x520182e8, 0x00250ae1, 0xff90ff00, 0x0d9754a4, 0xed502582, 0x8b63ad08,
    0x0925412d, 0x4a0da14f, 0x298b0505, 0xff210bf1, 0x2d73bb94, 0xe8fff2ff, 0xe8ff0000, 0xd8ffe6ff, 0x0982abff, 0xdb44e220, 0xe4ff2509, 0xecffb0ff,
    0xd4202182, 0xe8260584, 0xe2ffdcff, 0x2383c4ff, 0xff207191, 0x83061348, 0x831d9143, 0x0f334511, 0x03871383, 0xee206982, 0x4b3edb4e, 0xc5450821,
    0x8c56850e, 0x566d8205, 0x188c0837, 0x99430cc8, 0x2e93430e, 0x5b4786bd, 0x8949bd0b, 0x4fbf4d3d, 0x09ad5989, 0xad2d4d4c, 0x412d915b, 0x65895349,
    0x890f7945, 0x056344db, 0x39891f8f, 0xff2109ad, 0x9f2fadf1, 0x58ff202d, 0x37851613, 0x1420b596, 0x05cb1d85, 0x211d0b52, 0x0b520000, 0x587dc711,
    0x25420d77, 0x0d995457, 0xab5bbb87, 0x20388730, 0x0b355800, 0x08831488, 0xda1f022a, 0x0100e01f, 0x1b030100, 0x00220582, 0x0b84ec1f, 0x0b841020,
    0x0200ce28, 0xd41fce1f, 0x23830300, 0x82e61f21, 0x01022413, 0x82630162, 0x1fdc2415, 0x820200dc, 0x031c2233, 0x28448222, 0x00030001, 0x01aa00a9,
    0x0c4b6061, 0x1803022e, 0x06001903, 0xbc1fb61f, 0xc81fc21f, 0x06304984, 0xd21fcc1f, 0xde1fd81f, 0xea1fe41f, 0x06000100, 0x60223784, 0x57846101,
    0x00000424, 0x0386d21f, 0x0782d820, 0x4f826c20, 0x0a030322, 0x2b08ab60, 0x03230306, 0x000d0024, 0xffdd0201, 0x0223a782, 0x821c003a, 0xff3a220b,
    0x220582e2, 0x82d4ff2a, 0xff6d2205, 0x210582d8, 0xbf820003, 0x00030223, 0x210b8314, 0x0584d0ff, 0x0700ec22, 0x80205182, 0x86200382, 0x8c200382,
    0x92200382, 0x98200382, 0x9e200382, 0xa4320382, 0x03020200, 0x6d02c4ff, 0x0300c8ff, 0x1e008302, 0x03828502, 0x4783dd20, 0x020b003b, 0x02030200,
    0x02370231, 0x0264023a, 0x02840282, 0x029b029a, 0x1f1e00bc, 0x21018a5a, 0x01831f60, 0x871f6c21, 0x1f662101, 0x6c220187, 0x01887e1f, 0x721f7224,
    0x0182781f, 0x0f007e22, 0x46207582, 0x4c200382, 0x52200382, 0x58200382, 0x5e200382, 0x64200382, 0x6a200382, 0x70200386, 0x76200782, 0x7c240382,
    0x821f0000, 0x88200382, 0x8e200382, 0x22080382, 0x00010094, 0x003f001e, 0x00410040, 0x00430042, 0x00be0085, 0x00c000bf, 0x00ec00eb, 0x00ee00ed,
    0x7f0f01ef, 0x31200849, 0x2c0a8b7e, 0x01880184, 0x01d101cd, 0x1f4d00ed, 0x2101861c, 0x01831f52, 0x871f2821, 0x1f582101, 0x2221018f, 0x2001871f,
    0x221b8228, 0x84341f2e, 0x1f6a2101, 0x40210183, 0x2101871f, 0x01911f64, 0x871f3a21, 0x1f402201, 0x20018870, 0x24718264, 0x1f461f58, 0x204d824c,
    0x20038252, 0x20498264, 0x203d825e, 0x2221826a, 0x827c1f76, 0x004d2edb, 0x00150014, 0x00170016, 0x002d002c, 0x08e98a2e, 0x4c004b20, 0x4e004d00,
    0x50004f00, 0x52005100, 0x63005300, 0x65006400, 0x67006600, 0xa1008500, 0x0941b700, 0x00d62406, 0x41d800d7, 0x0033090f, 0x00f800f7, 0x00fa00f9,
    0x00fc00fb, 0x00fe00fd, 0x410001ff, 0x30081623, 0x017a0159, 0x017f017b, 0x019a0195, 0x01a7019e, 0x01dd01c4, 0x01e301de, 0x01ed01ec, 0x000003f0,
    0x00970201, 0x00010030, 0x00faff45, 0xffc10101, 0x201182bc, 0x26ab8285, 0xff780102, 0x828502b2, 0x00022ab9, 0x01f5ff18, 0x00ecff0f, 0x29098703,
    0x0000d201, 0x33010300, 0x3182e7ff, 0x9a02ba28, 0x0200e4ff, 0x45821e00, 0x17820b20, 0x21001828, 0x2f000b00, 0xf3823800, 0x7200682c, 0x8b001f00,
    0x2a009300, 0x01829a00, 0x9c00332e, 0x34009d00, 0xa0009f00, 0xa2003600, 0x38380182, 0xa700a600, 0xab003900, 0x3b00b600, 0xcc00c200, 0xd9004700,
    0x5200e300, 0x6a08d182, 0x015d0000, 0x001e0114, 0x0133015e, 0x01690048, 0x004e014e, 0x0150017f, 0x01800051, 0x00570153, 0x015a0182, 0x0187005a,
    0x005f015e, 0x01660188, 0x018a0066, 0x0070016e, 0x0191018b, 0x018e0092, 0x00a401a4, 0x01a90190, 0x019100af, 0x00b901b7, 0x01da0198, 0x019b00db,
    0x00ee01ee, 0x01f2019d, 0x009e00f6, 0xffcd0005, 0x826001f6, 0x82612003, 0xff622e03, 0xffa002f6, 0x000800f6, 0x00100063, 0x20038264, 0x20038265,
    0x24038266, 0x01100067, 0x2003827f, 0x20038294, 0x820f8297, 0xd0ff2321, 0x03826400, 0x03826520, 0x03826620, 0xd0ff6724, 0x03827f01, 0x03829420,
    0x0f829720, 0xec202183, 0xec262182, 0xecff6500, 0x03826600, 0xecff6722, 0xec222182, 0x07829401, 0x0f829720, 0x2400022c, 0x21000100, 0x24000000,
    0x07828300, 0xa8008536, 0xab008100, 0xa500c000, 0x2f01c200, 0x3101bb00, 0x29015f01, 0x0131d983, 0x01680158, 0x0159016a, 0x0177016c, 0x0179015c,
    0x260f827b, 0x0181017d, 0x8283016b, 0x01703401, 0x01870185, 0x01890171, 0x01740193, 0x01960195, 0x8298017f, 0x01812801, 0x01a2019a, 0x82a40182,
    0x018b2a01, 0x01af01a6, 0x01b1018c, 0x2c1f82b3, 0x01b901b5, 0x01bc0199, 0x019e01c0, 0x240182c4, 0x01c601a3, 0x342582ca, 0x01cc01cc, 0x01ce01a9,
    0x01aa01d0, 0x01e001d2, 0x01e301ad, 0x082782e4, 0xe601e636, 0xea01be01, 0xbf01f601, 0xb802b802, 0xbc02cc01, 0xcd01bc02, 0xbe02be02, 0xc102ce01,
    0xcf01c102, 0xc502c502, 0x0003d001, 0xd1010003, 0x63000d00, 0x64001400, 0x65200382, 0x66200382, 0x67200382, 0xe4240382, 0xe5001e00, 0xe6200382,
    0xe7280382, 0x7f011e00, 0x94011400, 0x97200382, 0xdc200382, 0x12261382, 0xc4ff6300, 0x03826400, 0x03826520, 0x03826620, 0x03826720, 0xc8ff7324,
    0x03827400, 0x03827520, 0x03827620, 0x03827720, 0x03827820, 0x0382a320, 0xc8ffa428, 0xc4ff7f01, 0x03829401, 0x03829720, 0x0f829b20, 0x17829f20,
    0x73001724, 0x3582d8ff, 0x7500d822, 0x76200782, 0x77200382, 0x78200382, 0xa3200382, 0xa4200382, 0xcd280382, 0x0f01f6ff, 0x1001f4ff, 0x11200382,
    0x12200382, 0x13200382, 0x0b420382, 0x6301210a, 0x9b240f82, 0x9f01d8ff, 0xc8200382, 0xd42a0b82, 0xa002f4ff, 0x0200f6ff, 0xb9412b00, 0x38220808,
    0x3c002100, 0x36008300, 0xa8008500, 0xab007e00, 0xa200c000, 0x2f01c200, 0x3101b800, 0x26015f01, 0x01826601, 0x68015522, 0x562a0182, 0x7b016d01,
    0x7d015701, 0x13827f01, 0x8301833e, 0x86016901, 0x6a018701, 0x8e018901, 0x91016c01, 0x72019201, 0x96019401, 0x98017401, 0x77220182, 0x01829a01,
    0x9c01782a, 0x7901a101, 0xa401a301, 0xa6283782, 0x8101a701, 0xaf01a901, 0xb6283d82, 0x8a01b901, 0xc101bf01, 0xc4223d82, 0x3f82c401, 0xca01c622,
    0xcc284382, 0x9701cc01, 0xd001cf01, 0xd5224382, 0x4382d501, 0xd701d728, 0xda019b01, 0x4b82df01, 0xe301e326, 0xe601a201, 0xa3220182, 0x0182ea01,
    0xec01a42e, 0xa501ee01, 0xf601f001, 0xf801a801, 0x28080182, 0x02b802af, 0x02b001b8, 0x01bc02bc, 0x02be02b1, 0x02b201be, 0x01c102c1, 0x02c502b3,
    0x03b401c5, 0x01000300, 0x1aa300b5, 0x24019060, 0x1a0c1a0c, 0x2101922a, 0x01911a30, 0x931a6621, 0x1a5a2101, 0x6020018f, 0x3f834f84, 0x1b846620,
    0x931a3621, 0x1a122201, 0x2201924e, 0x94541a3c, 0x1a182201, 0x2101941e, 0x01931a42, 0x931a4821, 0x84362001, 0x205f896f, 0x213b821e, 0xad851a48,
    0x241a2a24, 0xf3826c1a, 0x2a20cb85, 0x2f850984, 0x8f844e20, 0x2b843c20, 0x00270b84, 0x00530001, 0x180d000c, 0x31097742, 0x1e001d00, 0x20001f00,
    0x23002100, 0x58005400, 0x17466200, 0x9c56080a, 0xbf009d00, 0xe800cd00, 0x0401ed00, 0x06010501, 0x11010701, 0x20011f01, 0x22012101, 0x24012301,
    0x27012601, 0x29012801, 0x2b012a01, 0x5b014b01, 0x60015c01, 0x68016701, 0x6b016901, 0x6e016c01, 0x70016f01, 0x7f017201, 0x8b018901, 0x8d018c01,
    0x98019701, 0x4418ac01, 0xc82c0889, 0xca01c901, 0xe801e401, 0xf101e901, 0x2a0a2148, 0x00bc02a0, 0xffb8004f, 0x82b900ee, 0x82ba2003, 0x82bb2003,
    0x82bc2003, 0x82bd2003, 0x82be2003, 0x82bf2003, 0x82c02003, 0x82c12003, 0x82c22003, 0x82c32003, 0x82c42003, 0x82c52003, 0x82c62003, 0x82c72003,
    0x82c82003, 0x82c92003, 0x82ca2003, 0x82cb2003, 0x82cc2003, 0x82ce2003, 0x82cf2003, 0x82d02003, 0x82d12003, 0x82d22003, 0x82d32003, 0x82d42003,
    0x82d52003, 0x82f72003, 0x82f82003, 0x82f92003, 0x82fa2003, 0x82fb2003, 0x82fc2003, 0x82fd2003, 0x82fe2003, 0xffff2403, 0x820001ee, 0x82032003,
    0x82082003, 0x82092003, 0x820a2003, 0x820b2003, 0x820c2003, 0x820d2003, 0x823e2003, 0x823f2003, 0x82402003, 0x82412003, 0x82422003, 0x82432003,
    0x82442003, 0x82452003, 0x82462003, 0x82472003, 0x82482003, 0x824f2003, 0x82502003, 0x82512003, 0x82522003, 0x82592003, 0x825f2003, 0x82b02003,
    0x82b62003, 0x82b72003, 0x82b82003, 0x82b92003, 0x82bb2003, 0x21e38203, 0x0782c701, 0x0121cf82, 0x200782d7, 0x200382d8, 0x200382d9, 0x200382e3,
    0x200382ee, 0x200382f3, 0x26a782f4, 0xffb8004f, 0x82b900b8, 0x82ba2003, 0x82bb2003, 0x82bc2003, 0x82bd2003, 0x82be2003, 0x82bf2003, 0x82c02003,
    0x82c12003, 0x82c22003, 0x82c32003, 0x82c42003, 0x82c52003, 0x82c62003, 0x82c72003, 0x82c82003, 0x82c92003, 0x82ca2003, 0x82cb2003, 0x82cc2003,
    0x82ce2003, 0x82cf2003, 0x82d02003, 0x82d12003, 0x82d22003, 0x82d32003, 0x82d42003, 0x82d52003, 0x82f72003, 0x82f82003, 0x82f92003, 0x82fa2003,
    0x82fb2003, 0x82fc2003, 0x82fd2003, 0x82fe2003, 0xffff2403, 0x820001b8, 0x82032003, 0x82082003, 0x82092003, 0x820a2003, 0x820b2003, 0x820c2003,
    0x820d2003, 0x823e2003, 0x823f2003, 0x82402003, 0x82412003, 0x82422003, 0x82432003, 0x82442003, 0x82452003, 0x82462003, 0x82472003, 0x82482003,
    0x824f2003, 0x82502003, 0x82512003, 0x82522003, 0x82592003, 0x825f2003, 0x82b02003, 0x82b62003, 0x82b72003, 0x82b82003, 0x82b92003, 0x82bb2003,
    0x21e38203, 0x0782c701, 0x0382cb20, 0x0382d720, 0x0382d820, 0x0382d920, 0x0382e320, 0x0382ee20, 0x0382f320, 0x0382f420, 0x5c18b622, 0x1621018f,
    0x24018204, 0x1684170a, 0x21018982, 0x0186f017, 0x9017ae21, 0x88162101, 0x10200186, 0x18230783, 0x848a1732, 0x17b42101, 0x16200190, 0x1c220083,
    0x01842216, 0x22166426, 0x38182417, 0x16270183, 0x16381828, 0x8fa8172e, 0x34162901, 0x3a164217, 0x46164016, 0x4c220184, 0x01875417, 0x17521625,
    0x865816c0, 0x185e2201, 0x22019462, 0x878e165c, 0x96172301, 0x01895018, 0x85fc1721, 0x64162501, 0x70166a16, 0x76220184, 0x018fba17, 0x83321821,
    0x7c162101, 0x5c220784, 0xf9838216, 0x84881621, 0x18a828d5, 0x188e1662, 0x83fc1750, 0x21f18233, 0x019217d8, 0x17941625, 0x8a2618c6, 0x8b818501,
    0x240b8711, 0x17fe1508, 0x84018e00, 0x2c1821a3, 0x17230191, 0x85de1706, 0x9a162101, 0xa0220182, 0x0184ac16, 0x0582a620, 0xc416b222, 0xf4200184,
    0x7b8c0583, 0x16276984, 0x16c617b8, 0x85c416be, 0xca162153, 0x1625b589, 0x16d616d0, 0x220186dc, 0x931217e2, 0xe8162301, 0x01880c17, 0x1418f622,
    0x2d870189, 0x16ee1625, 0x941a18f4, 0x18202101, 0x02210193, 0x25018218, 0x0218fa16, 0xad85d817, 0x85001721, 0x2c18219b, 0x1821e583, 0x24598226,
    0x1714180c, 0x26538212, 0x175c1820, 0x42181784, 0x7e24067f, 0xa2179617, 0x84200184, 0x1e301582, 0x8a172417, 0x4217a817, 0x30172a17, 0x3c173617,
    0x42360182, 0x56184217, 0x4e174817, 0x5a175417, 0x66176017, 0x72176c17, 0x25827817, 0x31827e20, 0x50188a24, 0x43829017, 0xb4179c22, 0xa8204582,
    0x2006fb41, 0x240d82ae, 0x17d817ba, 0x248d86c0, 0x17f017f0, 0x208582d2, 0x210382c6, 0xf18218cc, 0x15f61727, 0x17ec15ec, 0x20af82d2, 0x26a3822c,
    0x17fc17de, 0x82ea17e4, 0x17f0241d, 0x82fc17f6, 0x180822cd, 0x2027820e, 0x20ed821a, 0x30c98426, 0x18381832, 0x1844183e, 0x1850184a, 0x17d20156,
    0x29018f4c, 0xfa14fa14, 0x06150015, 0x018a5415, 0x85150c21, 0x15ba2101, 0xf6210191, 0x22018b15, 0x84381612, 0x15682401, 0x8e681618, 0x160e2101,
    0x15210182, 0x8901831e, 0xc0152319, 0x01872817, 0x16241523, 0x29018f56, 0xd8152a15, 0x36153015, 0x01863c15, 0x8915f021, 0x15422201, 0x21018748,
    0x01945217, 0x5a154c22, 0x16230187, 0x89401744, 0x60152101, 0x16250185, 0x15281768, 0x2101854e, 0x018f6e16, 0x09829b89, 0x54154c22, 0xf620ff84,
    0x5628bd84, 0x5a155217, 0x60154017, 0x17233383, 0x93741628, 0x66152501, 0x04178c16, 0x16210189, 0x210183e0, 0x01911c17, 0x176c1523, 0x85278958,
    0xf2162109, 0x17210183, 0x23019122, 0xc2169c15, 0x15210185, 0x22018e96, 0x89bc1672, 0x2b518f01, 0x78150417, 0x7e158c16, 0x8415bc16, 0x17210185,
    0x23018910, 0x90158a15, 0xa8210188, 0x23019215, 0xa215da16, 0x16230187, 0x899216e6, 0x222d8801, 0x89bc1696, 0x21098c51, 0x01921716, 0x88f81621,
    0x82742001, 0x171c22ad, 0x8605821c, 0x82e583f1, 0x15a826b1, 0x159216a2, 0x264b82a8, 0x154c1716, 0x82d815cc, 0x15ae2e01, 0x166216b4, 0x16ba1562,
    0x1644162c, 0x28018450, 0x15321632, 0x163816c0, 0x2c1f8256, 0x16c615de, 0x155c165c, 0x154a16cc, 0x830182d2, 0x15de3a33, 0x15ea15e4, 0x15f615f0,
    0x160216fc, 0x160e1608, 0x161a1614, 0x16561620, 0x26458226, 0x17381632, 0x823e1640, 0x164a224d, 0x204f8268, 0x423f8256, 0x6220050f, 0x6e260f82,
    0x7a167416, 0x01828016, 0x8616bc24, 0x01831c17, 0x84fe1621, 0x16e02601, 0x160417e0, 0x2a03828c, 0x170a1792, 0x16e6160a, 0x829816ec, 0x169e3c01,
    0x16a4169e, 0x17b016aa, 0x16b61610, 0x172217bc, 0x16c21622, 0x16c816f2, 0x82d416ce, 0x16da222d, 0x282b84e0, 0x17f816f2, 0x17fe1616, 0x223d8204,
    0x82161710, 0x2f298259, 0x2e172817, 0x3a173417, 0x46174017, 0x37000100, 0x16a74d18, 0x18021a21, 0x0809f94c, 0x69026629, 0x6d026c02, 0x70026f02,
    0x76027202, 0x7a027802, 0x80027b02, 0x95029402, 0x9c029a02, 0x9f029e02, 0xad02aa02, 0x1802c502, 0x2b181f4c, 0xd402d302, 0xf302d502, 0x23000200,
    0xfb3b7182, 0xfc010d00, 0x0200fc01, 0xfd01fd01, 0xfe010600, 0x1600fe01, 0xff01ff01, 0x82021500, 0x0f002822, 0x01020102, 0x82020e00, 0x13003700,
    0x03020302, 0x04021200, 0x0c000402, 0x05020502, 0x1a020200, 0x05821a02, 0x002ba182, 0x02600201, 0x02030061, 0x82620262, 0x0266240b, 0x82080066,
    0x006922ad, 0x22b1820b, 0x8214006c, 0x006d22b5, 0x20b98204, 0x221d826f, 0x82700270, 0x02722229, 0x220b8272, 0x82760276, 0x02782829, 0x02070078,
    0x827a027a, 0x027b2405, 0x8210007b, 0x008022d5, 0x82d98311, 0x029a2423, 0x8205009a, 0x829c20df, 0x21e38205, 0xe5820900, 0x0a00aa22, 0xad20e982,
    0xc5267d82, 0x0600c502, 0xd382f302, 0xb2820420, 0xd5842620, 0xd58a0420, 0xd5901220, 0xd5841020, 0xd5840f20, 0xd5840220, 0xd5841420, 0xcf980420,
    0x63026322, 0x65227b82, 0xab826502, 0x0920db83, 0x0d20db84, 0x0b20db84, 0x0e20db84, 0x7322db92, 0x35827302, 0x75027522, 0xe7833582, 0x83020921,
    0x021126db, 0x00810281, 0x24db8a13, 0x029b0206, 0x22f9829b, 0x829c029c, 0x029d22c9, 0x830b829d, 0x840a20e7, 0x8a0c20e7, 0x841720e7, 0x820b20e7,
    0x00282ae7, 0x00830001, 0x00850000, 0x380782bf, 0x000d01c1, 0x010f01be, 0x010b012f, 0x01690131, 0x016b012c, 0x01650174, 0x22018276, 0x5078016f,
    0x86300659, 0x89017c01, 0x7e019201, 0x9d019501, 0x9f018801, 0x91220182, 0x0182a101, 0xa401923a, 0x9301a701, 0xad01ac01, 0xaf019701, 0x9901bf01,
    0xd001c101, 0xd301aa01, 0xba300182, 0xe001d701, 0xe201bb01, 0xc501ef01, 0xf701f101, 0x58081382, 0x01f901f9, 0x02fb01da, 0x02db0101, 0x01050203,
    0x021a02e2, 0x02e5011a, 0x0162025e, 0x026602e6, 0x02eb0166, 0x01690269, 0x026c02ec, 0x02ed0170, 0x01720272, 0x027602f2, 0x02f30176, 0x017b0278,
    0x028002f4, 0x02f80180, 0x01960294, 0x029802f9, 0x02fc0198, 0x01a0029a, 0x21f383fd, 0xf3830402, 0x02050227, 0x02d502c5, 0x21f38306, 0xf3821702,
    0xf382cc20, 0x08000b24, 0x01820c00, 0x0d000722, 0x0e280182, 0x13000e00, 0x14001100, 0x032e0182, 0x17001500, 0x18001e00, 0x07002100, 0x01822200,
    0x23000322, 0x2c280182, 0x2b002400, 0x30000900, 0x0a300182, 0x3b003900, 0x3c000a00, 0x0f003e00, 0x40003f00, 0x41282d82, 0x2d004100, 0x43004200,
    0x4b260b82, 0x03005300, 0x01825400, 0x55000722, 0x21240182, 0x57005600, 0x58221182, 0x61825b00, 0x61005c22, 0x62220b82, 0x75826200, 0x67006328,
    0x68001200, 0x4d827200, 0x78007322, 0x79228b82, 0x53827900, 0x7f007a22, 0x80268582, 0x19008300, 0x01828500, 0x87001824, 0x3b828a00, 0x93008b22,
    0x9422b582, 0x89829900, 0x9a009a26, 0x9b000800, 0x11240182, 0x9d009c00, 0x9e22ad82, 0x17829e00, 0xa100a122, 0xa2225f82, 0x5382a200, 0xa400a322,
    0xa5225382, 0x4782a500, 0xa700a622, 0xa8223b82, 0x2382a800, 0xaa00a922, 0xab2c0b82, 0x0600b500, 0xbd00b600, 0xbf000100, 0x1d240182, 0xcc00c100,
    0xcd3a0b82, 0x2000cd00, 0xd500ce00, 0xd6000200, 0x0400d800, 0xea00e800, 0xeb001000, 0x2f82ec00, 0xed00ed28, 0xee001d00, 0x0b82ef00, 0xf600f022,
    0xf7341d82, 0x01000201, 0x03010301, 0x04010200, 0x13000701, 0x0d010801, 0x0f2e1182, 0x1a001001, 0x11011101, 0x12011d00, 0x0b821301, 0x1e011422,
    0x1f2e2382, 0x05002401, 0x25012501, 0x26011000, 0x0b822b01, 0x2f012c34, 0x31011b00, 0x06003101, 0x3d013201, 0x3e010400, 0x29824801, 0x4b014b22,
    0x4e223b82, 0x17824e01, 0x51014f22, 0x52225382, 0x17825201, 0x59015922, 0x5a220b82, 0x0b825a01, 0x5c015b22, 0x5d224182, 0x41825d01, 0x5e015e22,
    0x5f223b82, 0x17825f01, 0x60016028, 0x62012000, 0x3b826201, 0x63016322, 0x643a7d82, 0x26006501, 0x66016601, 0x67010800, 0x0e006801, 0x69016901,
    0x6b011200, 0x05826c01, 0x6d016d22, 0x6e2e1782, 0x07007001, 0x71017101, 0x72010f00, 0x23827201, 0x76017622, 0x7b340b82, 0x03007b01, 0x7d017d01,
    0x7e012100, 0x11007e01, 0x7f017f01, 0x80283582, 0x0d008101, 0x82018201, 0x83221d82, 0x29828301, 0x85018528, 0x89011600, 0x3b828901, 0x8a018a22,
    0x8b220b82, 0x0b828d01, 0x8e018e22, 0x8f222382, 0x3b828f01, 0x90019022, 0x91220b82, 0x1d829201, 0x95019522, 0x96220b82, 0x0b829601, 0x98019722,
    0x99222982, 0x47829901, 0x9a019a22, 0x9b221782, 0x5f829b01, 0x9d019c22, 0x9f221182, 0x0b829f01, 0xa101a122, 0xa4220b82, 0x2f82a401, 0xa501a522,
    0xa7222382, 0x0582a701, 0xac01ac22, 0xaf22b982, 0xef82af01, 0xb101b02e, 0xb2010100, 0x1300b501, 0xb901b601, 0xba280b82, 0x1000ba01, 0xbb01bb01,
    0xbc280b82, 0x0200be01, 0xbf01bf01, 0xc1221182, 0x0b82c301, 0xc401c422, 0xc5281782, 0x0400c501, 0xc701c601, 0xc8220b82, 0x3b82c801, 0xca01c928,
    0xcb010500, 0x1182cb01, 0xcc01cc22, 0xcd222f82, 0x2f82d001, 0xd301d322, 0xd7220582, 0x1782d901, 0xdb01da22, 0xdd220b82, 0x3b82dd01, 0xde01de22,
    0xdf221182, 0x1182df01, 0xe001e022, 0xe2221182, 0x3582e201, 0xe301e322, 0xe4221782, 0x4d82e401, 0xe601e522, 0xe8221182, 0x0b82e901, 0xea01ea22,
    0xeb220b82, 0x2f82eb01, 0xec01ec22, 0xee222f82, 0x2982ee01, 0xef01ef22, 0xf1221182, 0x2382f101, 0xf201f222, 0xf3221782, 0x1182f301, 0xf401f422,
    0xf7281d82, 0x0800f701, 0xf901f901, 0x3e080582, 0x00fb01fb, 0x01fc0131, 0x011c00fc, 0x00fd01fd, 0x01fe0125, 0x013900fe, 0x00ff01ff, 0x02000238,
    0x02330000, 0x00010201, 0x02030232, 0x02360003, 0x00040204, 0x02050230, 0x021c0005, 0x821a021a, 0x025e2e05, 0x0215005f, 0x00610260, 0x0262021f,
    0x080b8262, 0x66026620, 0x69022900, 0x2f006902, 0x6c026c02, 0x6d023700, 0x22006d02, 0x6e026e02, 0x6f022700, 0x23826f02, 0x70027022, 0x72222f82,
    0x0b827202, 0x76027622, 0x78282f82, 0x28007802, 0x79027902, 0x7a222382, 0x0b827a02, 0x7b027b2e, 0x80023400, 0x35008002, 0x95029402, 0x96282982,
    0x2b009602, 0x98029802, 0x9a2e0582, 0x23009a02, 0x9b029b02, 0x9c022400, 0x0b829c02, 0x9d029d22, 0x9e340b82, 0x2a009f02, 0xa002a002, 0xaa022000,
    0x2e00aa02, 0xad02ad02, 0xc530a782, 0x2500c502, 0xd502c602, 0xf3020b00, 0x2200f302, 0xd422dc82, 0xc5440100, 0x00012a08, 0x0013000e, 0x00140003,
    0x22158215, 0x82170016, 0x0018220b, 0x440b8221, 0x012409c5, 0x2b002400, 0x2c221782, 0x17823800, 0x3b00392c, 0x3c001900, 0x0a004100, 0x01824200,
    0x43000122, 0x2a240182, 0x4a004400, 0x4b221d82, 0x29825400, 0x56005522, 0x57200b82, 0x2108bf44, 0xbf440001, 0x00012409, 0x82670063, 0x00682575,
    0x000b0072, 0x2a09bf44, 0x007a0011, 0x0012007f, 0x82830080, 0x0085228b, 0x4441828a, 0x032209b9, 0x01829a00, 0x9b000722, 0x03240182, 0x9d009c00,
    0x9e221d82, 0x6b829e00, 0xa0009f22, 0xbf440b82, 0x000b2109, 0x2109bf44, 0xbf440015, 0x00032209, 0x220182a9, 0x82aa0007, 0x000b2801, 0x00b600ab,
    0x82b70005, 0x00012801, 0x00cc00b8, 0x82cd0002, 0x44162001, 0xe32008bf, 0xe4285382, 0x1700e700, 0xea00e800, 0xeb250b82, 0x1400ef00, 0x07b94400,
    0x02000023, 0x23008201, 0x02010400, 0x240ec544, 0x01080104, 0x081d820d, 0x0e010e20, 0x0f010100, 0x0f001301, 0x1e011401, 0x1f010900, 0x06002401,
    0x25012501, 0x26011300, 0x0b822b01, 0x2f012c2e, 0x31011800, 0x14003101, 0x32013201, 0x33244d82, 0x05003d01, 0x2206c544, 0x824d0149, 0x014e2241,
    0x2211824e, 0x8252014f, 0x01532253, 0x22118258, 0x82590159, 0x015a220b, 0x2253825a, 0x825c015b, 0x015d2247, 0x2247825d, 0x825e015e, 0x07c54429,
    0x16006226, 0x63016301, 0x642e7d82, 0x22006501, 0x66016601, 0x67010700, 0x41826a01, 0x6c016b28, 0x6d010a00, 0x11826d01, 0x70016e22, 0x712e1182,
    0x11007101, 0x72017201, 0x73012b00, 0x11827401, 0x77017622, 0x79220582, 0x05827a01, 0x2205c544, 0x827d017c, 0x017e300b, 0x0103007e, 0x007f017f,
    0x0180010e, 0x441c0081, 0x11240ac5, 0x84018401, 0x86222382, 0x05828a01, 0x8c018c28, 0x8d011900, 0x6b828d01, 0xb9448e20, 0x010a2408, 0x82940194,
    0x0195223b, 0x22178295, 0x82970197, 0x0198220b, 0x220b8298, 0x82990199, 0x0dbf4483, 0x11829c20, 0x9e019d22, 0xc5444d82, 0x01112409, 0x82a401a3,
    0x0dc54411, 0x1182ad20, 0xaf01af34, 0xb0010500, 0x0200b001, 0xb501b101, 0xb6010400, 0x0b82b901, 0xba01ba28, 0xbb011300, 0x0b82bb01, 0xbf01bc22,
    0xc1281782, 0x1e00c101, 0xc301c201, 0xc4220b82, 0x1782c401, 0xc601c522, 0xc7220b82, 0x0b82c701, 0xc801c82e, 0xc9010f00, 0x0600ca01, 0xcb01cb01,
    0xcc221182, 0x4182cc01, 0xcd01cd22, 0xce282382, 0x0900ce01, 0xd001cf01, 0xd2220b82, 0x0582d301, 0xd401d422, 0xd5222f82, 0x5382d501, 0xd601d622,
    0xd7221182, 0x3582d901, 0xdb01da22, 0xdc280b82, 0x1700dc01, 0xdd01dd01, 0xde22a182, 0x1182de01, 0xe101e122, 0xe2220b82, 0x5382e201, 0xe301e322,
    0xe4222982, 0x6b82e401, 0xe501e522, 0xe6221182, 0x1d82e701, 0xe901e822, 0xea221182, 0x1182ea01, 0xeb01eb22, 0xec227182, 0x1782ed01, 0xee01ee22,
    0xef222f82, 0x4782ef01, 0xf101f122, 0xf2222382, 0xf582f201, 0xf401f322, 0xf5221782, 0xe944f601, 0x072b0806, 0xf901f901, 0xfb010700, 0x1d00fb01,
    0xfc01fc01, 0xfd011a00, 0x3100fd01, 0xfe01fe01, 0xff013500, 0x3400ff01, 0x00020002, 0x82022f00, 0x00230800, 0x0203021a, 0x02330003, 0x00040204,
    0x021a021d, 0x021a001a, 0x005f025e, 0x02600210, 0x021b0061, 0x82620262, 0x6326080b, 0x1f006302, 0x65026502, 0x69022500, 0x2d006902, 0x6c026c02,
    0x6d022900, 0x2e006d02, 0x6e026e02, 0x6f022300, 0x29826f02, 0x70027022, 0x72223582, 0x0b827202, 0x73027322, 0x75223582, 0x35827502, 0x78027828,
    0x79022400, 0x29827902, 0x7a027a22, 0x7b2e0b82, 0x30007b02, 0x81028102, 0x94023200, 0x2f829502, 0x9602962e, 0x97022700, 0x28009702, 0x98029802,
    0x99220b82, 0x0b829902, 0x9a029a2e, 0x9b022000, 0x21009b02, 0x9c029c02, 0x9d220b82, 0x0b829d02, 0x9f029e34, 0xa0022600, 0x1600a002, 0xaa02aa02,
    0xad022c00, 0xbf82ad02, 0xc502c530, 0xc6023600, 0x0800d502, 0xf302f302, 0xee832900, 0x00cc062d, 0x06cc0602, 0x000100d2, 0x8a18021e, 0x82cc2011,
    0x00dc2811, 0x01020000, 0x87c606ce, 0x00002305, 0x1782c606, 0x03ff7728, 0x20040200, 0x0587c006, 0x84c00621, 0x84b02023, 0x83aa2005, 0xc6062105,
    0x5a205984, 0x6583058a, 0x54060222, 0x02226b82, 0x05844e06, 0xd806d222, 0x65824d83, 0xab000122, 0x012f0583, 0x00440113, 0x027a0101, 0x00010025,
    0x828a01c0, 0x011f220b, 0x2205820a, 0x8246012e, 0x01db2211, 0x220b8288, 0x82630164, 0x826a2005, 0x020122ad, 0x21058350, 0x0583a201, 0x84ea0021,
    0x02832611, 0x020100c6, 0x22118453, 0x821202f2, 0x84c32035, 0x84d8200b, 0x84722005, 0x84af2005, 0x84692005, 0x84b72005, 0x84cd2005, 0x84c22005,
    0x848c2005, 0x84d12005, 0x84ba2005, 0x84652005, 0x84d72005, 0x84702005, 0x84d22005, 0x842c2083, 0x01b82295, 0x2265827c, 0x820c019f, 0x02cd2295,
    0x220b826c, 0x821b01e0, 0x019b2205, 0x20118286, 0x21238321, 0x2f849a02, 0x3f026922, 0x84201182, 0x02210b83, 0x202f8428, 0x21058335, 0x3584ac00,
    0x2f849520, 0x17843320, 0x7501a322, 0xc128c582, 0x01000000, 0x22003a03, 0x61200582, 0x02210583, 0x2111831e, 0x0583e600, 0x84400221, 0x84e2200b,
    0x8445200b, 0x0184260b, 0x020100f6, 0x210b8313, 0x05833802, 0x83d90121, 0xd8002135, 0xae200b84, 0xc7201784, 0xd3220b84, 0x01820100, 0x0b84e020,
    0x17846720, 0x0b842e20, 0x03ff7f26, 0x65010100, 0x65200b84, 0x3a200b84, 0x75200b84, 0x78260b84, 0x01006aff, 0x11843102, 0x05844120, 0x05848120,
    0x05856820, 0x5d202384, 0x2b200584, 0x2b201184, 0x3a200b84, 0x73200584, 0x56200584, 0x56201784, 0x80200b84, 0x7b200584, 0x7f201184, 0xfb200584,
    0x95850584, 0x0b843d20, 0x23833d20, 0x85b80021, 0x20118405, 0x200584c1, 0x200584f4, 0x84058439, 0x8d00218f, 0x24204d84, 0x49200584, 0x06201784,
    0x11840585, 0x0b833020, 0x84a60021, 0x8431200b, 0x8495204d, 0x8332200b, 0xa30121d1, 0xa9200584, 0x2d202f84, 0xac200584, 0x86200584, 0xca200584,
    0x7c200584, 0x21200584, 0x57200584, 0xe4200584, 0x50200584, 0x03200583, 0x20057341, 0x201184f1, 0x206b845d, 0x2005849a, 0x20118494, 0x200583d4,
    0x21118402, 0x11846e01, 0x11849220, 0x0b840220, 0x05845f20, 0x05846920, 0x05844020, 0x05845820, 0x05846320, 0x05847720, 0x05848420, 0x53844320,
    0x05849620, 0x1184ec20, 0x05847320, 0x05843e20, 0x05842620, 0x05845520, 0x23842420, 0xd783a620, 0x84280221, 0x844a2011, 0x84462005, 0x84452005,
    0x84322005, 0x84952023, 0x0028260b, 0x01010002, 0x20118433, 0x213583d4, 0x0b831e01, 0x84270121, 0x84352005, 0x848d2017, 0x8480200b, 0x84752005,
    0x00352805, 0x01010058, 0x82050057, 0x84902005, 0x843c2011, 0x84a32005, 0x846d2005, 0x84602005, 0x02672605, 0x020100c6, 0x2105832e, 0x05845f01,
    0x05844520, 0x05838020, 0x840a0321, 0x845a200b, 0x84782005, 0x84312029, 0x8441200b, 0x84812005, 0x84592005, 0x84732005, 0x842b2005, 0x84562005,
    0x84792005, 0x84fb2005, 0x84322005, 0x02e02605, 0x01010018, 0x20058428, 0x200584c1, 0x200584f4, 0x21058339, 0x0b84e700, 0xd0024a25, 0x84000100,
    0x8d002329, 0x2f82b002, 0x1784bc20, 0x0584a920, 0x05842d20, 0x4d848520, 0x0584ac20, 0x05844220, 0x0584ca20, 0x05842120, 0x05845720, 0x0584e420,
    0x05845020, 0xcb847a20, 0xbf841320, 0x1184f120, 0x05844d20, 0x05847c20, 0x05837f20, 0x849a0021, 0x84942005, 0x84ec2011, 0x840e2029, 0x8462200b,
    0x84922005, 0x846e2005, 0x84022017, 0x8463200b, 0x84692005, 0x84402005, 0x84582005, 0x843d2005, 0x846f2005, 0x84842005, 0x84332005, 0x84482005,
    0x8496205f, 0x215f8405, 0xcb842901, 0x05843620, 0x05840d20, 0x05847320, 0x05843e20, 0x05842620, 0x0584ae20, 0x05843220, 0x05835220, 0x84c20221,
    0x84722005, 0x842f2011, 0x83312005, 0xbf002105, 0xb0200b84, 0x67200584, 0xb6261184, 0x0100ce02, 0x11843001, 0x05843c20, 0x05844520, 0x1d844420,
    0xb2028e26, 0x95000100, 0x2a209b84, 0x35201784, 0x25200584, 0x1f200584, 0x33200584, 0x35220584, 0x29821602, 0x0b848d20, 0x2f847d20, 0x70023522,
    0x47225982, 0x0582bd02, 0x11849020, 0x05843c20, 0x0584a320, 0x05846d20, 0xe9846020, 0x0583e020, 0x014a022d, 0x00010086, 0x000c01cb, 0x84620201,
    0x83992005, 0x1803214d, 0x04270583, 0x00000088, 0x836e0401, 0x8a022105, 0x03210583, 0x200584c6, 0x210583ab, 0x1784c800, 0x05844120, 0x05843f20,
    0x17846720, 0x0b84cb20, 0x29846220, 0x6583c620, 0x84ab0321, 0x84c82071, 0x84352071, 0x833f2005, 0x3c02245f, 0x8200b002, 0x9602227d, 0x827d8200,
    0x826d8205, 0x0a380835, 0x18007000, 0x46440200, 0x1001544c, 0x6e74616c, 0x2b001401, 0x4e014601, 0x56028802, 0x56016002, 0x56016a02, 0x66015e01,
    0x76016e01, 0x86017e01, 0x96018e01, 0xa6019e01, 0x54080182, 0x01c601ae, 0x01be01b6, 0x017402c6, 0x017e02ce, 0x01de01d6, 0x01ee01e6, 0x02fe01f6,
    0x020e0206, 0x021e0216, 0x022e0226, 0x023e0236, 0x004e0246, 0x6c61611c, 0x63cc0274, 0x02657361, 0x6d63633c, 0x64e60270, 0x0267696c, 0x6f6e6442,
    0x6648026d, 0x02636172, 0x281082dc, 0x6c4e0261, 0x026c636f, 0x20058454, 0x2005845a, 0x20058460, 0x2d058466, 0x6d756e6c, 0x6f720272, 0x026e6472,
    0x0c8270d4, 0x7378022d, 0x02666e69, 0x3073737e, 0x82840231, 0x02322205, 0x2205828a, 0x82900233, 0x02342205, 0x22058296, 0x829c0235, 0x02362205,
    0x220582a2, 0x82a80237, 0x02382205, 0x2f0582ae, 0x73b40239, 0x02736275, 0x707573ba, 0x74c00273, 0xc6374d83, 0x00004802, 0x0a004402, 0x20455a41,
    0x41435c05, 0x84042054, 0x82545243, 0x414b220b, 0x3405825a, 0x2048414d, 0x4f4dba04, 0x2605204c, 0x20444c4e, 0x4f52f004, 0x200b824d, 0x24298254,
    0x52545c05, 0x2923824b, 0x00000100, 0x2c060100, 0x07830300, 0x854a0521, 0xc002240f, 0x82000200, 0x90022117, 0x18200f86, 0xb4200786, 0xe4220786,
    0x1f840600, 0x0f855a20, 0x86fe0121, 0x86fc2007, 0x85622017, 0x6402210f, 0x01210785, 0x200786ea, 0x200786e8, 0x200786e6, 0x200786e4, 0x200786e2,
    0x230785e0, 0x04005a02, 0x02205f84, 0x01210f85, 0x200786ce, 0x820785cc, 0x000426f9, 0x02010008, 0x8327820e, 0x85462007, 0x22032117, 0x38200786,
    0x01210785, 0x200786a2, 0x210785a0, 0x07853e03, 0x85340221, 0x8e012107, 0x04210785, 0x210785ba, 0x07828401, 0x01001024, 0x7d829201, 0x03820620,
    0x1c020224, 0xd3842e02, 0x36020222, 0x13857582, 0x62025022, 0x6a221386, 0x09827c02, 0x02001026, 0x96028402, 0x00202f82, 0x1f203f82, 0x01220782,
    0x05842000, 0x05841520, 0x05842120, 0x05840920, 0x05840c20, 0x05840b20, 0x05840a20, 0x05840f20, 0x05841420, 0x05841d20, 0x00041228, 0x22000100,
    0x0582fe03, 0xfc032322, 0x24220582, 0x0582fa03, 0xf8032522, 0x26220582, 0x0582f603, 0xf4032722, 0x28220582, 0x0582f203, 0xf0032922, 0x2a200582,
    0x11203b84, 0x13200584, 0x1e200584, 0x02200582, 0x00260984, 0x1a000200, 0x0b821c00, 0x16000326, 0x18001700, 0x04200982, 0x04281382, 0x08000600,
    0xffff0000, 0x73831382, 0x03000236, 0x05000400, 0x0c000600, 0x0e000d00, 0x10000f00, 0x12001100, 0x12816418, 0xec040122, 0x01282782, 0x0700dc04,
    0xd6040100, 0x012a2582, 0x49004a05, 0x44050100, 0x05825300, 0x2a003e22, 0xb8221782, 0x0b82ceff, 0x34003222, 0x22220582, 0x1182f6ff, 0xe0ffe022,
    0x20220b82, 0x0b822000, 0x5e00de22, 0xe2220582, 0x05822f00, 0x1500e622, 0x9e220582, 0x05821e00, 0x03828820, 0x0d84a020, 0x86040122, 0xd4220782,
    0x05820100, 0x0200f624, 0x6f82d604, 0xf4040122, 0x8c220982, 0x05829004, 0xc382ea20, 0xe6003a22, 0xe8201d82, 0x80220d82, 0x05828404, 0x0300fa36,
    0x21032003, 0x02002203, 0x04000205, 0x67006100, 0x13010d01, 0x00260d82, 0x64010400, 0x03836501, 0xfe242782, 0x78020400, 0x012c2986, 0x0400fc04,
    0xb004b404, 0xce04bc04, 0x16202982, 0x8528db82, 0x31018600, 0x19033201, 0x28300f82, 0x94000600, 0x96009500, 0x98009700, 0x03009900, 0x94207182,
    0x00200384, 0x00209b82, 0x11822d82, 0x82340521, 0x00822111, 0x09821189, 0x84700421, 0x820120e7, 0x84072015, 0x82cc2035, 0x865e200f, 0x20118523,
    0x20118290, 0x2011860c, 0x24238419, 0x030100b2, 0x21118bfa, 0x2382f203, 0x11867220, 0x23831b20, 0x82e00321, 0x8a682011, 0x216b8211, 0x13825e03,
    0x83009621, 0x4303206b, 0x042105cf, 0x2011824c, 0x29118684, 0x00820402, 0x0133010c, 0x69180134, 0x012d086b, 0x013b013a, 0x013d013c, 0x040200f2,
    0x271d8264, 0x013f013e, 0x01410140, 0x0d636918, 0x1d82f320, 0x00722008, 0x008b000c, 0x008d008c, 0x008f008e, 0x00910090, 0x01930092, 0x01aa01a9,
    0xff0000ab, 0x841800ff, 0x093f428b, 0x41420820, 0x20359320, 0x2035b409, 0x2035b40b, 0x2035b40a, 0x0835a007, 0x62040143, 0x62031f00, 0x6e036803,
    0x7403ce03, 0x80037a03, 0xd6038603, 0x92038c03, 0x9e039803, 0xaa03a403, 0xb603b003, 0xc203bc03, 0x54044604, 0xf203e603, 0x0a04fe03, 0x22041604,
    0x3a042e04, 0xc803de03, 0x05e64400, 0x07820120, 0x03820220, 0x03820320, 0x00000424, 0x03820501, 0x00000624, 0x03820701, 0x00082508, 0x003c0402,
    0x009a0036, 0x009c009b, 0x009e009d, 0x00a0009f, 0x00a200a1, 0x00a400a3, 0x00a600a5, 0x01a800a7, 0x23136b18, 0xad01ac30, 0xf401ae01, 0xf601f501,
    0x70026f02, 0x68187102, 0x792a0c5b, 0x23037a02, 0x32032403, 0x71823303, 0x71003a24, 0x73886401, 0x20071143, 0x06194299, 0x27061542, 0x85003a00,
    0x65018600, 0x872a8d82, 0x89008800, 0x61008a00, 0x998e6700, 0x50014f2e, 0x52015101, 0x55015401, 0x57015601, 0x2a063b6d, 0x0132014d, 0x01590165,
    0x1813010d, 0x240cb76b, 0x01a901ac, 0x21a587ab, 0x6918fc01, 0x691812fd, 0xcd8f13bd, 0x7a023a2a, 0xf502f402, 0xf702f602, 0x0b8d6718, 0x1920df84,
    0x84050944, 0x000125e7, 0x006c0201, 0x67240583, 0x2c040100, 0x00210983, 0x200582d9, 0x25798302, 0x68040200, 0x13847804, 0x1d824520, 0x03822820,
    0x03823220, 0x03820e20, 0x02001022, 0x1c263982, 0x00002502, 0x21820200, 0xef00eb22, 0x58220986, 0x09855b00, 0x02df0223, 0x220982e8, 0x82020001,
    0x82e42051, 0x82cd2005, 0x00022407, 0x84eb00cd, 0x0230223b, 0x821d8239, 0xfc01233b, 0x27850502, 0x01610124, 0x2f830062, 0xe4003922, 0x01360784,
    0x01006800, 0x0300aa03, 0xce03c803, 0x0300d403, 0xf8030604, 0x1b82d203, 0x1c03032c, 0x1f031e03, 0x0e040400, 0x1582fe03, 0x1382ee20, 0x5f000428,
    0x0b016600, 0x0b841201, 0x4b000126, 0xf700ab00, 0x02210b83, 0x2a2d866e, 0x00040001, 0x020f01cd, 0x84cd027b, 0x863a20f3, 0x84ab2065, 0x844b2007,
    0x8401202d, 0x00052a7b, 0x00480042, 0x03f400ee, 0x456d8418, 0xf3820665, 0x2f022634, 0x01000000, 0x24000600, 0x27002500, 0x29002800, 0x50182a00,
    0x022012ff, 0xb5207d82, 0xaf242882, 0x0b00af01, 0x04201f82, 0xaa203382, 0x66300f82, 0xaa00ae01, 0xf801f701, 0xfb01f300, 0xf500fb01, 0x0c381782,
    0x31002f00, 0x33003200, 0x35003400, 0x37003600, 0x91013800, 0xa4019201, 0x98223782, 0x05829e00, 0x9f008e22, 0x8f280582, 0x0200a000, 0x3f013401,
    0x35220582, 0x05824001, 0x41013622, 0x37220582, 0x05824201, 0x44013922, 0x3a220582, 0x05824501, 0x46013b22, 0x3c220582, 0x05824701, 0x48013d22,
    0xde223b82, 0x05825301, 0x5801e622, 0x31221182, 0x05824c01, 0xad01aa22, 0xf2300582, 0x0200f301, 0x79027802, 0x64010300, 0x3e013301, 0x38280782,
    0x4e014301, 0x6e020300, 0x772c1782, 0x47020500, 0x32025102, 0x1e022802, 0x48280b82, 0x33025202, 0x1f022902, 0x49280b82, 0x34025302, 0x20022a02,
    0x4a280b82, 0x35025402, 0x21022b02, 0x4b280b82, 0x36025502, 0x22022c02, 0x4c280b82, 0x37025602, 0x23022d02, 0x4d280b82, 0x38025702, 0x24022e02,
    0x4e360b82, 0x39025802, 0x25022f02, 0x45020600, 0x30024f02, 0x1c022602, 0x0d821a02, 0x02463408, 0x02310250, 0x021d0227, 0x0001001b, 0x0029001f,
    0x00340033, 0x00ac00ab, 0x00ae00ad, 0x00b000af, 0x00b200b1, 0x00b400b3, 0x00d900b5, 0x01ee00e4, 0x43af0192, 0x67221429, 0x41826e02, 0x06003628,
    0x1c001300, 0x49861d00, 0x6c004e2e, 0x7d007700, 0x8e008300, 0x98008f00, 0xbd264f82, 0xc700c600, 0x4d82d300, 0xde00dd26, 0xe300e100, 0xfa2e5582,
    0x23011801, 0x2f012901, 0x43013801, 0x63827001, 0xb901aa28, 0xdb01da01, 0x6c185e02, 0x6e2a10cb, 0x0b037802, 0x25030c03, 0x6f822603, 0x03827120,
    0x24217187, 0x05234200, 0xe1412a20, 0x06dd4106, 0x00390035, 0x00480042, 0x004e004b, 0x00590058, 0x005b005a, 0x8e66005f, 0x87958797, 0x00eb3093,
    0x00ed00ec, 0x00f400ef, 0x01fa00f7, 0x8e12010b, 0x019123a1, 0xa38701a4, 0x18021c21, 0x1811f56d, 0x8f13e16d, 0x026c29cb, 0x02df0278, 0x02e102e0,
    0x0c3f6c18, 0x1820dd84, 0x83054543, 0xb8022be5, 0xf7000300, 0xa9005e02, 0xd9820200, 0x0583aa20, 0x00630125, 0x820f0102, 0x823120fb, 0x84002003,
    0x82102003, 0x89db2005, 0x6001210d, 0xcd222782, 0x05826101, 0x6201d922, 0xeb260582, 0x02005d02, 0x2182cc02, 0x0382eb20, 0x83000121, 0x00002205,
    0x200b820d, 0x830f843f, 0x00002c05, 0x005c020e, 0x027b0203, 0x82a202cc, 0x027b242d, 0x8204005b, 0x200f830d, 0x201786a5, 0x220784a3, 0x86a4027b,
    0x007b2119, 0x01200083, 0x03820483, 0x03822820, 0x6c640224, 0x0b86676e, 0x85730421, 0x002c2c0b, 0x4c030000, 0x436e7461, 0x05007279, 0x1fe538fa,
    0x00000072,
};
